ply
format ascii 1.0
element vertex 20171
property float x
property float y
property float z
property uchar red
property uchar green
property uchar blue
end_header
-0.018525 -0.000083 0.006325 7 7 7
-0.018525 -0.000083 0.006325 7 7 7
-0.018524 -0.000083 0.006325 7 7 7
-0.018524 -0.000083 0.006325 7 7 7
-0.018524 -0.000083 0.006325 6 6 6
-0.018524 -0.000083 0.006325 7 7 7
-0.018524 -0.000083 0.006325 7 7 7
-0.018523 -0.000083 0.006325 7 7 7
-0.018523 -0.000083 0.006325 7 7 7
-0.018523 -0.000083 0.006325 7 7 7
-0.018523 -0.000083 0.006325 7 7 7
-0.018522 -0.000083 0.006325 7 7 7
-0.018522 -0.000083 0.006325 7 7 7
-0.018522 -0.000083 0.006325 7 7 7
-0.018522 -0.000083 0.006325 7 7 7
-0.018522 -0.000083 0.006325 7 7 7
-0.018521 -0.000083 0.006325 7 7 7
-0.018509 -0.000083 0.006321 7 7 7
-0.018509 -0.000083 0.006321 7 7 7
-0.018509 -0.000083 0.006321 7 7 7
-0.018508 -0.000083 0.006321 7 7 7
-0.018508 -0.000083 0.006321 7 7 7
-0.018508 -0.000083 0.006321 7 7 7
-0.018508 -0.000083 0.006321 7 7 7
-0.018520 -0.000083 0.006325 7 7 7
-0.018519 -0.000083 0.006325 7 7 7
-0.018519 -0.000083 0.006325 7 7 7
-0.018519 -0.000083 0.006325 7 7 7
-0.018519 -0.000083 0.006325 7 7 7
-0.018519 -0.000083 0.006325 7 7 7
-0.018518 -0.000083 0.006325 7 7 7
-0.018518 -0.000083 0.006325 7 7 7
-0.018518 -0.000083 0.006325 7 7 7
-0.018518 -0.000083 0.006325 7 7 7
-0.018517 -0.000083 0.006325 7 7 7
-0.018517 -0.000083 0.006325 7 7 7
-0.018517 -0.000083 0.006325 7 7 7
-0.018517 -0.000083 0.006325 7 7 7
-0.018517 -0.000083 0.006325 7 7 7
-0.018516 -0.000083 0.006325 7 7 7
-0.018516 -0.000083 0.006325 7 7 7
-0.018516 -0.000083 0.006325 7 7 7
-0.018516 -0.000083 0.006325 7 7 7
-0.018516 -0.000083 0.006325 7 7 7
-0.018515 -0.000083 0.006325 7 7 7
-0.018515 -0.000083 0.006325 7 7 7
-0.018515 -0.000083 0.006325 7 7 7
-0.018515 -0.000083 0.006325 7 7 7
-0.018514 -0.000083 0.006325 7 7 7
-0.018514 -0.000083 0.006325 7 7 7
-0.018514 -0.000083 0.006325 7 7 7
-0.018514 -0.000083 0.006325 7 7 7
-0.018514 -0.000083 0.006325 7 7 7
-0.018513 -0.000083 0.006325 7 7 7
-0.018513 -0.000083 0.006325 7 7 7
-0.018513 -0.000083 0.006325 7 7 7
-0.018513 -0.000083 0.006325 7 7 7
-0.018513 -0.000083 0.006325 7 7 7
-0.018512 -0.000083 0.006325 7 7 7
-0.018512 -0.000083 0.006325 7 7 7
-0.018512 -0.000083 0.006325 7 7 7
-0.018512 -0.000083 0.006325 7 7 7
-0.018511 -0.000083 0.006325 7 7 7
-0.018511 -0.000083 0.006325 7 7 7
-0.018511 -0.000083 0.006325 7 7 7
-0.018511 -0.000083 0.006325 7 7 7
-0.018511 -0.000083 0.006325 7 7 7
-0.018510 -0.000083 0.006325 7 7 7
-0.018510 -0.000083 0.006325 7 7 7
-0.018510 -0.000083 0.006325 7 7 7
-0.018510 -0.000083 0.006325 7 7 7
-0.018510 -0.000083 0.006325 7 7 7
-0.018509 -0.000083 0.006325 7 7 7
-0.018509 -0.000083 0.006325 7 7 7
-0.018509 -0.000083 0.006325 7 7 7
-0.018509 -0.000083 0.006325 7 7 7
-0.018508 -0.000083 0.006325 7 7 7
-0.018508 -0.000083 0.006325 7 7 7
-0.018508 -0.000083 0.006325 7 7 7
-0.018508 -0.000083 0.006325 7 7 7
-0.018508 -0.000083 0.006325 7 7 7
-0.018507 -0.000083 0.006325 7 7 7
-0.018507 -0.000083 0.006325 7 7 7
-0.018507 -0.000083 0.006325 7 7 7
-0.018507 -0.000083 0.006325 7 7 7
-0.018506 -0.000083 0.006325 7 7 7
-0.018506 -0.000083 0.006325 7 7 7
-0.018506 -0.000083 0.006325 7 7 7
-0.018506 -0.000083 0.006325 7 7 7
-0.018506 -0.000083 0.006325 7 7 7
-0.018505 -0.000083 0.006325 7 7 7
-0.018505 -0.000083 0.006325 7 7 7
-0.018505 -0.000083 0.006325 7 7 7
-0.018505 -0.000083 0.006325 7 7 7
-0.018505 -0.000083 0.006325 7 7 7
-0.018504 -0.000083 0.006325 7 7 7
-0.018504 -0.000083 0.006325 7 7 7
-0.018504 -0.000083 0.006325 7 7 7
-0.018504 -0.000083 0.006325 7 7 7
-0.018503 -0.000083 0.006325 7 7 7
-0.018503 -0.000083 0.006325 7 7 7
-0.018503 -0.000083 0.006325 7 7 7
-0.018503 -0.000083 0.006325 7 7 7
-0.018503 -0.000083 0.006325 7 7 7
-0.018905 -0.000087 0.006463 7 7 7
-0.018920 -0.000088 0.006468 7 7 7
-0.018904 -0.000087 0.006463 7 7 7
-0.018538 -0.000083 0.006337 7 7 7
-0.018513 -0.000083 0.006329 7 7 7
-0.018501 -0.000083 0.006325 7 7 7
-0.018501 -0.000083 0.006325 7 7 7
-0.018501 -0.000083 0.006325 7 7 7
-0.018500 -0.000083 0.006325 7 7 7
-0.018500 -0.000083 0.006325 7 7 7
-0.018500 -0.000083 0.006325 7 7 7
-0.018500 -0.000083 0.006325 7 7 7
-0.018500 -0.000083 0.006325 7 7 7
-0.018499 -0.000083 0.006325 7 7 7
-0.018499 -0.000083 0.006325 7 7 7
-0.018499 -0.000083 0.006325 7 7 7
-0.018499 -0.000083 0.006325 7 7 7
-0.018499 -0.000083 0.006325 7 7 7
-0.018498 -0.000083 0.006325 7 7 7
-0.018498 -0.000083 0.006325 7 7 7
-0.018498 -0.000083 0.006325 7 7 7
-0.018498 -0.000083 0.006325 7 7 7
-0.018497 -0.000083 0.006325 7 7 7
-0.018497 -0.000083 0.006325 7 7 7
-0.018497 -0.000083 0.006325 7 7 7
-0.018497 -0.000083 0.006325 7 7 7
-0.018497 -0.000083 0.006325 7 7 7
-0.018496 -0.000083 0.006325 7 7 7
-0.018496 -0.000083 0.006325 7 7 7
-0.018496 -0.000083 0.006325 7 7 7
-0.018496 -0.000083 0.006325 7 7 7
-0.018495 -0.000083 0.006325 7 7 7
-0.018495 -0.000083 0.006325 7 7 7
-0.018495 -0.000083 0.006325 7 7 7
-0.018495 -0.000083 0.006325 7 7 7
-0.018495 -0.000083 0.006325 7 7 7
-0.018494 -0.000083 0.006325 7 7 7
-0.018494 -0.000083 0.006325 7 7 7
-0.018494 -0.000083 0.006325 7 7 7
-0.018494 -0.000083 0.006325 7 7 7
-0.018494 -0.000083 0.006325 7 7 7
-0.018493 -0.000083 0.006325 7 7 7
-0.018493 -0.000083 0.006325 7 7 7
-0.018493 -0.000083 0.006325 7 7 7
-0.018493 -0.000083 0.006325 7 7 7
-0.018492 -0.000083 0.006325 7 7 7
-0.018492 -0.000083 0.006325 7 7 7
-0.018492 -0.000083 0.006325 7 7 7
-0.018492 -0.000083 0.006325 7 7 7
-0.018492 -0.000083 0.006325 7 7 7
-0.018491 -0.000083 0.006325 7 7 7
-0.018491 -0.000083 0.006325 7 7 7
-0.018491 -0.000083 0.006325 7 7 7
-0.018491 -0.000083 0.006325 7 7 7
-0.018491 -0.000083 0.006325 7 7 7
-0.018490 -0.000083 0.006325 7 7 7
-0.018490 -0.000083 0.006325 7 7 7
-0.018490 -0.000083 0.006325 7 7 7
-0.018490 -0.000083 0.006325 7 7 7
-0.018489 -0.000083 0.006325 7 7 7
-0.018489 -0.000083 0.006325 7 7 7
-0.018489 -0.000083 0.006325 7 7 7
-0.018489 -0.000083 0.006325 7 7 7
-0.018489 -0.000083 0.006325 7 7 7
-0.018488 -0.000083 0.006325 7 7 7
-0.018488 -0.000083 0.006325 7 7 7
-0.018488 -0.000083 0.006325 7 7 7
-0.018488 -0.000083 0.006325 7 7 7
-0.018488 -0.000083 0.006325 7 7 7
-0.018487 -0.000083 0.006325 7 7 7
-0.018487 -0.000083 0.006325 7 7 7
-0.018487 -0.000083 0.006325 7 7 7
-0.018487 -0.000083 0.006325 7 7 7
-0.018486 -0.000083 0.006325 7 7 7
-0.018486 -0.000083 0.006325 7 7 7
-0.018486 -0.000083 0.006325 7 7 7
-0.018486 -0.000083 0.006325 7 7 7
-0.018486 -0.000083 0.006325 7 7 7
-0.018485 -0.000083 0.006325 7 7 7
-0.018485 -0.000083 0.006325 7 7 7
-0.018485 -0.000083 0.006325 7 7 7
-0.018485 -0.000083 0.006325 7 7 7
-0.018484 -0.000083 0.006325 7 7 7
-0.018484 -0.000083 0.006325 7 7 7
-0.018484 -0.000083 0.006325 7 7 7
-0.018484 -0.000083 0.006325 7 7 7
-0.018484 -0.000083 0.006325 7 7 7
-0.018483 -0.000083 0.006325 7 7 7
-0.018483 -0.000083 0.006325 7 7 7
-0.018483 -0.000083 0.006325 7 7 7
-0.018483 -0.000083 0.006325 7 7 7
-0.018483 -0.000083 0.006325 7 7 7
-0.018482 -0.000083 0.006325 7 7 7
-0.018482 -0.000083 0.006325 7 7 7
-0.018482 -0.000083 0.006325 7 7 7
-0.018482 -0.000083 0.006325 7 7 7
-0.018481 -0.000083 0.006325 7 7 7
-0.018481 -0.000083 0.006325 7 7 7
-0.018481 -0.000083 0.006325 7 7 7
-0.018481 -0.000083 0.006325 7 7 7
-0.018481 -0.000083 0.006325 7 7 7
-0.018480 -0.000083 0.006325 7 7 7
-0.018480 -0.000083 0.006325 7 7 7
-0.018525 -0.000083 0.006325 7 7 7
-0.018501 -0.000082 0.006317 7 7 7
-0.018512 -0.000082 0.006321 7 7 7
-0.018524 -0.000083 0.006325 7 7 7
-0.018524 -0.000083 0.006325 7 7 7
-0.018524 -0.000083 0.006325 7 7 7
-0.018524 -0.000083 0.006325 7 7 7
-0.018523 -0.000083 0.006325 7 7 7
-0.018523 -0.000083 0.006325 7 7 7
-0.018523 -0.000083 0.006325 7 7 7
-0.018523 -0.000083 0.006325 7 7 7
-0.018522 -0.000083 0.006325 7 7 7
-0.018522 -0.000083 0.006325 7 7 7
-0.018522 -0.000083 0.006325 7 7 7
-0.018522 -0.000083 0.006325 7 7 7
-0.018522 -0.000083 0.006325 7 7 7
-0.018509 -0.000082 0.006321 7 7 7
-0.018509 -0.000082 0.006321 7 7 7
-0.018509 -0.000082 0.006321 7 7 7
-0.018509 -0.000082 0.006321 7 7 7
-0.018508 -0.000082 0.006321 7 7 7
-0.018508 -0.000082 0.006321 7 7 7
-0.018508 -0.000082 0.006321 7 7 7
-0.018508 -0.000082 0.006321 7 7 7
-0.018520 -0.000083 0.006325 7 7 7
-0.018519 -0.000083 0.006325 7 7 7
-0.018519 -0.000083 0.006325 7 7 7
-0.018531 -0.000083 0.006329 7 7 7
-0.018519 -0.000083 0.006325 7 7 7
-0.018519 -0.000083 0.006325 7 7 7
-0.018518 -0.000083 0.006325 7 7 7
-0.018518 -0.000083 0.006325 7 7 7
-0.018518 -0.000083 0.006325 7 7 7
-0.018518 -0.000083 0.006325 7 7 7
-0.018517 -0.000083 0.006325 7 7 7
-0.018517 -0.000083 0.006325 7 7 7
-0.018517 -0.000083 0.006325 7 7 7
-0.018517 -0.000083 0.006325 7 7 7
-0.018505 -0.000082 0.006321 7 7 7
-0.018504 -0.000082 0.006321 7 7 7
-0.018504 -0.000082 0.006321 7 7 7
-0.018504 -0.000082 0.006321 7 7 7
-0.018504 -0.000082 0.006321 7 7 7
-0.018504 -0.000082 0.006321 7 7 7
-0.018503 -0.000082 0.006321 7 7 7
-0.018515 -0.000083 0.006325 7 7 7
-0.018515 -0.000083 0.006325 7 7 7
-0.018515 -0.000083 0.006325 7 7 7
-0.018514 -0.000083 0.006325 7 7 7
-0.018514 -0.000083 0.006325 7 7 7
-0.018514 -0.000083 0.006325 7 7 7
-0.018514 -0.000083 0.006325 7 7 7
-0.018514 -0.000083 0.006325 7 7 7
-0.018513 -0.000083 0.006325 7 7 7
-0.018513 -0.000083 0.006325 7 7 7
-0.018513 -0.000083 0.006325 7 7 7
-0.018513 -0.000083 0.006325 7 7 7
-0.018513 -0.000083 0.006325 7 7 7
-0.018512 -0.000083 0.006325 7 7 7
-0.018512 -0.000083 0.006325 7 7 7
-0.018512 -0.000083 0.006325 7 7 7
-0.018512 -0.000083 0.006325 7 7 7
-0.018511 -0.000083 0.006325 7 7 7
-0.018511 -0.000083 0.006325 7 7 7
-0.018511 -0.000083 0.006325 7 7 7
-0.018511 -0.000083 0.006325 7 7 7
-0.018511 -0.000083 0.006325 7 7 7
-0.018510 -0.000083 0.006325 7 7 7
-0.018510 -0.000083 0.006325 7 7 7
-0.018510 -0.000083 0.006325 7 7 7
-0.018510 -0.000083 0.006325 7 7 7
-0.018510 -0.000083 0.006325 7 7 7
-0.018509 -0.000083 0.006325 7 7 7
-0.018509 -0.000083 0.006325 7 7 7
-0.018509 -0.000083 0.006325 7 7 7
-0.018509 -0.000083 0.006325 7 7 7
-0.018508 -0.000083 0.006325 7 7 7
-0.018508 -0.000083 0.006325 7 7 7
-0.018508 -0.000083 0.006325 7 7 7
-0.018508 -0.000083 0.006325 7 7 7
-0.018508 -0.000083 0.006325 7 7 7
-0.018507 -0.000083 0.006325 7 7 7
-0.018507 -0.000083 0.006325 7 7 7
-0.018507 -0.000083 0.006325 7 7 7
-0.018507 -0.000083 0.006325 7 7 7
-0.018506 -0.000083 0.006325 7 7 7
-0.018506 -0.000083 0.006325 7 7 7
-0.018506 -0.000083 0.006325 7 7 7
-0.018506 -0.000083 0.006325 7 7 7
-0.018506 -0.000083 0.006325 6 6 6
-0.018505 -0.000083 0.006325 7 7 7
-0.018505 -0.000083 0.006325 7 7 7
-0.018505 -0.000083 0.006325 7 7 7
-0.018505 -0.000083 0.006325 7 7 7
-0.018505 -0.000083 0.006325 7 7 7
-0.018504 -0.000083 0.006325 7 7 7
-0.018504 -0.000083 0.006325 7 7 7
-0.018504 -0.000083 0.006325 7 7 7
-0.018504 -0.000083 0.006325 7 7 7
-0.018503 -0.000083 0.006325 7 7 7
-0.018503 -0.000083 0.006325 7 7 7
-0.018503 -0.000083 0.006325 7 7 7
-0.018503 -0.000083 0.006325 7 7 7
-0.018890 -0.000087 0.006457 7 7 7
-0.018905 -0.000087 0.006463 7 7 7
-0.018920 -0.000087 0.006468 7 7 7
-0.018920 -0.000087 0.006468 7 7 7
-0.018919 -0.000087 0.006468 7 7 7
-0.018904 -0.000087 0.006463 7 7 7
-0.018538 -0.000083 0.006337 7 7 7
-0.018513 -0.000083 0.006329 7 7 7
-0.018501 -0.000083 0.006325 7 7 7
-0.018501 -0.000083 0.006325 7 7 7
-0.018500 -0.000083 0.006325 7 7 7
-0.018500 -0.000083 0.006325 7 7 7
-0.018500 -0.000083 0.006325 7 7 7
-0.018500 -0.000083 0.006325 7 7 7
-0.018500 -0.000083 0.006325 7 7 7
-0.018499 -0.000083 0.006325 7 7 7
-0.018499 -0.000083 0.006325 7 7 7
-0.018499 -0.000083 0.006325 7 7 7
-0.018499 -0.000083 0.006325 7 7 7
-0.018499 -0.000083 0.006325 7 7 7
-0.018498 -0.000083 0.006325 7 7 7
-0.018498 -0.000083 0.006325 7 7 7
-0.018498 -0.000083 0.006325 7 7 7
-0.018498 -0.000083 0.006325 7 7 7
-0.018497 -0.000083 0.006325 7 7 7
-0.018497 -0.000083 0.006325 7 7 7
-0.018497 -0.000083 0.006325 7 7 7
-0.018497 -0.000083 0.006325 7 7 7
-0.018497 -0.000083 0.006325 7 7 7
-0.018496 -0.000083 0.006325 7 7 7
-0.018496 -0.000083 0.006325 7 7 7
-0.018496 -0.000083 0.006325 7 7 7
-0.018496 -0.000083 0.006325 7 7 7
-0.018495 -0.000083 0.006325 7 7 7
-0.018495 -0.000083 0.006325 7 7 7
-0.018495 -0.000083 0.006325 7 7 7
-0.018495 -0.000083 0.006325 7 7 7
-0.018495 -0.000083 0.006325 7 7 7
-0.018494 -0.000083 0.006325 7 7 7
-0.018494 -0.000083 0.006325 7 7 7
-0.018494 -0.000083 0.006325 7 7 7
-0.018494 -0.000083 0.006325 7 7 7
-0.018494 -0.000083 0.006325 7 7 7
-0.018493 -0.000083 0.006325 7 7 7
-0.018493 -0.000083 0.006325 7 7 7
-0.018493 -0.000083 0.006325 7 7 7
-0.018493 -0.000083 0.006325 7 7 7
-0.018492 -0.000083 0.006325 7 7 7
-0.018492 -0.000083 0.006325 7 7 7
-0.018492 -0.000083 0.006325 7 7 7
-0.018492 -0.000083 0.006325 7 7 7
-0.018492 -0.000083 0.006325 7 7 7
-0.018491 -0.000083 0.006325 7 7 7
-0.018491 -0.000083 0.006325 7 7 7
-0.018491 -0.000083 0.006325 7 7 7
-0.018491 -0.000083 0.006325 7 7 7
-0.018491 -0.000083 0.006325 7 7 7
-0.018490 -0.000083 0.006325 7 7 7
-0.018490 -0.000083 0.006325 7 7 7
-0.018490 -0.000083 0.006325 7 7 7
-0.018490 -0.000083 0.006325 7 7 7
-0.018489 -0.000083 0.006325 7 7 7
-0.018489 -0.000083 0.006325 7 7 7
-0.018489 -0.000083 0.006325 7 7 7
-0.018489 -0.000083 0.006325 7 7 7
-0.018489 -0.000083 0.006325 7 7 7
-0.018488 -0.000083 0.006325 7 7 7
-0.018488 -0.000083 0.006325 7 7 7
-0.018488 -0.000083 0.006325 7 7 7
-0.018488 -0.000083 0.006325 7 7 7
-0.018488 -0.000083 0.006325 7 7 7
-0.018487 -0.000083 0.006325 7 7 7
-0.018487 -0.000083 0.006325 7 7 7
-0.018487 -0.000083 0.006325 7 7 7
-0.018487 -0.000083 0.006325 7 7 7
-0.018486 -0.000083 0.006325 7 7 7
-0.018486 -0.000083 0.006325 7 7 7
-0.018486 -0.000083 0.006325 7 7 7
-0.018486 -0.000083 0.006325 7 7 7
-0.018486 -0.000083 0.006325 7 7 7
-0.018485 -0.000083 0.006325 7 7 7
-0.018485 -0.000083 0.006325 7 7 7
-0.018485 -0.000083 0.006325 7 7 7
-0.018485 -0.000083 0.006325 7 7 7
-0.018484 -0.000083 0.006325 7 7 7
-0.018484 -0.000083 0.006325 7 7 7
-0.018484 -0.000083 0.006325 7 7 7
-0.018484 -0.000083 0.006325 7 7 7
-0.018484 -0.000083 0.006325 7 7 7
-0.018483 -0.000083 0.006325 7 7 7
-0.018483 -0.000083 0.006325 7 7 7
-0.018483 -0.000083 0.006325 7 7 7
-0.018483 -0.000083 0.006325 7 7 7
-0.018483 -0.000083 0.006325 7 7 7
-0.018482 -0.000083 0.006325 7 7 7
-0.018482 -0.000083 0.006325 7 7 7
-0.018482 -0.000083 0.006325 7 7 7
-0.018482 -0.000083 0.006325 7 7 7
-0.018481 -0.000083 0.006325 7 7 7
-0.018481 -0.000083 0.006325 7 7 7
-0.018481 -0.000083 0.006325 7 7 7
-0.018481 -0.000083 0.006325 7 7 7
-0.018481 -0.000083 0.006325 7 7 7
-0.018480 -0.000083 0.006325 7 7 7
-0.018851 -0.000087 0.006452 7 7 7
-0.018501 -0.000082 0.006317 7 7 7
-0.018045 -0.000077 0.006162 7 7 7
-0.018045 -0.000077 0.006162 7 7 7
-0.018512 -0.000082 0.006321 7 7 7
-0.018512 -0.000082 0.006321 7 7 7
-0.018524 -0.000082 0.006325 7 7 7
-0.018524 -0.000082 0.006325 7 7 7
-0.018523 -0.000082 0.006325 7 7 7
-0.018511 -0.000082 0.006321 7 7 7
-0.018511 -0.000082 0.006321 7 7 7
-0.018511 -0.000082 0.006321 7 7 7
-0.018510 -0.000082 0.006321 7 7 7
-0.018510 -0.000082 0.006321 7 7 7
-0.018510 -0.000082 0.006321 7 7 7
-0.018510 -0.000082 0.006321 7 7 7
-0.018510 -0.000082 0.006321 7 7 7
-0.017922 -0.000076 0.006121 7 7 7
-0.017921 -0.000076 0.006121 7 7 7
-0.018473 -0.000082 0.006309 7 7 7
-0.018497 -0.000082 0.006317 7 7 7
-0.018497 -0.000082 0.006317 7 7 7
-0.018508 -0.000082 0.006321 7 7 7
-0.018508 -0.000082 0.006321 7 7 7
-0.018508 -0.000082 0.006321 7 7 7
-0.018508 -0.000082 0.006321 7 7 7
-0.018519 -0.000082 0.006325 7 7 7
-0.018519 -0.000082 0.006325 7 7 7
-0.018519 -0.000082 0.006325 7 7 7
-0.018507 -0.000082 0.006321 7 7 7
-0.018507 -0.000082 0.006321 7 7 7
-0.018506 -0.000082 0.006321 7 7 7
-0.018506 -0.000082 0.006321 7 7 7
-0.018506 -0.000082 0.006321 7 7 7
-0.018506 -0.000082 0.006321 7 7 7
-0.018505 -0.000082 0.006321 7 7 7
-0.018505 -0.000082 0.006321 7 7 7
-0.018505 -0.000082 0.006321 7 7 7
-0.018505 -0.000082 0.006321 7 7 7
-0.018334 -0.000080 0.006262 7 7 7
-0.018334 -0.000080 0.006262 7 7 7
-0.018333 -0.000080 0.006262 7 7 7
-0.018322 -0.000080 0.006259 7 7 7
-0.018322 -0.000080 0.006259 7 7 7
-0.018333 -0.000080 0.006262 7 7 7
-0.018332 -0.000080 0.006262 7 7 7
-0.018503 -0.000082 0.006321 7 7 7
-0.018503 -0.000082 0.006321 7 7 7
-0.018503 -0.000082 0.006321 7 7 7
-0.018502 -0.000082 0.006321 7 7 7
-0.018502 -0.000082 0.006321 7 7 7
-0.018502 -0.000082 0.006321 7 7 7
-0.018502 -0.000082 0.006321 7 7 7
-0.018502 -0.000082 0.006321 7 7 7
-0.018501 -0.000082 0.006321 7 7 7
-0.018501 -0.000082 0.006321 7 7 7
-0.018501 -0.000082 0.006321 7 7 7
-0.018501 -0.000082 0.006321 7 7 7
-0.018501 -0.000082 0.006321 7 7 7
-0.018500 -0.000082 0.006321 7 7 7
-0.018500 -0.000082 0.006321 7 7 7
-0.018500 -0.000082 0.006321 7 7 7
-0.018500 -0.000082 0.006321 7 7 7
-0.018499 -0.000082 0.006321 7 7 7
-0.018499 -0.000082 0.006321 7 7 7
-0.018499 -0.000082 0.006321 7 7 7
-0.018499 -0.000082 0.006321 7 7 7
-0.018499 -0.000082 0.006321 7 7 7
-0.018498 -0.000082 0.006321 7 7 7
-0.018498 -0.000082 0.006321 7 7 7
-0.018498 -0.000082 0.006321 7 7 7
-0.018498 -0.000082 0.006321 7 7 7
-0.018498 -0.000082 0.006321 7 7 7
-0.018497 -0.000082 0.006321 7 7 7
-0.018497 -0.000082 0.006321 7 7 7
-0.018497 -0.000082 0.006321 7 7 7
-0.018497 -0.000082 0.006321 7 7 7
-0.018496 -0.000082 0.006321 7 7 7
-0.018496 -0.000082 0.006321 7 7 7
-0.018496 -0.000082 0.006321 7 7 7
-0.018496 -0.000082 0.006321 7 7 7
-0.018496 -0.000082 0.006321 7 7 7
-0.018495 -0.000082 0.006321 7 7 7
-0.018495 -0.000082 0.006321 7 7 7
-0.018495 -0.000082 0.006321 7 7 7
-0.018495 -0.000082 0.006321 7 7 7
-0.018494 -0.000082 0.006321 7 7 7
-0.018494 -0.000082 0.006321 7 7 7
-0.018494 -0.000082 0.006321 7 7 7
-0.018494 -0.000082 0.006321 7 7 7
-0.018494 -0.000082 0.006321 7 7 7
-0.018493 -0.000082 0.006321 7 7 7
-0.018493 -0.000082 0.006321 7 7 7
-0.018493 -0.000082 0.006321 7 7 7
-0.018493 -0.000082 0.006321 7 7 7
-0.018493 -0.000082 0.006321 7 7 7
-0.018492 -0.000082 0.006321 7 7 7
-0.018492 -0.000082 0.006321 7 7 7
-0.018492 -0.000082 0.006321 7 7 7
-0.018492 -0.000082 0.006321 7 7 7
-0.018491 -0.000082 0.006321 7 7 7
-0.018491 -0.000082 0.006321 7 7 7
-0.018503 -0.000082 0.006325 7 7 7
-0.018503 -0.000082 0.006325 7 7 7
-0.018876 -0.000087 0.006452 7 7 7
-0.018890 -0.000087 0.006457 7 7 7
-0.018905 -0.000087 0.006463 7 7 7
-0.018905 -0.000087 0.006463 7 7 7
-0.018919 -0.000087 0.006468 7 7 7
-0.018904 -0.000087 0.006463 7 7 7
-0.018538 -0.000083 0.006337 7 7 7
-0.018513 -0.000083 0.006329 7 7 7
-0.018501 -0.000082 0.006325 7 7 7
-0.018501 -0.000082 0.006325 7 7 7
-0.018488 -0.000082 0.006321 7 7 7
-0.018488 -0.000082 0.006321 7 7 7
-0.018488 -0.000082 0.006321 7 7 7
-0.018488 -0.000082 0.006321 7 7 7
-0.018488 -0.000082 0.006321 7 7 7
-0.018487 -0.000082 0.006321 7 7 7
-0.018487 -0.000082 0.006321 7 7 7
-0.018487 -0.000082 0.006321 7 7 7
-0.018487 -0.000082 0.006321 7 7 7
-0.018487 -0.000082 0.006321 7 7 7
-0.018486 -0.000082 0.006321 7 7 7
-0.018486 -0.000082 0.006321 7 7 7
-0.018486 -0.000082 0.006321 7 7 7
-0.018486 -0.000082 0.006321 7 7 7
-0.018485 -0.000082 0.006321 7 7 7
-0.018485 -0.000082 0.006321 7 7 7
-0.018485 -0.000082 0.006321 7 7 7
-0.018485 -0.000082 0.006321 7 7 7
-0.018485 -0.000082 0.006321 7 7 7
-0.018484 -0.000082 0.006321 7 7 7
-0.018484 -0.000082 0.006321 7 7 7
-0.018484 -0.000082 0.006321 7 7 7
-0.018484 -0.000082 0.006321 7 7 7
-0.018484 -0.000082 0.006321 7 7 7
-0.018483 -0.000082 0.006321 7 7 7
-0.018483 -0.000082 0.006321 7 7 7
-0.018483 -0.000082 0.006321 7 7 7
-0.018483 -0.000082 0.006321 7 7 7
-0.018482 -0.000082 0.006321 7 7 7
-0.018482 -0.000082 0.006321 7 7 7
-0.018482 -0.000082 0.006321 7 7 7
-0.018482 -0.000082 0.006321 7 7 7
-0.018482 -0.000082 0.006321 7 7 7
-0.018481 -0.000082 0.006321 7 7 7
-0.018481 -0.000082 0.006321 7 7 7
-0.018481 -0.000082 0.006321 7 7 7
-0.018481 -0.000082 0.006321 7 7 7
-0.018481 -0.000082 0.006321 7 7 7
-0.018480 -0.000082 0.006321 7 7 7
-0.018480 -0.000082 0.006321 7 7 7
-0.018480 -0.000082 0.006321 7 7 7
-0.018480 -0.000082 0.006321 7 7 7
-0.018479 -0.000082 0.006321 7 7 7
-0.018479 -0.000082 0.006321 7 7 7
-0.018479 -0.000082 0.006321 7 7 7
-0.018479 -0.000082 0.006321 7 7 7
-0.018479 -0.000082 0.006321 7 7 7
-0.018478 -0.000082 0.006321 7 7 7
-0.018478 -0.000082 0.006321 7 7 7
-0.018478 -0.000082 0.006321 7 7 7
-0.018478 -0.000082 0.006321 7 7 7
-0.018478 -0.000082 0.006321 7 7 7
-0.018477 -0.000082 0.006321 7 7 7
-0.018477 -0.000082 0.006321 7 7 7
-0.018477 -0.000082 0.006321 7 7 7
-0.018477 -0.000082 0.006321 7 7 7
-0.018476 -0.000082 0.006321 7 7 7
-0.018476 -0.000082 0.006321 7 7 7
-0.018476 -0.000082 0.006321 7 7 7
-0.018476 -0.000082 0.006321 7 7 7
-0.018476 -0.000082 0.006321 7 7 7
-0.018475 -0.000082 0.006321 7 7 7
-0.018475 -0.000082 0.006321 7 7 7
-0.018475 -0.000082 0.006321 7 7 7
-0.018475 -0.000082 0.006321 7 7 7
-0.018475 -0.000082 0.006321 7 7 7
-0.018474 -0.000082 0.006321 7 7 7
-0.018474 -0.000082 0.006321 7 7 7
-0.018474 -0.000082 0.006321 7 7 7
-0.018474 -0.000082 0.006321 7 7 7
-0.018473 -0.000082 0.006321 7 7 7
-0.018473 -0.000082 0.006321 7 7 7
-0.018473 -0.000082 0.006321 7 7 7
-0.018473 -0.000082 0.006321 7 7 7
-0.018473 -0.000082 0.006321 7 7 7
-0.018472 -0.000082 0.006321 7 7 7
-0.018472 -0.000082 0.006321 7 7 7
-0.018472 -0.000082 0.006321 7 7 7
-0.018472 -0.000082 0.006321 7 7 7
-0.018472 -0.000082 0.006321 7 7 7
-0.018471 -0.000082 0.006321 7 7 7
-0.018471 -0.000082 0.006321 7 7 7
-0.018471 -0.000082 0.006321 7 7 7
-0.018471 -0.000082 0.006321 7 7 7
-0.018470 -0.000082 0.006321 7 7 7
-0.018470 -0.000082 0.006321 7 7 7
-0.018470 -0.000082 0.006321 7 7 7
-0.018470 -0.000082 0.006321 7 7 7
-0.018470 -0.000082 0.006321 7 7 7
-0.018469 -0.000082 0.006321 7 7 7
-0.018469 -0.000082 0.006321 7 7 7
-0.018469 -0.000082 0.006321 7 7 7
-0.018469 -0.000082 0.006321 7 7 7
-0.018468 -0.000082 0.006321 7 7 7
-0.018851 -0.000087 0.006452 7 7 7
-0.018045 -0.000077 0.006162 7 7 7
-0.018027 -0.000077 0.006156 7 7 7
-0.018018 -0.000077 0.006153 7 7 7
-0.017992 -0.000076 0.006144 7 7 7
-0.017891 -0.000075 0.006110 7 7 7
-0.017859 -0.000075 0.006099 7 7 7
-0.017843 -0.000075 0.006093 7 7 7
-0.017827 -0.000074 0.006088 7 7 7
-0.017827 -0.000074 0.006088 7 7 7
-0.017835 -0.000075 0.006091 7 7 7
-0.017834 -0.000075 0.006091 7 7 7
-0.017858 -0.000075 0.006099 7 7 7
-0.017914 -0.000075 0.006118 7 7 7
-0.017914 -0.000075 0.006118 7 7 7
-0.017881 -0.000075 0.006107 7 7 7
-0.017881 -0.000075 0.006107 7 7 7
-0.017881 -0.000075 0.006107 7 7 7
-0.017881 -0.000075 0.006107 7 7 7
-0.017880 -0.000075 0.006107 7 7 7
-0.017880 -0.000075 0.006107 7 7 7
-0.017888 -0.000075 0.006110 7 7 7
-0.018484 -0.000082 0.006313 7 7 7
-0.018496 -0.000082 0.006317 7 7 7
-0.018508 -0.000082 0.006321 7 7 7
-0.017971 -0.000076 0.006138 7 7 7
-0.017970 -0.000076 0.006138 7 7 7
-0.017987 -0.000076 0.006144 7 7 7
-0.017987 -0.000076 0.006144 7 7 7
-0.017987 -0.000076 0.006144 7 7 7
-0.017987 -0.000076 0.006144 7 7 7
-0.017987 -0.000076 0.006144 7 7 7
-0.017987 -0.000076 0.006144 7 7 7
-0.017978 -0.000076 0.006141 7 7 7
-0.017969 -0.000076 0.006138 7 7 7
-0.017969 -0.000076 0.006138 7 7 7
-0.017960 -0.000076 0.006135 7 7 7
-0.017960 -0.000076 0.006135 7 7 7
-0.017918 -0.000075 0.006121 7 7 7
-0.017918 -0.000075 0.006121 7 7 7
-0.017917 -0.000075 0.006121 7 7 7
-0.017951 -0.000076 0.006132 7 7 7
-0.017976 -0.000076 0.006141 7 7 7
-0.017993 -0.000076 0.006147 7 7 7
-0.018011 -0.000077 0.006153 7 7 7
-0.018010 -0.000077 0.006153 7 7 7
-0.018001 -0.000076 0.006150 7 7 7
-0.017984 -0.000076 0.006144 7 7 7
-0.017966 -0.000076 0.006138 7 7 7
-0.017916 -0.000075 0.006121 7 7 7
-0.017899 -0.000075 0.006115 7 7 7
-0.017875 -0.000075 0.006107 7 7 7
-0.017875 -0.000075 0.006107 7 7 7
-0.017899 -0.000075 0.006115 7 7 7
-0.017907 -0.000075 0.006118 7 7 7
-0.017907 -0.000075 0.006118 7 7 7
-0.017940 -0.000076 0.006129 7 7 7
-0.017939 -0.000076 0.006129 7 7 7
-0.017939 -0.000076 0.006129 7 7 7
-0.017939 -0.000076 0.006129 7 7 7
-0.017939 -0.000076 0.006129 7 7 7
-0.017939 -0.000076 0.006129 7 7 7
-0.017939 -0.000076 0.006129 7 7 7
-0.017938 -0.000076 0.006129 7 7 7
-0.017938 -0.000076 0.006129 7 7 7
-0.017938 -0.000076 0.006129 7 7 7
-0.017955 -0.000076 0.006135 7 7 7
-0.017954 -0.000076 0.006135 7 7 7
-0.017954 -0.000076 0.006135 7 7 7
-0.017954 -0.000076 0.006135 7 7 7
-0.017954 -0.000076 0.006135 7 7 7
-0.017937 -0.000076 0.006129 7 7 7
-0.017937 -0.000076 0.006129 7 7 7
-0.017937 -0.000076 0.006129 7 7 7
-0.017936 -0.000076 0.006129 7 7 7
-0.017936 -0.000076 0.006129 7 7 7
-0.017936 -0.000076 0.006129 7 7 7
-0.017936 -0.000076 0.006129 7 7 7
-0.017936 -0.000076 0.006129 7 7 7
-0.017935 -0.000076 0.006129 7 7 7
-0.017935 -0.000076 0.006129 7 7 7
-0.017935 -0.000076 0.006129 7 7 7
-0.017935 -0.000076 0.006129 7 7 7
-0.017935 -0.000076 0.006129 7 7 7
-0.017935 -0.000076 0.006129 7 7 7
-0.017934 -0.000076 0.006129 7 7 7
-0.017934 -0.000076 0.006129 7 7 7
-0.017934 -0.000076 0.006129 7 7 7
-0.017934 -0.000076 0.006129 7 7 7
-0.017934 -0.000076 0.006129 7 7 7
-0.017933 -0.000076 0.006129 7 7 7
-0.017933 -0.000076 0.006129 7 7 7
-0.017933 -0.000076 0.006129 7 7 7
-0.017933 -0.000076 0.006129 7 7 7
-0.017933 -0.000076 0.006129 7 7 7
-0.017933 -0.000076 0.006129 7 7 7
-0.017932 -0.000076 0.006129 7 7 7
-0.017932 -0.000076 0.006129 7 7 7
-0.017932 -0.000076 0.006129 7 7 7
-0.017932 -0.000076 0.006129 7 7 7
-0.017932 -0.000076 0.006129 7 7 7
-0.017931 -0.000076 0.006129 7 7 7
-0.017931 -0.000076 0.006129 7 7 7
-0.017931 -0.000076 0.006129 7 7 7
-0.017931 -0.000076 0.006129 7 7 7
-0.017890 -0.000075 0.006115 7 7 7
-0.017889 -0.000075 0.006115 7 7 7
-0.017881 -0.000075 0.006112 7 7 7
-0.017841 -0.000075 0.006099 7 7 7
-0.017841 -0.000075 0.006099 7 7 7
-0.017872 -0.000075 0.006110 7 7 7
-0.017897 -0.000075 0.006118 7 7 7
-0.017972 -0.000076 0.006144 7 7 7
-0.017972 -0.000076 0.006144 7 7 7
-0.017980 -0.000076 0.006147 7 7 7
-0.017954 -0.000076 0.006138 7 7 7
-0.017954 -0.000076 0.006138 7 7 7
-0.017937 -0.000076 0.006132 7 7 7
-0.017937 -0.000076 0.006132 7 7 7
-0.017928 -0.000076 0.006129 7 7 7
-0.017928 -0.000076 0.006129 7 7 7
-0.017928 -0.000076 0.006129 7 7 7
-0.017928 -0.000076 0.006129 7 7 7
-0.017928 -0.000076 0.006129 7 7 7
-0.017927 -0.000076 0.006129 7 7 7
-0.017927 -0.000076 0.006129 7 7 7
-0.017927 -0.000076 0.006129 7 7 7
-0.017927 -0.000076 0.006129 7 7 7
-0.017927 -0.000076 0.006129 7 7 7
-0.017926 -0.000076 0.006129 7 7 7
-0.017926 -0.000076 0.006129 7 7 7
-0.017926 -0.000076 0.006129 7 7 7
-0.017926 -0.000076 0.006129 7 7 7
-0.017926 -0.000076 0.006129 7 7 7
-0.017926 -0.000076 0.006129 7 7 7
-0.017925 -0.000076 0.006129 7 7 7
-0.017925 -0.000076 0.006129 7 7 7
-0.017925 -0.000076 0.006129 7 7 7
-0.017925 -0.000076 0.006129 7 7 7
-0.017925 -0.000076 0.006129 7 7 7
-0.017924 -0.000076 0.006129 7 7 7
-0.017924 -0.000076 0.006129 7 7 7
-0.017924 -0.000076 0.006129 7 7 7
-0.017924 -0.000076 0.006129 7 7 7
-0.017924 -0.000076 0.006129 7 7 7
-0.017924 -0.000076 0.006129 7 7 7
-0.017923 -0.000076 0.006129 7 7 7
-0.017923 -0.000076 0.006129 7 7 7
-0.017923 -0.000076 0.006129 7 7 7
-0.017923 -0.000076 0.006129 7 7 7
-0.017923 -0.000076 0.006129 7 7 7
-0.017922 -0.000076 0.006129 7 7 7
-0.017922 -0.000076 0.006129 7 7 7
-0.017922 -0.000076 0.006129 7 7 7
-0.017922 -0.000076 0.006129 7 7 7
-0.017922 -0.000076 0.006129 7 7 7
-0.017922 -0.000076 0.006129 7 7 7
-0.017921 -0.000076 0.006129 7 7 7
-0.017921 -0.000076 0.006129 7 7 7
-0.017921 -0.000076 0.006129 7 7 7
-0.017921 -0.000076 0.006129 7 7 7
-0.017921 -0.000076 0.006129 7 7 7
-0.017921 -0.000076 0.006129 7 7 7
-0.017920 -0.000076 0.006129 7 7 7
-0.017920 -0.000076 0.006129 7 7 7
-0.017920 -0.000076 0.006129 7 7 7
-0.017920 -0.000076 0.006129 7 7 7
-0.017920 -0.000076 0.006129 7 7 7
-0.017919 -0.000076 0.006129 7 7 7
-0.017919 -0.000076 0.006129 7 7 7
-0.017919 -0.000076 0.006129 7 7 7
-0.017919 -0.000076 0.006129 7 7 7
-0.017919 -0.000076 0.006129 7 7 7
-0.017919 -0.000076 0.006129 7 7 7
-0.017918 -0.000076 0.006129 7 7 7
-0.017918 -0.000076 0.006129 7 7 7
-0.017918 -0.000076 0.006129 7 7 7
-0.017918 -0.000076 0.006129 7 7 7
-0.017918 -0.000076 0.006129 7 7 7
-0.017917 -0.000076 0.006129 7 7 7
-0.017917 -0.000076 0.006129 7 7 7
-0.017917 -0.000076 0.006129 7 7 7
-0.017917 -0.000076 0.006129 7 7 7
-0.017917 -0.000076 0.006129 7 7 7
-0.017917 -0.000076 0.006129 7 7 7
-0.017916 -0.000076 0.006129 7 7 7
-0.017916 -0.000076 0.006129 7 7 7
-0.017916 -0.000076 0.006129 7 7 7
-0.017916 -0.000076 0.006129 7 7 7
-0.017916 -0.000076 0.006129 7 7 7
-0.017915 -0.000076 0.006129 7 7 7
-0.017915 -0.000076 0.006129 7 7 7
-0.017915 -0.000076 0.006129 7 7 7
-0.017915 -0.000076 0.006129 7 7 7
-0.017915 -0.000076 0.006129 7 7 7
-0.017915 -0.000076 0.006129 7 7 7
-0.017914 -0.000076 0.006129 7 7 7
-0.017914 -0.000076 0.006129 7 7 7
-0.017914 -0.000076 0.006129 7 7 7
-0.017914 -0.000076 0.006129 7 7 7
-0.017914 -0.000076 0.006129 7 7 7
-0.017914 -0.000076 0.006129 7 7 7
-0.017913 -0.000076 0.006129 7 7 7
-0.017913 -0.000076 0.006129 7 7 7
-0.017913 -0.000076 0.006129 7 7 7
-0.017913 -0.000076 0.006129 7 7 7
-0.017913 -0.000076 0.006129 7 7 7
-0.017912 -0.000076 0.006129 7 7 7
-0.018851 -0.000086 0.006452 7 7 7
-0.018027 -0.000076 0.006156 7 7 7
-0.017908 -0.000075 0.006115 7 7 7
-0.017899 -0.000075 0.006112 7 7 7
-0.017883 -0.000075 0.006107 7 7 7
-0.017859 -0.000075 0.006099 7 7 7
-0.017851 -0.000075 0.006096 7 7 7
-0.017843 -0.000074 0.006093 7 7 7
-0.017827 -0.000074 0.006088 7 7 7
-0.017827 -0.000074 0.006088 7 7 7
-0.017835 -0.000074 0.006091 7 7 7
-0.017834 -0.000074 0.006091 7 7 7
-0.017850 -0.000075 0.006096 7 7 7
-0.017866 -0.000075 0.006101 7 7 7
-0.017873 -0.000075 0.006104 7 7 7
-0.017865 -0.000075 0.006101 7 7 7
-0.017857 -0.000075 0.006099 7 7 7
-0.017857 -0.000075 0.006099 7 7 7
-0.017857 -0.000075 0.006099 7 7 7
-0.017857 -0.000075 0.006099 7 7 7
-0.017864 -0.000075 0.006101 7 7 7
-0.017864 -0.000075 0.006101 7 7 7
-0.017872 -0.000075 0.006104 7 7 7
-0.017872 -0.000075 0.006104 7 7 7
-0.017872 -0.000075 0.006104 7 7 7
-0.017871 -0.000075 0.006104 7 7 7
-0.017871 -0.000075 0.006104 7 7 7
-0.017871 -0.000075 0.006104 7 7 7
-0.017879 -0.000075 0.006107 7 7 7
-0.017879 -0.000075 0.006107 7 7 7
-0.017879 -0.000075 0.006107 7 7 7
-0.017878 -0.000075 0.006107 7 7 7
-0.017878 -0.000075 0.006107 7 7 7
-0.017878 -0.000075 0.006107 7 7 7
-0.017878 -0.000075 0.006107 7 7 7
-0.017878 -0.000075 0.006107 7 7 7
-0.017877 -0.000075 0.006107 7 7 7
-0.017877 -0.000075 0.006107 7 7 7
-0.017877 -0.000075 0.006107 7 7 7
-0.017869 -0.000075 0.006104 7 7 7
-0.017869 -0.000075 0.006104 7 7 7
-0.017869 -0.000075 0.006104 7 7 7
-0.017868 -0.000075 0.006104 7 7 7
-0.017876 -0.000075 0.006107 7 7 7
-0.017876 -0.000075 0.006107 7 7 7
-0.017876 -0.000075 0.006107 7 7 7
-0.017876 -0.000075 0.006107 7 7 7
-0.017876 -0.000075 0.006107 7 7 7
-0.017875 -0.000075 0.006107 7 7 7
-0.017867 -0.000075 0.006104 7 7 7
-0.017859 -0.000075 0.006101 7 7 7
-0.017859 -0.000075 0.006101 7 7 7
-0.017859 -0.000075 0.006101 7 7 7
-0.017859 -0.000075 0.006101 7 7 7
-0.017858 -0.000075 0.006101 7 7 7
-0.017858 -0.000075 0.006101 7 7 7
-0.017866 -0.000075 0.006104 7 7 7
-0.017866 -0.000075 0.006104 7 7 7
-0.017858 -0.000075 0.006101 7 7 7
-0.017858 -0.000075 0.006101 7 7 7
-0.017857 -0.000075 0.006101 7 7 7
-0.017857 -0.000075 0.006101 7 7 7
-0.017857 -0.000075 0.006101 7 7 7
-0.017865 -0.000075 0.006104 7 7 7
-0.017865 -0.000075 0.006104 7 7 7
-0.017872 -0.000075 0.006107 7 7 7
-0.017872 -0.000075 0.006107 7 7 7
-0.017872 -0.000075 0.006107 7 7 7
-0.017872 -0.000075 0.006107 7 7 7
-0.017864 -0.000075 0.006104 7 7 7
-0.017864 -0.000075 0.006104 7 7 7
-0.017863 -0.000075 0.006104 7 7 7
-0.017863 -0.000075 0.006104 7 7 7
-0.017863 -0.000075 0.006104 7 7 7
-0.017863 -0.000075 0.006104 7 7 7
-0.017863 -0.000075 0.006104 7 7 7
-0.017855 -0.000075 0.006101 7 7 7
-0.017854 -0.000075 0.006101 7 7 7
-0.017862 -0.000075 0.006104 7 7 7
-0.017862 -0.000075 0.006104 7 7 7
-0.017862 -0.000075 0.006104 7 7 7
-0.017862 -0.000075 0.006104 7 7 7
-0.017861 -0.000075 0.006104 7 7 7
-0.017861 -0.000075 0.006104 7 7 7
-0.017861 -0.000075 0.006104 7 7 7
-0.017861 -0.000075 0.006104 7 7 7
-0.017861 -0.000075 0.006104 7 7 7
-0.017861 -0.000075 0.006104 7 7 7
-0.017852 -0.000075 0.006101 7 7 7
-0.017852 -0.000075 0.006101 7 7 7
-0.017852 -0.000075 0.006101 7 7 7
-0.017852 -0.000075 0.006101 7 7 7
-0.017852 -0.000075 0.006101 7 7 7
-0.017859 -0.000075 0.006104 7 7 7
-0.017859 -0.000075 0.006104 7 7 7
-0.017859 -0.000075 0.006104 7 7 7
-0.017859 -0.000075 0.006104 7 7 7
-0.017859 -0.000075 0.006104 7 7 7
-0.017859 -0.000075 0.006104 7 7 7
-0.017858 -0.000075 0.006104 7 7 7
-0.017850 -0.000075 0.006101 7 7 7
-0.017850 -0.000075 0.006101 7 7 7
-0.017850 -0.000075 0.006101 7 7 7
-0.017850 -0.000075 0.006101 7 7 7
-0.017850 -0.000075 0.006101 7 7 7
-0.017849 -0.000075 0.006101 7 7 7
-0.017849 -0.000075 0.006101 7 7 7
-0.017849 -0.000075 0.006101 7 7 7
-0.017841 -0.000075 0.006099 7 7 7
-0.017841 -0.000075 0.006099 7 7 7
-0.017849 -0.000075 0.006101 7 7 7
-0.017848 -0.000075 0.006101 7 7 7
-0.017848 -0.000075 0.006101 7 7 7
-0.017856 -0.000075 0.006104 7 7 7
-0.017856 -0.000075 0.006104 7 7 7
-0.017856 -0.000075 0.006104 7 7 7
-0.017855 -0.000075 0.006104 7 7 7
-0.017855 -0.000075 0.006104 7 7 7
-0.017855 -0.000075 0.006104 7 7 7
-0.017855 -0.000075 0.006104 7 7 7
-0.017855 -0.000075 0.006104 7 7 7
-0.017855 -0.000075 0.006104 7 7 7
-0.017854 -0.000075 0.006104 7 7 7
-0.017854 -0.000075 0.006104 7 7 7
-0.017854 -0.000075 0.006104 7 7 7
-0.017854 -0.000075 0.006104 7 7 7
-0.017854 -0.000075 0.006104 7 7 7
-0.017854 -0.000075 0.006104 7 7 7
-0.017853 -0.000075 0.006104 7 7 7
-0.017853 -0.000075 0.006104 7 7 7
-0.017853 -0.000075 0.006104 7 7 7
-0.017853 -0.000075 0.006104 7 7 7
-0.017853 -0.000075 0.006104 7 7 7
-0.017852 -0.000075 0.006104 7 7 7
-0.017852 -0.000075 0.006104 7 7 7
-0.017852 -0.000075 0.006104 7 7 7
-0.017852 -0.000075 0.006104 7 7 7
-0.017852 -0.000075 0.006104 7 7 7
-0.017852 -0.000075 0.006104 7 7 7
-0.017851 -0.000075 0.006104 7 7 7
-0.017851 -0.000075 0.006104 7 7 7
-0.017851 -0.000075 0.006104 7 7 7
-0.017851 -0.000075 0.006104 7 7 7
-0.017851 -0.000075 0.006104 7 7 7
-0.017851 -0.000075 0.006104 7 7 7
-0.017850 -0.000075 0.006104 7 7 7
-0.017850 -0.000075 0.006104 7 7 7
-0.017850 -0.000075 0.006104 7 7 7
-0.017850 -0.000075 0.006104 7 7 7
-0.017850 -0.000075 0.006104 7 7 7
-0.017850 -0.000075 0.006104 7 7 7
-0.017849 -0.000075 0.006104 7 7 7
-0.017849 -0.000075 0.006104 7 7 7
-0.017849 -0.000075 0.006104 7 7 7
-0.017849 -0.000075 0.006104 7 7 7
-0.017849 -0.000075 0.006104 7 7 7
-0.017848 -0.000075 0.006104 7 7 7
-0.017848 -0.000075 0.006104 7 7 7
-0.017848 -0.000075 0.006104 7 7 7
-0.017848 -0.000075 0.006104 7 7 7
-0.017848 -0.000075 0.006104 7 7 7
-0.017848 -0.000075 0.006104 7 7 7
-0.017847 -0.000075 0.006104 7 7 7
-0.017847 -0.000075 0.006104 7 7 7
-0.017847 -0.000075 0.006104 7 7 7
-0.017847 -0.000075 0.006104 7 7 7
-0.017847 -0.000075 0.006104 7 7 7
-0.017847 -0.000075 0.006104 7 7 7
-0.017846 -0.000075 0.006104 7 7 7
-0.017846 -0.000075 0.006104 7 7 7
-0.017846 -0.000075 0.006104 7 7 7
-0.017846 -0.000075 0.006104 7 7 7
-0.017846 -0.000075 0.006104 7 7 7
-0.017845 -0.000075 0.006104 7 7 7
-0.017845 -0.000075 0.006104 7 7 7
-0.017845 -0.000075 0.006104 7 7 7
-0.017845 -0.000075 0.006104 7 7 7
-0.017845 -0.000075 0.006104 7 7 7
-0.017845 -0.000075 0.006104 7 7 7
-0.017844 -0.000075 0.006104 7 7 7
-0.017844 -0.000075 0.006104 7 7 7
-0.017844 -0.000075 0.006104 7 7 7
-0.017844 -0.000075 0.006104 7 7 7
-0.017844 -0.000075 0.006104 7 7 7
-0.017844 -0.000075 0.006104 7 7 7
-0.017843 -0.000075 0.006104 7 7 7
-0.017843 -0.000075 0.006104 7 7 7
-0.017843 -0.000075 0.006104 7 7 7
-0.017843 -0.000075 0.006104 7 7 7
-0.017843 -0.000075 0.006104 7 7 7
-0.017842 -0.000075 0.006104 7 7 7
-0.017842 -0.000075 0.006104 7 7 7
-0.017842 -0.000075 0.006104 7 7 7
-0.017842 -0.000075 0.006104 7 7 7
-0.017842 -0.000075 0.006104 7 7 7
-0.017842 -0.000075 0.006104 7 7 7
-0.017841 -0.000075 0.006104 7 7 7
-0.017841 -0.000075 0.006104 7 7 7
-0.017841 -0.000075 0.006104 7 7 7
-0.017841 -0.000075 0.006104 7 7 7
-0.017841 -0.000075 0.006104 7 7 7
-0.017841 -0.000075 0.006104 7 7 7
-0.017840 -0.000075 0.006104 7 7 7
-0.017840 -0.000075 0.006104 7 7 7
-0.017840 -0.000075 0.006104 7 7 7
-0.017840 -0.000075 0.006104 7 7 7
-0.017840 -0.000075 0.006104 7 7 7
-0.017840 -0.000075 0.006104 7 7 7
-0.017912 -0.000076 0.006129 7 7 7
-0.017933 -0.000075 0.006124 13 13 13
-0.017908 -0.000075 0.006115 12 12 12
-0.017891 -0.000075 0.006110 12 12 12
-0.017883 -0.000075 0.006107 12 12 12
-0.017867 -0.000075 0.006101 11 11 11
-0.017859 -0.000074 0.006099 11 11 11
-0.017851 -0.000074 0.006096 10 10 10
-0.017851 -0.000074 0.006096 10 10 10
-0.017850 -0.000074 0.006096 10 10 10
-0.017850 -0.000074 0.006096 10 10 10
-0.017850 -0.000074 0.006096 9 9 9
-0.017858 -0.000074 0.006099 9 9 9
-0.017874 -0.000075 0.006104 9 9 9
-0.017873 -0.000075 0.006104 9 9 9
-0.017865 -0.000075 0.006101 8 8 8
-0.017857 -0.000074 0.006099 8 8 8
-0.017857 -0.000074 0.006099 8 8 8
-0.017857 -0.000074 0.006099 8 8 8
-0.017857 -0.000074 0.006099 8 8 8
-0.017864 -0.000075 0.006101 8 8 8
-0.017864 -0.000075 0.006101 8 8 8
-0.017872 -0.000075 0.006104 8 8 8
-0.017872 -0.000075 0.006104 8 8 8
-0.017872 -0.000075 0.006104 7 7 7
-0.017871 -0.000075 0.006104 7 7 7
-0.017871 -0.000075 0.006104 7 7 7
-0.017871 -0.000075 0.006104 7 7 7
-0.017879 -0.000075 0.006107 7 7 7
-0.017879 -0.000075 0.006107 7 7 7
-0.017879 -0.000075 0.006107 7 7 7
-0.017878 -0.000075 0.006107 7 7 7
-0.017878 -0.000075 0.006107 7 7 7
-0.017878 -0.000075 0.006107 7 7 7
-0.017878 -0.000075 0.006107 7 7 7
-0.017878 -0.000075 0.006107 7 7 7
-0.017877 -0.000075 0.006107 7 7 7
-0.017877 -0.000075 0.006107 7 7 7
-0.017877 -0.000075 0.006107 7 7 7
-0.017869 -0.000075 0.006104 7 7 7
-0.017869 -0.000075 0.006104 7 7 7
-0.017869 -0.000075 0.006104 7 7 7
-0.017868 -0.000075 0.006104 7 7 7
-0.017876 -0.000075 0.006107 7 7 7
-0.017876 -0.000075 0.006107 7 7 7
-0.017876 -0.000075 0.006107 7 7 7
-0.017876 -0.000075 0.006107 7 7 7
-0.017876 -0.000075 0.006107 7 7 7
-0.017875 -0.000075 0.006107 7 7 7
-0.017867 -0.000075 0.006104 7 7 7
-0.017859 -0.000075 0.006101 7 7 7
-0.017859 -0.000075 0.006101 7 7 7
-0.017859 -0.000075 0.006101 7 7 7
-0.017859 -0.000075 0.006101 7 7 7
-0.017858 -0.000075 0.006101 7 7 7
-0.017858 -0.000075 0.006101 7 7 7
-0.017866 -0.000075 0.006104 7 7 7
-0.017866 -0.000075 0.006104 7 7 7
-0.017858 -0.000075 0.006101 7 7 7
-0.017858 -0.000075 0.006101 7 7 7
-0.017857 -0.000075 0.006101 7 7 7
-0.017857 -0.000075 0.006101 7 7 7
-0.017857 -0.000075 0.006101 7 7 7
-0.017865 -0.000075 0.006104 7 7 7
-0.017865 -0.000075 0.006104 7 7 7
-0.017872 -0.000075 0.006107 7 7 7
-0.017872 -0.000075 0.006107 7 7 7
-0.017872 -0.000075 0.006107 7 7 7
-0.017872 -0.000075 0.006107 7 7 7
-0.017864 -0.000075 0.006104 7 7 7
-0.017864 -0.000075 0.006104 7 7 7
-0.017863 -0.000075 0.006104 7 7 7
-0.017863 -0.000075 0.006104 7 7 7
-0.017863 -0.000075 0.006104 7 7 7
-0.017863 -0.000075 0.006104 7 7 7
-0.017863 -0.000075 0.006104 7 7 7
-0.017855 -0.000075 0.006101 7 7 7
-0.017854 -0.000075 0.006101 7 7 7
-0.017862 -0.000075 0.006104 7 7 7
-0.017862 -0.000075 0.006104 7 7 7
-0.017862 -0.000075 0.006104 7 7 7
-0.017862 -0.000075 0.006104 7 7 7
-0.017861 -0.000075 0.006104 7 7 7
-0.017861 -0.000075 0.006104 7 7 7
-0.017861 -0.000075 0.006104 7 7 7
-0.017861 -0.000075 0.006104 7 7 7
-0.017861 -0.000075 0.006104 7 7 7
-0.017861 -0.000075 0.006104 7 7 7
-0.017852 -0.000075 0.006101 7 7 7
-0.017852 -0.000075 0.006101 7 7 7
-0.017852 -0.000075 0.006101 7 7 7
-0.017852 -0.000075 0.006101 7 7 7
-0.017852 -0.000075 0.006101 7 7 7
-0.017859 -0.000075 0.006104 7 7 7
-0.017859 -0.000075 0.006104 7 7 7
-0.017859 -0.000075 0.006104 7 7 7
-0.017859 -0.000075 0.006104 7 7 7
-0.017859 -0.000075 0.006104 7 7 7
-0.017859 -0.000075 0.006104 7 7 7
-0.017858 -0.000075 0.006104 7 7 7
-0.017850 -0.000075 0.006101 7 7 7
-0.017850 -0.000075 0.006101 7 7 7
-0.017850 -0.000075 0.006101 7 7 7
-0.017850 -0.000075 0.006101 7 7 7
-0.017850 -0.000075 0.006101 7 7 7
-0.017849 -0.000075 0.006101 7 7 7
-0.017849 -0.000075 0.006101 7 7 7
-0.017849 -0.000075 0.006101 7 7 7
-0.017849 -0.000075 0.006101 7 7 7
-0.017849 -0.000075 0.006101 7 7 7
-0.017849 -0.000075 0.006101 7 7 7
-0.017848 -0.000075 0.006101 7 7 7
-0.017848 -0.000075 0.006101 7 7 7
-0.017856 -0.000075 0.006104 7 7 7
-0.017856 -0.000075 0.006104 7 7 7
-0.017856 -0.000075 0.006104 7 7 7
-0.017855 -0.000075 0.006104 7 7 7
-0.017855 -0.000075 0.006104 7 7 7
-0.017855 -0.000075 0.006104 7 7 7
-0.017855 -0.000075 0.006104 7 7 7
-0.017855 -0.000075 0.006104 7 7 7
-0.017855 -0.000075 0.006104 7 7 7
-0.017854 -0.000075 0.006104 7 7 7
-0.017854 -0.000075 0.006104 7 7 7
-0.017854 -0.000075 0.006104 7 7 7
-0.017854 -0.000075 0.006104 7 7 7
-0.017854 -0.000075 0.006104 7 7 7
-0.017854 -0.000075 0.006104 7 7 7
-0.017853 -0.000075 0.006104 7 7 7
-0.017853 -0.000075 0.006104 7 7 7
-0.017853 -0.000075 0.006104 7 7 7
-0.017853 -0.000075 0.006104 7 7 7
-0.017853 -0.000075 0.006104 7 7 7
-0.017852 -0.000075 0.006104 7 7 7
-0.017852 -0.000075 0.006104 7 7 7
-0.017852 -0.000075 0.006104 7 7 7
-0.017852 -0.000075 0.006104 7 7 7
-0.017852 -0.000075 0.006104 7 7 7
-0.017852 -0.000075 0.006104 7 7 7
-0.017851 -0.000075 0.006104 7 7 7
-0.017851 -0.000075 0.006104 7 7 7
-0.017851 -0.000075 0.006104 7 7 7
-0.017851 -0.000075 0.006104 7 7 7
-0.017851 -0.000075 0.006104 7 7 7
-0.017851 -0.000075 0.006104 7 7 7
-0.017850 -0.000075 0.006104 7 7 7
-0.017850 -0.000075 0.006104 7 7 7
-0.017850 -0.000075 0.006104 7 7 7
-0.017850 -0.000075 0.006104 7 7 7
-0.017850 -0.000075 0.006104 7 7 7
-0.017850 -0.000075 0.006104 7 7 7
-0.017849 -0.000075 0.006104 7 7 7
-0.017849 -0.000075 0.006104 7 7 7
-0.017849 -0.000075 0.006104 7 7 7
-0.017849 -0.000075 0.006104 7 7 7
-0.017849 -0.000075 0.006104 7 7 7
-0.017848 -0.000075 0.006104 7 7 7
-0.017848 -0.000075 0.006104 7 7 7
-0.017848 -0.000075 0.006104 7 7 7
-0.017848 -0.000075 0.006104 7 7 7
-0.017848 -0.000075 0.006104 7 7 7
-0.017848 -0.000075 0.006104 7 7 7
-0.017847 -0.000075 0.006104 7 7 7
-0.017847 -0.000075 0.006104 7 7 7
-0.017847 -0.000075 0.006104 7 7 7
-0.017847 -0.000075 0.006104 7 7 7
-0.017847 -0.000075 0.006104 7 7 7
-0.017847 -0.000075 0.006104 7 7 7
-0.017846 -0.000075 0.006104 7 7 7
-0.017846 -0.000075 0.006104 7 7 7
-0.017846 -0.000075 0.006104 7 7 7
-0.017846 -0.000075 0.006104 7 7 7
-0.017846 -0.000075 0.006104 7 7 7
-0.017845 -0.000075 0.006104 7 7 7
-0.017845 -0.000075 0.006104 7 7 7
-0.017845 -0.000075 0.006104 7 7 7
-0.017845 -0.000075 0.006104 7 7 7
-0.017845 -0.000075 0.006104 7 7 7
-0.017845 -0.000075 0.006104 7 7 7
-0.017844 -0.000075 0.006104 7 7 7
-0.017844 -0.000075 0.006104 7 7 7
-0.017844 -0.000075 0.006104 7 7 7
-0.017844 -0.000075 0.006104 7 7 7
-0.017844 -0.000075 0.006104 7 7 7
-0.017844 -0.000075 0.006104 7 7 7
-0.017843 -0.000075 0.006104 7 7 7
-0.017843 -0.000075 0.006104 7 7 7
-0.017843 -0.000075 0.006104 7 7 7
-0.017843 -0.000075 0.006104 7 7 7
-0.017843 -0.000075 0.006104 7 7 7
-0.017842 -0.000075 0.006104 7 7 7
-0.017842 -0.000075 0.006104 7 7 7
-0.017842 -0.000075 0.006104 7 7 7
-0.017842 -0.000075 0.006104 7 7 7
-0.017842 -0.000075 0.006104 7 7 7
-0.017842 -0.000075 0.006104 7 7 7
-0.017841 -0.000075 0.006104 7 7 7
-0.017841 -0.000075 0.006104 7 7 7
-0.017841 -0.000075 0.006104 7 7 7
-0.017841 -0.000075 0.006104 7 7 7
-0.017841 -0.000075 0.006104 7 7 7
-0.017841 -0.000075 0.006104 7 7 7
-0.017840 -0.000075 0.006104 7 7 7
-0.017840 -0.000075 0.006104 7 7 7
-0.017840 -0.000075 0.006104 7 7 7
-0.017840 -0.000075 0.006104 7 7 7
-0.017840 -0.000075 0.006104 7 7 7
-0.017840 -0.000075 0.006104 7 7 7
-0.017863 -0.000075 0.006112 7 7 7
-0.017933 -0.000075 0.006124 52 52 52
-0.017916 -0.000075 0.006118 51 51 51
-0.017908 -0.000075 0.006115 49 49 49
-0.017891 -0.000075 0.006110 48 48 48
-0.017883 -0.000075 0.006107 46 46 46
-0.017883 -0.000075 0.006107 44 44 44
-0.017883 -0.000075 0.006107 42 42 42
-0.017882 -0.000075 0.006107 41 41 41
-0.017882 -0.000075 0.006107 40 40 40
-0.017882 -0.000075 0.006107 38 38 38
-0.017882 -0.000075 0.006107 37 37 37
-0.017882 -0.000075 0.006107 35 35 35
-0.017890 -0.000075 0.006110 34 34 34
-0.017889 -0.000075 0.006110 32 32 32
-0.017881 -0.000075 0.006107 31 31 31
-0.017881 -0.000075 0.006107 30 30 30
-0.017881 -0.000075 0.006107 28 28 28
-0.017881 -0.000075 0.006107 27 27 27
-0.017880 -0.000075 0.006107 26 26 26
-0.017880 -0.000075 0.006107 25 25 25
-0.017888 -0.000075 0.006110 24 24 24
-0.017896 -0.000075 0.006112 23 23 23
-0.017896 -0.000075 0.006112 22 22 22
-0.017896 -0.000075 0.006112 21 21 21
-0.017896 -0.000075 0.006112 20 20 20
-0.017895 -0.000075 0.006112 19 19 19
-0.017895 -0.000075 0.006112 18 18 18
-0.017895 -0.000075 0.006112 18 18 18
-0.017895 -0.000075 0.006112 17 17 17
-0.017903 -0.000075 0.006115 16 16 16
-0.017903 -0.000075 0.006115 15 15 15
-0.017911 -0.000075 0.006118 15 15 15
-0.017910 -0.000075 0.006118 14 14 14
-0.017910 -0.000075 0.006118 14 14 14
-0.017910 -0.000075 0.006118 13 13 13
-0.017902 -0.000075 0.006115 13 13 13
-0.017902 -0.000075 0.006115 12 12 12
-0.017893 -0.000075 0.006112 12 12 12
-0.017893 -0.000075 0.006112 11 11 11
-0.017893 -0.000075 0.006112 11 11 11
-0.017893 -0.000075 0.006112 10 10 10
-0.017893 -0.000075 0.006112 10 10 10
-0.017901 -0.000075 0.006115 10 10 10
-0.017909 -0.000075 0.006118 9 9 9
-0.017908 -0.000075 0.006118 9 9 9
-0.017908 -0.000075 0.006118 9 9 9
-0.017900 -0.000075 0.006115 9 9 9
-0.017900 -0.000075 0.006115 9 9 9
-0.017883 -0.000075 0.006110 8 8 8
-0.017883 -0.000075 0.006110 8 8 8
-0.017875 -0.000075 0.006107 8 8 8
-0.017875 -0.000075 0.006107 8 8 8
-0.017883 -0.000075 0.006110 8 8 8
-0.017882 -0.000075 0.006110 8 8 8
-0.017882 -0.000075 0.006110 8 8 8
-0.017882 -0.000075 0.006110 7 7 7
-0.017882 -0.000075 0.006110 7 7 7
-0.017882 -0.000075 0.006110 7 7 7
-0.017881 -0.000075 0.006110 7 7 7
-0.017881 -0.000075 0.006110 7 7 7
-0.017881 -0.000075 0.006110 7 7 7
-0.017881 -0.000075 0.006110 7 7 7
-0.017897 -0.000075 0.006115 7 7 7
-0.017905 -0.000075 0.006118 7 7 7
-0.017905 -0.000075 0.006118 7 7 7
-0.017913 -0.000075 0.006121 7 7 7
-0.017913 -0.000075 0.006121 7 7 7
-0.017904 -0.000075 0.006118 7 7 7
-0.017888 -0.000075 0.006112 7 7 7
-0.017888 -0.000075 0.006112 7 7 7
-0.017879 -0.000075 0.006110 7 7 7
-0.017879 -0.000075 0.006110 7 7 7
-0.017879 -0.000075 0.006110 7 7 7
-0.017879 -0.000075 0.006110 7 7 7
-0.017879 -0.000075 0.006110 7 7 7
-0.017878 -0.000075 0.006110 7 7 7
-0.017878 -0.000075 0.006110 7 7 7
-0.017878 -0.000075 0.006110 7 7 7
-0.017886 -0.000075 0.006112 7 7 7
-0.017886 -0.000075 0.006112 7 7 7
-0.017886 -0.000075 0.006112 7 7 7
-0.017885 -0.000075 0.006112 7 7 7
-0.017885 -0.000075 0.006112 7 7 7
-0.017885 -0.000075 0.006112 7 7 7
-0.017877 -0.000075 0.006110 7 7 7
-0.017877 -0.000075 0.006110 7 7 7
-0.017877 -0.000075 0.006110 7 7 7
-0.017876 -0.000075 0.006110 7 7 7
-0.017876 -0.000075 0.006110 7 7 7
-0.017876 -0.000075 0.006110 7 7 7
-0.017876 -0.000075 0.006110 7 7 7
-0.017876 -0.000075 0.006110 7 7 7
-0.017875 -0.000075 0.006110 7 7 7
-0.017875 -0.000075 0.006110 7 7 7
-0.017883 -0.000075 0.006112 7 7 7
-0.017883 -0.000075 0.006112 7 7 7
-0.017883 -0.000075 0.006112 7 7 7
-0.017883 -0.000075 0.006112 7 7 7
-0.017882 -0.000075 0.006112 7 7 7
-0.017874 -0.000075 0.006110 7 7 7
-0.017874 -0.000075 0.006110 7 7 7
-0.017866 -0.000075 0.006107 7 7 7
-0.017866 -0.000075 0.006107 7 7 7
-0.017874 -0.000075 0.006110 7 7 7
-0.017873 -0.000075 0.006110 7 7 7
-0.017881 -0.000075 0.006112 7 7 7
-0.017881 -0.000075 0.006112 7 7 7
-0.017881 -0.000075 0.006112 7 7 7
-0.017881 -0.000075 0.006112 7 7 7
-0.017881 -0.000075 0.006112 7 7 7
-0.017872 -0.000075 0.006110 7 7 7
-0.017872 -0.000075 0.006110 7 7 7
-0.017872 -0.000075 0.006110 7 7 7
-0.017872 -0.000075 0.006110 7 7 7
-0.017872 -0.000075 0.006110 7 7 7
-0.017879 -0.000075 0.006112 7 7 7
-0.017879 -0.000075 0.006112 7 7 7
-0.017879 -0.000075 0.006112 7 7 7
-0.017879 -0.000075 0.006112 7 7 7
-0.017879 -0.000075 0.006112 7 7 7
-0.017879 -0.000075 0.006112 7 7 7
-0.017878 -0.000075 0.006112 7 7 7
-0.017878 -0.000075 0.006112 7 7 7
-0.017878 -0.000075 0.006112 7 7 7
-0.017878 -0.000075 0.006112 7 7 7
-0.017878 -0.000075 0.006112 7 7 7
-0.017878 -0.000075 0.006112 7 7 7
-0.017877 -0.000075 0.006112 7 7 7
-0.017877 -0.000075 0.006112 7 7 7
-0.017877 -0.000075 0.006112 7 7 7
-0.017877 -0.000075 0.006112 7 7 7
-0.017877 -0.000075 0.006112 7 7 7
-0.017876 -0.000075 0.006112 7 7 7
-0.017876 -0.000075 0.006112 7 7 7
-0.017876 -0.000075 0.006112 7 7 7
-0.017876 -0.000075 0.006112 7 7 7
-0.017876 -0.000075 0.006112 7 7 7
-0.017876 -0.000075 0.006112 7 7 7
-0.017875 -0.000075 0.006112 7 7 7
-0.017875 -0.000075 0.006112 7 7 7
-0.017883 -0.000075 0.006115 7 7 7
-0.017883 -0.000075 0.006115 7 7 7
-0.017883 -0.000075 0.006115 7 7 7
-0.017875 -0.000075 0.006112 7 7 7
-0.017874 -0.000075 0.006112 7 7 7
-0.017874 -0.000075 0.006112 7 7 7
-0.017874 -0.000075 0.006112 7 7 7
-0.017874 -0.000075 0.006112 7 7 7
-0.017874 -0.000075 0.006112 7 7 7
-0.017873 -0.000075 0.006112 7 7 7
-0.017873 -0.000075 0.006112 7 7 7
-0.017873 -0.000075 0.006112 7 7 7
-0.017873 -0.000075 0.006112 7 7 7
-0.017873 -0.000075 0.006112 7 7 7
-0.017873 -0.000075 0.006112 7 7 7
-0.017872 -0.000075 0.006112 7 7 7
-0.017872 -0.000075 0.006112 7 7 7
-0.017872 -0.000075 0.006112 7 7 7
-0.017872 -0.000075 0.006112 7 7 7
-0.017872 -0.000075 0.006112 7 7 7
-0.017872 -0.000075 0.006112 7 7 7
-0.017871 -0.000075 0.006112 7 7 7
-0.017871 -0.000075 0.006112 7 7 7
-0.017871 -0.000075 0.006112 7 7 7
-0.017871 -0.000075 0.006112 7 7 7
-0.017871 -0.000075 0.006112 7 7 7
-0.017870 -0.000075 0.006112 7 7 7
-0.017870 -0.000075 0.006112 7 7 7
-0.017870 -0.000075 0.006112 7 7 7
-0.017870 -0.000075 0.006112 7 7 7
-0.017870 -0.000075 0.006112 7 7 7
-0.017870 -0.000075 0.006112 7 7 7
-0.017869 -0.000075 0.006112 7 7 7
-0.017869 -0.000075 0.006112 7 7 7
-0.017869 -0.000075 0.006112 7 7 7
-0.017869 -0.000075 0.006112 7 7 7
-0.017869 -0.000075 0.006112 7 7 7
-0.017869 -0.000075 0.006112 7 7 7
-0.017868 -0.000075 0.006112 7 7 7
-0.017868 -0.000075 0.006112 7 7 7
-0.017868 -0.000075 0.006112 7 7 7
-0.017868 -0.000075 0.006112 7 7 7
-0.017868 -0.000075 0.006112 7 7 7
-0.017867 -0.000075 0.006112 7 7 7
-0.017867 -0.000075 0.006112 7 7 7
-0.017867 -0.000075 0.006112 7 7 7
-0.017867 -0.000075 0.006112 7 7 7
-0.017867 -0.000075 0.006112 7 7 7
-0.017867 -0.000075 0.006112 7 7 7
-0.017866 -0.000075 0.006112 7 7 7
-0.017866 -0.000075 0.006112 7 7 7
-0.017866 -0.000075 0.006112 7 7 7
-0.017866 -0.000075 0.006112 7 7 7
-0.017866 -0.000075 0.006112 7 7 7
-0.017866 -0.000075 0.006112 7 7 7
-0.017865 -0.000075 0.006112 7 7 7
-0.017865 -0.000075 0.006112 7 7 7
-0.017865 -0.000075 0.006112 7 7 7
-0.017865 -0.000075 0.006112 7 7 7
-0.017865 -0.000075 0.006112 7 7 7
-0.017864 -0.000075 0.006112 7 7 7
-0.017864 -0.000075 0.006112 7 7 7
-0.017864 -0.000075 0.006112 7 7 7
-0.017864 -0.000075 0.006112 7 7 7
-0.017864 -0.000075 0.006112 7 7 7
-0.017864 -0.000075 0.006112 7 7 7
-0.017863 -0.000075 0.006112 7 7 7
-0.017879 -0.000075 0.006118 7 7 7
-0.017933 -0.000075 0.006124 115 115 115
-0.017933 -0.000075 0.006124 114 114 114
-0.017924 -0.000075 0.006121 112 112 112
-0.017907 -0.000075 0.006115 110 110 110
-0.017907 -0.000075 0.006115 109 109 109
-0.017907 -0.000075 0.006115 107 107 107
-0.017899 -0.000075 0.006112 105 105 105
-0.017899 -0.000075 0.006112 104 104 104
-0.017898 -0.000075 0.006112 102 102 102
-0.017898 -0.000075 0.006112 100 100 100
-0.017898 -0.000075 0.006112 99 99 99
-0.017906 -0.000075 0.006115 97 97 97
-0.017906 -0.000075 0.006115 95 95 95
-0.017898 -0.000075 0.006112 93 93 93
-0.017897 -0.000075 0.006112 91 91 91
-0.017897 -0.000075 0.006112 89 89 89
-0.017897 -0.000075 0.006112 88 88 88
-0.017897 -0.000075 0.006112 86 86 86
-0.017897 -0.000075 0.006112 84 84 84
-0.017905 -0.000075 0.006115 82 82 82
-0.017913 -0.000075 0.006118 80 80 80
-0.017912 -0.000075 0.006118 78 78 78
-0.017912 -0.000075 0.006118 76 76 76
-0.017912 -0.000075 0.006118 74 74 74
-0.017912 -0.000075 0.006118 73 73 73
-0.017904 -0.000075 0.006115 70 70 70
-0.017903 -0.000075 0.006115 69 69 69
-0.017903 -0.000075 0.006115 67 67 67
-0.017911 -0.000075 0.006118 65 65 65
-0.017911 -0.000075 0.006118 63 63 63
-0.017919 -0.000075 0.006121 61 61 61
-0.017919 -0.000075 0.006121 59 59 59
-0.017919 -0.000075 0.006121 57 57 57
-0.017919 -0.000075 0.006121 56 56 56
-0.017918 -0.000075 0.006121 54 54 54
-0.017918 -0.000075 0.006121 52 52 52
-0.017910 -0.000075 0.006118 50 50 50
-0.017901 -0.000075 0.006115 48 48 48
-0.017901 -0.000075 0.006115 47 47 47
-0.017901 -0.000075 0.006115 45 45 45
-0.017901 -0.000075 0.006115 44 44 44
-0.017909 -0.000075 0.006118 42 42 42
-0.017909 -0.000075 0.006118 40 40 40
-0.017917 -0.000075 0.006121 38 38 38
-0.017917 -0.000075 0.006121 37 37 37
-0.017916 -0.000075 0.006121 36 36 36
-0.017916 -0.000075 0.006121 34 34 34
-0.017908 -0.000075 0.006118 33 33 33
-0.017899 -0.000075 0.006115 32 32 32
-0.017899 -0.000075 0.006115 30 30 30
-0.017899 -0.000075 0.006115 29 29 29
-0.017899 -0.000075 0.006115 28 28 28
-0.017899 -0.000075 0.006115 27 27 27
-0.017899 -0.000075 0.006115 26 26 26
-0.017898 -0.000075 0.006115 24 24 24
-0.017898 -0.000075 0.006115 23 23 23
-0.017898 -0.000075 0.006115 22 22 22
-0.017906 -0.000075 0.006118 21 21 21
-0.017906 -0.000075 0.006118 20 20 20
-0.017906 -0.000075 0.006118 20 20 20
-0.017906 -0.000075 0.006118 19 19 19
-0.017905 -0.000075 0.006118 18 18 18
-0.017913 -0.000075 0.006121 17 17 17
-0.017921 -0.000075 0.006124 17 17 17
-0.017921 -0.000075 0.006124 16 16 16
-0.017921 -0.000075 0.006124 15 15 15
-0.017921 -0.000075 0.006124 15 15 15
-0.017912 -0.000075 0.006121 14 14 14
-0.017904 -0.000075 0.006118 13 13 13
-0.017896 -0.000075 0.006115 12 12 12
-0.017896 -0.000075 0.006115 12 12 12
-0.017895 -0.000075 0.006115 12 12 12
-0.017895 -0.000075 0.006115 11 11 11
-0.017895 -0.000075 0.006115 11 11 11
-0.017895 -0.000075 0.006115 11 11 11
-0.017887 -0.000075 0.006112 10 10 10
-0.017886 -0.000075 0.006112 10 10 10
-0.017894 -0.000075 0.006115 10 10 10
-0.017902 -0.000075 0.006118 9 9 9
-0.017902 -0.000075 0.006118 9 9 9
-0.017902 -0.000075 0.006118 9 9 9
-0.017902 -0.000075 0.006118 9 9 9
-0.017902 -0.000075 0.006118 8 8 8
-0.017893 -0.000075 0.006115 8 8 8
-0.017893 -0.000075 0.006115 8 8 8
-0.017893 -0.000075 0.006115 8 8 8
-0.017893 -0.000075 0.006115 8 8 8
-0.017893 -0.000075 0.006115 8 8 8
-0.017892 -0.000075 0.006115 8 8 8
-0.017892 -0.000075 0.006115 7 7 7
-0.017892 -0.000075 0.006115 7 7 7
-0.017892 -0.000075 0.006115 7 7 7
-0.017892 -0.000075 0.006115 7 7 7
-0.017891 -0.000075 0.006115 7 7 7
-0.017899 -0.000075 0.006118 7 7 7
-0.017899 -0.000075 0.006118 7 7 7
-0.017899 -0.000075 0.006118 7 7 7
-0.017899 -0.000075 0.006118 7 7 7
-0.017899 -0.000075 0.006118 7 7 7
-0.017890 -0.000075 0.006115 7 7 7
-0.017890 -0.000075 0.006115 7 7 7
-0.017890 -0.000075 0.006115 7 7 7
-0.017890 -0.000075 0.006115 7 7 7
-0.017898 -0.000075 0.006118 7 7 7
-0.017898 -0.000075 0.006118 7 7 7
-0.017898 -0.000075 0.006118 7 7 7
-0.017897 -0.000075 0.006118 7 7 7
-0.017897 -0.000075 0.006118 7 7 7
-0.017897 -0.000075 0.006118 7 7 7
-0.017897 -0.000075 0.006118 7 7 7
-0.017897 -0.000075 0.006118 7 7 7
-0.017896 -0.000075 0.006118 7 7 7
-0.017888 -0.000075 0.006115 7 7 7
-0.017888 -0.000075 0.006115 7 7 7
-0.017888 -0.000075 0.006115 7 7 7
-0.017896 -0.000075 0.006118 7 7 7
-0.017896 -0.000075 0.006118 7 7 7
-0.017895 -0.000075 0.006118 7 7 7
-0.017895 -0.000075 0.006118 7 7 7
-0.017895 -0.000075 0.006118 7 7 7
-0.017895 -0.000075 0.006118 7 7 7
-0.017895 -0.000075 0.006118 7 7 7
-0.017894 -0.000075 0.006118 7 7 7
-0.017894 -0.000075 0.006118 7 7 7
-0.017894 -0.000075 0.006118 7 7 7
-0.017894 -0.000075 0.006118 7 7 7
-0.017894 -0.000075 0.006118 7 7 7
-0.017894 -0.000075 0.006118 7 7 7
-0.017893 -0.000075 0.006118 7 7 7
-0.017893 -0.000075 0.006118 7 7 7
-0.017893 -0.000075 0.006118 7 7 7
-0.017893 -0.000075 0.006118 7 7 7
-0.017893 -0.000075 0.006118 7 7 7
-0.017893 -0.000075 0.006118 7 7 7
-0.017892 -0.000075 0.006118 7 7 7
-0.017892 -0.000075 0.006118 7 7 7
-0.017892 -0.000075 0.006118 7 7 7
-0.017892 -0.000075 0.006118 7 7 7
-0.017892 -0.000075 0.006118 7 7 7
-0.017891 -0.000075 0.006118 7 7 7
-0.017891 -0.000075 0.006118 7 7 7
-0.017891 -0.000075 0.006118 7 7 7
-0.017891 -0.000075 0.006118 7 7 7
-0.017891 -0.000075 0.006118 7 7 7
-0.017891 -0.000075 0.006118 7 7 7
-0.017882 -0.000075 0.006115 7 7 7
-0.017882 -0.000075 0.006115 7 7 7
-0.017882 -0.000075 0.006115 7 7 7
-0.017882 -0.000075 0.006115 7 7 7
-0.017882 -0.000075 0.006115 7 7 7
-0.017890 -0.000075 0.006118 7 7 7
-0.017889 -0.000075 0.006118 7 7 7
-0.017889 -0.000075 0.006118 7 7 7
-0.017889 -0.000075 0.006118 7 7 7
-0.017889 -0.000075 0.006118 7 7 7
-0.017889 -0.000075 0.006118 7 7 7
-0.017888 -0.000075 0.006118 7 7 7
-0.017888 -0.000075 0.006118 7 7 7
-0.017888 -0.000075 0.006118 7 7 7
-0.017888 -0.000075 0.006118 7 7 7
-0.017888 -0.000075 0.006118 7 7 7
-0.017888 -0.000075 0.006118 7 7 7
-0.017887 -0.000075 0.006118 7 7 7
-0.017887 -0.000075 0.006118 7 7 7
-0.017887 -0.000075 0.006118 7 7 7
-0.017887 -0.000075 0.006118 7 7 7
-0.017887 -0.000075 0.006118 7 7 7
-0.017886 -0.000075 0.006118 7 7 7
-0.017886 -0.000075 0.006118 7 7 7
-0.017886 -0.000075 0.006118 7 7 7
-0.017886 -0.000075 0.006118 7 7 7
-0.017894 -0.000075 0.006121 7 7 7
-0.017894 -0.000075 0.006121 7 7 7
-0.017885 -0.000075 0.006118 7 7 7
-0.017885 -0.000075 0.006118 7 7 7
-0.017885 -0.000075 0.006118 7 7 7
-0.017877 -0.000075 0.006115 7 7 7
-0.017877 -0.000075 0.006115 7 7 7
-0.017876 -0.000075 0.006115 7 7 7
-0.017876 -0.000075 0.006115 7 7 7
-0.017876 -0.000075 0.006115 7 7 7
-0.017884 -0.000075 0.006118 7 7 7
-0.017884 -0.000075 0.006118 7 7 7
-0.017884 -0.000075 0.006118 7 7 7
-0.017883 -0.000075 0.006118 7 7 7
-0.017883 -0.000075 0.006118 7 7 7
-0.017883 -0.000075 0.006118 7 7 7
-0.017883 -0.000075 0.006118 7 7 7
-0.017883 -0.000075 0.006118 7 7 7
-0.017883 -0.000075 0.006118 7 7 7
-0.017882 -0.000075 0.006118 7 7 7
-0.017882 -0.000075 0.006118 7 7 7
-0.017882 -0.000075 0.006118 7 7 7
-0.017882 -0.000075 0.006118 7 7 7
-0.017882 -0.000075 0.006118 7 7 7
-0.017882 -0.000075 0.006118 7 7 7
-0.017881 -0.000075 0.006118 7 7 7
-0.017881 -0.000075 0.006118 7 7 7
-0.017881 -0.000075 0.006118 7 7 7
-0.017881 -0.000075 0.006118 7 7 7
-0.017881 -0.000075 0.006118 7 7 7
-0.017880 -0.000075 0.006118 7 7 7
-0.017880 -0.000075 0.006118 7 7 7
-0.017880 -0.000075 0.006118 7 7 7
-0.017880 -0.000075 0.006118 7 7 7
-0.017880 -0.000075 0.006118 7 7 7
-0.017880 -0.000075 0.006118 7 7 7
-0.017896 -0.000075 0.006124 7 7 7
-0.018001 -0.000075 0.006147 153 153 153
-0.017933 -0.000075 0.006124 152 152 152
-0.017924 -0.000075 0.006121 152 152 152
-0.017924 -0.000075 0.006121 151 151 151
-0.017924 -0.000075 0.006121 151 151 151
-0.017924 -0.000075 0.006121 150 150 150
-0.017915 -0.000075 0.006118 149 149 149
-0.017915 -0.000075 0.006118 149 149 149
-0.017923 -0.000075 0.006121 148 148 148
-0.017923 -0.000075 0.006121 147 147 147
-0.017914 -0.000075 0.006118 146 146 146
-0.017914 -0.000075 0.006118 145 145 145
-0.017914 -0.000075 0.006118 144 144 144
-0.017914 -0.000075 0.006118 144 144 144
-0.017914 -0.000075 0.006118 143 143 143
-0.017914 -0.000075 0.006118 142 142 142
-0.017913 -0.000075 0.006118 141 141 141
-0.017913 -0.000075 0.006118 140 140 140
-0.017913 -0.000075 0.006118 139 139 139
-0.017921 -0.000075 0.006121 137 137 137
-0.017921 -0.000075 0.006121 136 136 136
-0.017921 -0.000075 0.006121 135 135 135
-0.017921 -0.000075 0.006121 134 134 134
-0.017920 -0.000075 0.006121 133 133 133
-0.017920 -0.000075 0.006121 132 132 132
-0.017920 -0.000075 0.006121 130 130 130
-0.017920 -0.000075 0.006121 129 129 129
-0.017920 -0.000075 0.006121 128 128 128
-0.017919 -0.000075 0.006121 126 126 126
-0.017919 -0.000075 0.006121 125 125 125
-0.017927 -0.000075 0.006124 123 123 123
-0.017927 -0.000075 0.006124 122 122 122
-0.017935 -0.000075 0.006126 121 121 121
-0.017935 -0.000075 0.006126 119 119 119
-0.017935 -0.000075 0.006126 118 118 118
-0.017926 -0.000075 0.006124 116 116 116
-0.017926 -0.000075 0.006124 115 115 115
-0.017918 -0.000075 0.006121 113 113 113
-0.017918 -0.000075 0.006121 111 111 111
-0.017917 -0.000075 0.006121 110 110 110
-0.017917 -0.000075 0.006121 108 108 108
-0.017917 -0.000075 0.006121 106 106 106
-0.017925 -0.000075 0.006124 104 104 104
-0.017925 -0.000075 0.006124 102 102 102
-0.017925 -0.000075 0.006124 101 101 101
-0.017925 -0.000075 0.006124 99 99 99
-0.017925 -0.000075 0.006124 97 97 97
-0.017924 -0.000075 0.006124 95 95 95
-0.017916 -0.000075 0.006121 93 93 93
-0.017916 -0.000075 0.006121 91 91 91
-0.017907 -0.000075 0.006118 90 90 90
-0.017907 -0.000075 0.006118 88 88 88
-0.017907 -0.000075 0.006118 85 85 85
-0.017907 -0.000075 0.006118 84 84 84
-0.017907 -0.000075 0.006118 82 82 82
-0.017915 -0.000075 0.006121 80 80 80
-0.017914 -0.000075 0.006121 78 78 78
-0.017914 -0.000075 0.006121 76 76 76
-0.017922 -0.000075 0.006124 74 74 74
-0.017922 -0.000075 0.006124 72 72 72
-0.017922 -0.000075 0.006124 70 70 70
-0.017922 -0.000075 0.006124 68 68 68
-0.017947 -0.000075 0.006132 66 66 66
-0.017947 -0.000075 0.006132 65 65 64
-0.017946 -0.000075 0.006132 63 63 62
-0.017946 -0.000075 0.006132 61 61 61
-0.017946 -0.000075 0.006132 59 59 59
-0.017921 -0.000075 0.006124 57 57 57
-0.017912 -0.000075 0.006121 56 56 56
-0.017904 -0.000075 0.006118 53 53 53
-0.017904 -0.000075 0.006118 52 52 52
-0.017904 -0.000075 0.006118 50 50 50
-0.017903 -0.000075 0.006118 48 48 48
-0.017903 -0.000075 0.006118 47 47 47
-0.017903 -0.000075 0.006118 45 45 45
-0.017903 -0.000075 0.006118 43 43 43
-0.017903 -0.000075 0.006118 41 41 41
-0.017902 -0.000075 0.006118 40 40 40
-0.017911 -0.000075 0.006121 38 38 38
-0.017910 -0.000075 0.006121 37 37 37
-0.017910 -0.000075 0.006121 36 36 36
-0.017910 -0.000075 0.006121 34 34 34
-0.017910 -0.000075 0.006121 33 33 33
-0.017910 -0.000075 0.006121 31 31 31
-0.017909 -0.000075 0.006121 30 30 30
-0.017909 -0.000075 0.006121 29 29 29
-0.017909 -0.000075 0.006121 27 27 27
-0.017909 -0.000075 0.006121 26 26 26
-0.017909 -0.000075 0.006121 25 25 25
-0.017900 -0.000075 0.006118 24 24 24
-0.017900 -0.000075 0.006118 23 23 23
-0.017900 -0.000075 0.006118 22 22 22
-0.017908 -0.000075 0.006121 21 21 21
-0.017908 -0.000075 0.006121 20 20 20
-0.017908 -0.000075 0.006121 19 19 19
-0.017907 -0.000075 0.006121 18 18 18
-0.017907 -0.000075 0.006121 17 17 17
-0.017907 -0.000075 0.006121 17 17 17
-0.017907 -0.000075 0.006121 16 16 16
-0.017907 -0.000075 0.006121 15 15 15
-0.017898 -0.000075 0.006118 15 15 15
-0.017898 -0.000075 0.006118 14 14 14
-0.017906 -0.000075 0.006121 13 13 13
-0.017906 -0.000075 0.006121 12 12 12
-0.017914 -0.000075 0.006124 12 12 12
-0.017914 -0.000075 0.006124 12 12 12
-0.017914 -0.000075 0.006124 11 11 11
-0.017914 -0.000075 0.006124 11 11 11
-0.017913 -0.000075 0.006124 10 10 10
-0.017913 -0.000075 0.006124 10 10 10
-0.017913 -0.000075 0.006124 10 10 10
-0.017905 -0.000075 0.006121 10 10 10
-0.017904 -0.000075 0.006121 10 10 10
-0.017904 -0.000075 0.006121 9 9 9
-0.017904 -0.000075 0.006121 9 9 9
-0.017904 -0.000075 0.006121 9 9 9
-0.017912 -0.000075 0.006124 9 9 9
-0.017912 -0.000075 0.006124 8 8 8
-0.017912 -0.000075 0.006124 8 8 8
-0.017911 -0.000075 0.006124 8 8 8
-0.017903 -0.000075 0.006121 8 8 8
-0.017903 -0.000075 0.006121 8 8 8
-0.017903 -0.000075 0.006121 8 8 8
-0.017903 -0.000075 0.006121 8 8 8
-0.017902 -0.000075 0.006121 7 7 7
-0.017910 -0.000075 0.006124 8 8 8
-0.017910 -0.000075 0.006124 8 8 8
-0.017910 -0.000075 0.006124 7 7 7
-0.017910 -0.000075 0.006124 7 7 7
-0.017910 -0.000075 0.006124 7 7 7
-0.017909 -0.000075 0.006124 7 7 7
-0.017909 -0.000075 0.006124 7 7 7
-0.017909 -0.000075 0.006124 7 7 7
-0.017909 -0.000075 0.006124 7 7 7
-0.017909 -0.000075 0.006124 7 7 7
-0.017900 -0.000075 0.006121 7 7 7
-0.017900 -0.000075 0.006121 7 7 7
-0.017908 -0.000075 0.006124 7 7 7
-0.017908 -0.000075 0.006124 7 7 7
-0.017908 -0.000075 0.006124 7 7 7
-0.017908 -0.000075 0.006124 7 7 7
-0.017908 -0.000075 0.006124 7 7 7
-0.017907 -0.000075 0.006124 7 7 7
-0.017899 -0.000075 0.006121 7 7 7
-0.017899 -0.000075 0.006121 7 7 7
-0.017899 -0.000075 0.006121 7 7 7
-0.017890 -0.000075 0.006118 7 7 7
-0.017890 -0.000075 0.006118 7 7 7
-0.017898 -0.000075 0.006121 7 7 7
-0.017898 -0.000075 0.006121 7 7 7
-0.017898 -0.000075 0.006121 7 7 7
-0.017898 -0.000075 0.006121 7 7 7
-0.017897 -0.000075 0.006121 7 7 7
-0.017897 -0.000075 0.006121 7 7 7
-0.017897 -0.000075 0.006121 7 7 7
-0.017897 -0.000075 0.006121 7 7 7
-0.017897 -0.000075 0.006121 7 7 7
-0.017896 -0.000075 0.006121 7 7 7
-0.017896 -0.000075 0.006121 7 7 7
-0.017896 -0.000075 0.006121 7 7 7
-0.017896 -0.000075 0.006121 7 7 7
-0.017896 -0.000075 0.006121 7 7 7
-0.017896 -0.000075 0.006121 7 7 7
-0.017904 -0.000075 0.006124 7 7 7
-0.017903 -0.000075 0.006124 7 7 7
-0.017903 -0.000075 0.006124 7 7 7
-0.017903 -0.000075 0.006124 7 7 7
-0.017903 -0.000075 0.006124 7 7 7
-0.017903 -0.000075 0.006124 7 7 7
-0.017903 -0.000075 0.006124 7 7 7
-0.017902 -0.000075 0.006124 7 7 7
-0.017902 -0.000075 0.006124 7 7 7
-0.017902 -0.000075 0.006124 7 7 7
-0.017902 -0.000075 0.006124 7 7 7
-0.017902 -0.000075 0.006124 7 7 7
-0.017901 -0.000075 0.006124 7 7 7
-0.017893 -0.000075 0.006121 7 7 7
-0.017885 -0.000075 0.006118 7 7 7
-0.017885 -0.000075 0.006118 7 7 7
-0.017884 -0.000075 0.006118 7 7 7
-0.017884 -0.000075 0.006118 7 7 7
-0.017892 -0.000075 0.006121 7 7 7
-0.017892 -0.000075 0.006121 7 7 7
-0.017900 -0.000075 0.006124 7 7 7
-0.017900 -0.000075 0.006124 7 7 7
-0.017900 -0.000075 0.006124 7 7 7
-0.017899 -0.000075 0.006124 7 7 7
-0.017899 -0.000075 0.006124 7 7 7
-0.017891 -0.000075 0.006121 7 7 7
-0.017891 -0.000075 0.006121 7 7 7
-0.017891 -0.000075 0.006121 7 7 7
-0.017890 -0.000075 0.006121 7 7 7
-0.017890 -0.000075 0.006121 7 7 7
-0.017890 -0.000075 0.006121 7 7 7
-0.017890 -0.000075 0.006121 7 7 7
-0.017890 -0.000075 0.006121 7 7 7
-0.017889 -0.000075 0.006121 7 7 7
-0.017889 -0.000075 0.006121 7 7 7
-0.017889 -0.000075 0.006121 7 7 7
-0.017889 -0.000075 0.006121 7 7 7
-0.017889 -0.000075 0.006121 7 7 7
-0.017889 -0.000075 0.006121 7 7 7
-0.017888 -0.000075 0.006121 7 7 7
-0.017888 -0.000075 0.006121 7 7 7
-0.017888 -0.000075 0.006121 7 7 7
-0.017888 -0.000075 0.006121 7 7 7
-0.017896 -0.000075 0.006124 7 7 7
-0.018089 -0.000077 0.006190 7 7 7
-0.018027 -0.000076 0.006156 164 164 164
-0.018001 -0.000075 0.006147 164 164 164
-0.017992 -0.000075 0.006144 164 164 164
-0.017992 -0.000075 0.006144 164 164 164
-0.018053 -0.000076 0.006165 164 164 164
-0.018090 -0.000076 0.006177 164 164 164
-0.018108 -0.000076 0.006184 164 164 164
-0.018118 -0.000077 0.006187 163 163 163
-0.018127 -0.000077 0.006190 163 163 163
-0.018127 -0.000077 0.006190 163 163 163
-0.018126 -0.000077 0.006190 163 163 163
-0.018126 -0.000077 0.006190 163 163 163
-0.018126 -0.000077 0.006190 163 163 163
-0.018126 -0.000077 0.006190 162 162 162
-0.018126 -0.000077 0.006190 162 162 162
-0.018107 -0.000076 0.006184 162 162 162
-0.018097 -0.000076 0.006180 162 162 162
-0.018024 -0.000076 0.006156 161 161 161
-0.018024 -0.000076 0.006156 161 161 161
-0.018024 -0.000076 0.006156 161 161 161
-0.018024 -0.000076 0.006156 161 161 161
-0.018023 -0.000076 0.006156 160 160 160
-0.018087 -0.000076 0.006177 160 160 160
-0.018086 -0.000076 0.006177 160 160 160
-0.018086 -0.000076 0.006177 159 159 159
-0.018086 -0.000076 0.006177 159 159 159
-0.018086 -0.000076 0.006177 159 159 159
-0.018058 -0.000076 0.006168 158 158 158
-0.018031 -0.000076 0.006159 158 158 158
-0.018058 -0.000076 0.006168 157 157 157
-0.018058 -0.000076 0.006168 157 157 157
-0.018057 -0.000076 0.006168 157 157 157
-0.018048 -0.000076 0.006165 156 156 156
-0.018048 -0.000076 0.006165 156 156 156
-0.018066 -0.000076 0.006171 155 155 155
-0.018066 -0.000076 0.006171 155 155 155
-0.018066 -0.000076 0.006171 154 154 154
-0.018084 -0.000076 0.006177 153 153 153
-0.018093 -0.000076 0.006180 153 153 153
-0.018093 -0.000076 0.006180 152 152 152
-0.018102 -0.000076 0.006184 151 151 151
-0.018102 -0.000076 0.006184 150 150 150
-0.018101 -0.000076 0.006184 150 150 150
-0.018101 -0.000076 0.006184 149 149 149
-0.018101 -0.000076 0.006184 148 148 148
-0.018101 -0.000076 0.006184 147 147 147
-0.018101 -0.000076 0.006184 147 147 147
-0.018101 -0.000076 0.006184 145 145 145
-0.018091 -0.000076 0.006180 144 144 144
-0.018091 -0.000076 0.006180 144 144 144
-0.018018 -0.000076 0.006156 143 143 143
-0.017932 -0.000075 0.006126 142 142 142
-0.017923 -0.000075 0.006124 141 141 141
-0.017932 -0.000075 0.006126 140 140 140
-0.017931 -0.000075 0.006126 139 139 139
-0.017991 -0.000075 0.006147 138 138 138
-0.018008 -0.000075 0.006153 136 136 136
-0.018017 -0.000076 0.006156 135 135 135
-0.018034 -0.000076 0.006162 134 134 134
-0.018034 -0.000076 0.006162 133 133 133
-0.018034 -0.000076 0.006162 131 131 131
-0.018061 -0.000076 0.006171 130 130 130
-0.018061 -0.000076 0.006171 128 128 128
-0.018088 -0.000076 0.006180 127 127 127
-0.018107 -0.000077 0.006187 126 126 126
-0.018116 -0.000077 0.006190 124 124 124
-0.018116 -0.000077 0.006190 123 123 123
-0.018116 -0.000077 0.006190 122 122 122
-0.018115 -0.000077 0.006190 120 120 120
-0.018096 -0.000076 0.006184 119 119 119
-0.017920 -0.000075 0.006124 117 117 117
-0.017920 -0.000075 0.006124 115 115 115
-0.017920 -0.000075 0.006124 114 114 114
-0.017920 -0.000075 0.006124 112 112 112
-0.017920 -0.000075 0.006124 110 110 110
-0.017919 -0.000075 0.006124 108 108 108
-0.017927 -0.000075 0.006126 107 107 107
-0.017970 -0.000075 0.006141 105 105 105
-0.018004 -0.000075 0.006153 103 103 103
-0.018013 -0.000076 0.006156 101 101 101
-0.018048 -0.000076 0.006168 99 99 99
-0.018048 -0.000076 0.006168 98 98 98
-0.018085 -0.000076 0.006180 96 96 96
-0.018094 -0.000076 0.006184 94 94 94
-0.018093 -0.000076 0.006184 92 92 92
-0.018084 -0.000076 0.006180 90 90 90
-0.018075 -0.000076 0.006177 87 87 87
-0.018074 -0.000076 0.006177 86 86 86
-0.018029 -0.000076 0.006162 84 84 84
-0.018002 -0.000075 0.006153 82 82 82
-0.018028 -0.000076 0.006162 80 80 80
-0.018002 -0.000075 0.006153 78 78 78
-0.018055 -0.000076 0.006171 76 76 76
-0.018055 -0.000076 0.006171 74 74 74
-0.018082 -0.000076 0.006180 72 72 72
-0.018091 -0.000076 0.006184 70 70 70
-0.018091 -0.000076 0.006184 68 68 68
-0.018091 -0.000076 0.006184 66 66 66
-0.018091 -0.000076 0.006184 64 64 64
-0.018100 -0.000077 0.006187 62 62 62
-0.018109 -0.000077 0.006190 60 60 60
-0.018128 -0.000077 0.006197 58 58 58
-0.018137 -0.000077 0.006200 57 57 57
-0.018137 -0.000077 0.006200 55 55 55
-0.018127 -0.000077 0.006197 53 53 53
-0.018118 -0.000077 0.006193 51 51 51
-0.018080 -0.000076 0.006180 49 49 49
-0.018080 -0.000076 0.006180 47 47 47
-0.018070 -0.000076 0.006177 46 46 46
-0.018034 -0.000076 0.006165 44 44 44
-0.018034 -0.000076 0.006165 42 42 42
-0.018043 -0.000076 0.006168 41 41 41
-0.018051 -0.000076 0.006171 39 39 39
-0.018069 -0.000076 0.006177 38 38 38
-0.018069 -0.000076 0.006177 36 36 36
-0.018069 -0.000076 0.006177 34 34 34
-0.018078 -0.000076 0.006180 33 33 33
-0.018078 -0.000076 0.006180 32 32 32
-0.018078 -0.000076 0.006180 30 30 30
-0.018041 -0.000076 0.006168 29 29 29
-0.018077 -0.000076 0.006180 28 28 28
-0.018077 -0.000076 0.006180 27 27 27
-0.018077 -0.000076 0.006180 26 26 26
-0.018077 -0.000076 0.006180 24 24 24
-0.018077 -0.000076 0.006180 23 23 23
-0.018067 -0.000076 0.006177 22 22 22
-0.018058 -0.000076 0.006174 21 21 21
-0.018058 -0.000076 0.006174 20 20 20
-0.018076 -0.000076 0.006180 19 19 19
-0.018085 -0.000076 0.006184 18 18 18
-0.018094 -0.000077 0.006187 17 17 17
-0.018094 -0.000077 0.006187 17 17 17
-0.018094 -0.000077 0.006187 16 16 16
-0.018094 -0.000077 0.006187 15 15 15
-0.018093 -0.000077 0.006187 15 15 15
-0.018093 -0.000077 0.006187 14 14 14
-0.018084 -0.000076 0.006184 14 14 14
-0.018083 -0.000076 0.006184 13 13 13
-0.018083 -0.000076 0.006184 12 12 12
-0.018083 -0.000076 0.006184 12 12 12
-0.018064 -0.000076 0.006177 12 12 12
-0.018037 -0.000076 0.006168 11 11 11
-0.018010 -0.000076 0.006159 11 11 11
-0.017983 -0.000075 0.006150 10 10 10
-0.017975 -0.000075 0.006147 10 10 10
-0.017949 -0.000075 0.006138 10 10 10
-0.017915 -0.000075 0.006126 9 9 9
-0.017915 -0.000075 0.006126 9 9 9
-0.017915 -0.000075 0.006126 9 9 9
-0.018081 -0.000076 0.006184 9 9 9
-0.018081 -0.000076 0.006184 9 9 9
-0.018081 -0.000076 0.006184 8 8 8
-0.018062 -0.000076 0.006177 8 8 8
-0.018044 -0.000076 0.006171 8 8 8
-0.018062 -0.000076 0.006177 8 8 8
-0.018043 -0.000076 0.006171 8 8 8
-0.018025 -0.000076 0.006165 8 8 8
-0.018016 -0.000076 0.006162 8 8 8
-0.018007 -0.000076 0.006159 7 7 7
-0.018007 -0.000076 0.006159 7 7 7
-0.018015 -0.000076 0.006162 7 7 7
-0.018015 -0.000076 0.006162 7 7 7
-0.018033 -0.000076 0.006168 7 7 7
-0.018033 -0.000076 0.006168 7 7 7
-0.018024 -0.000076 0.006165 7 7 7
-0.018023 -0.000076 0.006165 7 7 7
-0.018014 -0.000076 0.006162 7 7 7
-0.018023 -0.000076 0.006165 7 7 7
-0.018023 -0.000076 0.006165 7 7 7
-0.018032 -0.000076 0.006168 7 7 7
-0.018059 -0.000076 0.006177 7 7 7
-0.018059 -0.000076 0.006177 7 7 7
-0.018068 -0.000076 0.006180 7 7 7
-0.018077 -0.000076 0.006184 7 7 7
-0.018086 -0.000077 0.006187 7 7 7
-0.018086 -0.000077 0.006187 7 7 7
-0.018085 -0.000077 0.006187 7 7 7
-0.018085 -0.000077 0.006187 7 7 7
-0.018085 -0.000077 0.006187 7 7 7
-0.018085 -0.000077 0.006187 7 7 7
-0.018085 -0.000077 0.006187 7 7 7
-0.018066 -0.000076 0.006180 7 7 7
-0.018066 -0.000076 0.006180 7 7 7
-0.018075 -0.000076 0.006184 7 7 7
-0.018075 -0.000076 0.006184 7 7 7
-0.018074 -0.000076 0.006184 7 7 7
-0.018074 -0.000076 0.006184 7 7 7
-0.018074 -0.000076 0.006184 7 7 7
-0.018074 -0.000076 0.006184 7 7 7
-0.018074 -0.000076 0.006184 7 7 7
-0.018064 -0.000076 0.006180 7 7 7
-0.018064 -0.000076 0.006180 7 7 7
-0.018064 -0.000076 0.006180 7 7 7
-0.018073 -0.000076 0.006184 7 7 7
-0.018073 -0.000076 0.006184 7 7 7
-0.018082 -0.000077 0.006187 7 7 7
-0.018082 -0.000077 0.006187 7 7 7
-0.018081 -0.000077 0.006187 7 7 7
-0.018072 -0.000076 0.006184 7 7 7
-0.018072 -0.000076 0.006184 7 7 7
-0.018071 -0.000076 0.006184 7 7 7
-0.018071 -0.000076 0.006184 7 7 7
-0.018071 -0.000076 0.006184 7 7 7
-0.018080 -0.000077 0.006187 7 7 7
-0.018089 -0.000077 0.006190 7 7 7
-0.018089 -0.000077 0.006190 7 7 7
-0.018089 -0.000077 0.006190 7 7 7
-0.018098 -0.000077 0.006193 7 7 7
-0.018027 -0.000075 0.006156 165 165 165
-0.018018 -0.000075 0.006153 165 165 165
-0.018018 -0.000075 0.006153 166 166 166
-0.018054 -0.000076 0.006165 166 166 166
-0.018090 -0.000076 0.006177 166 166 166
-0.018108 -0.000076 0.006184 166 166 166
-0.018118 -0.000076 0.006187 166 166 166
-0.018127 -0.000076 0.006190 166 166 166
-0.018136 -0.000077 0.006193 166 166 166
-0.018136 -0.000077 0.006193 166 166 166
-0.018136 -0.000077 0.006193 166 166 166
-0.018136 -0.000077 0.006193 166 166 166
-0.018136 -0.000077 0.006193 166 166 166
-0.018135 -0.000077 0.006193 166 166 166
-0.018135 -0.000077 0.006193 166 166 166
-0.018125 -0.000076 0.006190 166 166 166
-0.018116 -0.000076 0.006187 166 166 166
-0.018116 -0.000076 0.006187 166 166 166
-0.018106 -0.000076 0.006184 166 166 166
-0.018106 -0.000076 0.006184 166 166 166
-0.018106 -0.000076 0.006184 166 166 166
-0.018105 -0.000076 0.006184 166 166 166
-0.018124 -0.000076 0.006190 166 166 166
-0.018124 -0.000076 0.006190 166 166 166
-0.018124 -0.000076 0.006190 166 166 166
-0.018124 -0.000076 0.006190 166 166 166
-0.018104 -0.000076 0.006184 166 166 166
-0.018104 -0.000076 0.006184 165 165 165
-0.018067 -0.000076 0.006171 166 166 166
-0.018085 -0.000076 0.006177 166 166 166
-0.018094 -0.000076 0.006180 166 166 166
-0.018094 -0.000076 0.006180 166 166 166
-0.018094 -0.000076 0.006180 166 166 166
-0.018094 -0.000076 0.006180 166 166 166
-0.018103 -0.000076 0.006184 166 166 166
-0.018112 -0.000076 0.006187 165 165 165
-0.018112 -0.000076 0.006187 165 165 165
-0.018112 -0.000076 0.006187 165 165 165
-0.018102 -0.000076 0.006184 165 165 165
-0.018102 -0.000076 0.006184 165 165 165
-0.018102 -0.000076 0.006184 165 165 165
-0.018111 -0.000076 0.006187 164 164 164
-0.018111 -0.000076 0.006187 165 165 165
-0.018111 -0.000076 0.006187 165 165 165
-0.018110 -0.000076 0.006187 164 164 164
-0.018110 -0.000076 0.006187 164 164 164
-0.018110 -0.000076 0.006187 164 164 164
-0.018110 -0.000076 0.006187 164 164 164
-0.018110 -0.000076 0.006187 163 163 163
-0.018100 -0.000076 0.006184 163 163 163
-0.018081 -0.000076 0.006177 163 163 163
-0.018027 -0.000075 0.006159 163 163 163
-0.018009 -0.000075 0.006153 163 163 163
-0.018009 -0.000075 0.006153 163 163 163
-0.018009 -0.000075 0.006153 163 163 163
-0.018044 -0.000076 0.006165 162 162 162
-0.018089 -0.000076 0.006180 162 162 162
-0.018089 -0.000076 0.006180 161 161 161
-0.018089 -0.000076 0.006180 161 161 161
-0.018070 -0.000076 0.006174 160 160 160
-0.018061 -0.000076 0.006171 160 160 160
-0.018061 -0.000076 0.006171 160 160 160
-0.018088 -0.000076 0.006180 159 159 159
-0.018107 -0.000076 0.006187 159 159 159
-0.018116 -0.000076 0.006190 159 159 159
-0.018125 -0.000077 0.006193 158 158 158
-0.018135 -0.000077 0.006197 158 158 158
-0.018135 -0.000077 0.006197 158 158 158
-0.018134 -0.000077 0.006197 157 157 157
-0.018125 -0.000077 0.006193 156 156 156
-0.018096 -0.000076 0.006184 156 156 156
-0.018005 -0.000075 0.006153 155 155 155
-0.018005 -0.000075 0.006153 154 154 154
-0.018005 -0.000075 0.006153 154 154 154
-0.018014 -0.000075 0.006156 153 153 153
-0.018013 -0.000075 0.006156 153 153 153
-0.018013 -0.000075 0.006156 152 152 152
-0.018022 -0.000075 0.006159 151 151 151
-0.018022 -0.000075 0.006159 150 150 150
-0.018039 -0.000076 0.006165 150 150 150
-0.018057 -0.000076 0.006171 149 149 149
-0.018085 -0.000076 0.006180 148 148 148
-0.018103 -0.000076 0.006187 147 147 147
-0.018112 -0.000076 0.006190 146 146 146
-0.018112 -0.000076 0.006190 145 145 145
-0.018112 -0.000076 0.006190 144 144 144
-0.018093 -0.000076 0.006184 143 143 143
-0.018074 -0.000076 0.006177 142 142 142
-0.018074 -0.000076 0.006177 141 141 141
-0.018074 -0.000076 0.006177 140 140 140
-0.018083 -0.000076 0.006180 138 138 138
-0.018074 -0.000076 0.006177 137 137 137
-0.018073 -0.000076 0.006177 136 136 136
-0.018082 -0.000076 0.006180 135 135 135
-0.018101 -0.000076 0.006187 133 133 133
-0.018110 -0.000076 0.006190 132 132 132
-0.018110 -0.000076 0.006190 131 131 131
-0.018110 -0.000076 0.006190 129 129 129
-0.018110 -0.000076 0.006190 128 128 128
-0.018119 -0.000077 0.006193 127 127 127
-0.018128 -0.000077 0.006197 125 125 125
-0.018147 -0.000077 0.006203 123 123 123
-0.018147 -0.000077 0.006203 122 122 122
-0.018147 -0.000077 0.006203 121 121 121
-0.018147 -0.000077 0.006203 119 119 119
-0.018137 -0.000077 0.006200 117 117 117
-0.018118 -0.000077 0.006193 115 115 115
-0.018117 -0.000077 0.006193 114 114 114
-0.018108 -0.000076 0.006190 112 112 112
-0.018089 -0.000076 0.006184 110 110 110
-0.018089 -0.000076 0.006184 108 108 108
-0.018088 -0.000076 0.006184 107 107 107
-0.018088 -0.000076 0.006184 105 105 105
-0.018097 -0.000076 0.006187 103 103 103
-0.018097 -0.000076 0.006187 101 101 101
-0.018097 -0.000076 0.006187 99 99 99
-0.018097 -0.000076 0.006187 97 97 97
-0.018087 -0.000076 0.006184 96 96 96
-0.018087 -0.000076 0.006184 94 94 94
-0.018087 -0.000076 0.006184 92 92 92
-0.018077 -0.000076 0.006180 90 90 90
-0.018077 -0.000076 0.006180 87 87 87
-0.018077 -0.000076 0.006180 85 85 85
-0.018077 -0.000076 0.006180 83 83 83
-0.018077 -0.000076 0.006180 82 82 82
-0.018067 -0.000076 0.006177 79 79 79
-0.018076 -0.000076 0.006180 78 78 78
-0.018076 -0.000076 0.006180 76 76 76
-0.018085 -0.000076 0.006184 73 73 73
-0.018104 -0.000076 0.006190 71 71 71
-0.018113 -0.000077 0.006193 69 69 69
-0.018122 -0.000077 0.006197 67 67 67
-0.018113 -0.000077 0.006193 65 65 65
-0.018112 -0.000077 0.006193 63 63 63
-0.018112 -0.000077 0.006193 61 61 61
-0.018112 -0.000077 0.006193 59 59 59
-0.018102 -0.000076 0.006190 57 57 57
-0.018102 -0.000076 0.006190 56 56 56
-0.018093 -0.000076 0.006187 54 54 54
-0.018083 -0.000076 0.006184 52 52 52
-0.018083 -0.000076 0.006184 50 50 50
-0.018046 -0.000076 0.006171 48 48 48
-0.018028 -0.000076 0.006165 46 46 46
-0.018010 -0.000075 0.006159 44 44 44
-0.017992 -0.000075 0.006153 43 43 43
-0.017983 -0.000075 0.006150 41 41 41
-0.017948 -0.000075 0.006138 39 39 39
-0.017940 -0.000075 0.006135 38 38 38
-0.018000 -0.000075 0.006156 37 37 37
-0.018100 -0.000076 0.006190 35 35 35
-0.018100 -0.000076 0.006190 33 33 33
-0.018090 -0.000076 0.006187 32 32 32
-0.018090 -0.000076 0.006187 31 31 31
-0.018090 -0.000076 0.006187 29 29 29
-0.018090 -0.000076 0.006187 28 28 28
-0.018080 -0.000076 0.006184 27 27 27
-0.018080 -0.000076 0.006184 26 26 26
-0.018070 -0.000076 0.006180 25 25 25
-0.018043 -0.000076 0.006171 23 23 23
-0.018025 -0.000076 0.006165 22 22 22
-0.018024 -0.000076 0.006165 21 21 21
-0.018024 -0.000076 0.006165 20 20 20
-0.018033 -0.000076 0.006168 20 20 20
-0.018033 -0.000076 0.006168 19 19 19
-0.018024 -0.000076 0.006165 18 18 18
-0.018023 -0.000076 0.006165 17 17 17
-0.018023 -0.000076 0.006165 16 16 16
-0.018032 -0.000076 0.006168 16 16 16
-0.018032 -0.000076 0.006168 15 15 15
-0.018059 -0.000076 0.006177 14 14 14
-0.018059 -0.000076 0.006177 14 14 14
-0.018077 -0.000076 0.006184 13 13 13
-0.018077 -0.000076 0.006184 13 13 13
-0.018095 -0.000076 0.006190 12 12 12
-0.018104 -0.000077 0.006193 11 11 11
-0.018114 -0.000077 0.006197 11 11 11
-0.018114 -0.000077 0.006197 11 11 11
-0.018113 -0.000077 0.006197 10 10 10
-0.018104 -0.000077 0.006193 10 10 10
-0.018104 -0.000077 0.006193 10 10 10
-0.018094 -0.000076 0.006190 9 9 9
-0.018084 -0.000076 0.006187 9 9 9
-0.018084 -0.000076 0.006187 9 9 9
-0.018084 -0.000076 0.006187 9 9 9
-0.018084 -0.000076 0.006187 9 9 9
-0.018084 -0.000076 0.006187 8 8 8
-0.018093 -0.000076 0.006190 8 8 8
-0.018093 -0.000076 0.006190 8 8 8
-0.018092 -0.000076 0.006190 8 8 8
-0.018092 -0.000076 0.006190 8 8 8
-0.018083 -0.000076 0.006187 8 8 8
-0.018082 -0.000076 0.006187 8 8 8
-0.018082 -0.000076 0.006187 7 7 7
-0.018091 -0.000076 0.006190 7 7 7
-0.018091 -0.000076 0.006190 7 7 7
-0.018100 -0.000077 0.006193 7 7 7
-0.018100 -0.000077 0.006193 8 8 8
-0.018091 -0.000076 0.006190 7 7 7
-0.018081 -0.000076 0.006187 7 7 7
-0.018081 -0.000076 0.006187 7 7 7
-0.018081 -0.000076 0.006187 7 7 7
-0.018090 -0.000076 0.006190 7 7 7
-0.018090 -0.000076 0.006190 7 7 7
-0.018099 -0.000077 0.006193 7 7 7
-0.018108 -0.000077 0.006197 7 7 7
-0.018108 -0.000077 0.006197 7 7 7
-0.018108 -0.000077 0.006197 7 7 7
-0.018108 -0.000077 0.006197 7 7 7
-0.018027 -0.000075 0.006156 165 165 165
-0.018027 -0.000075 0.006156 165 165 165
-0.018045 -0.000075 0.006162 165 165 165
-0.018063 -0.000076 0.006168 166 166 166
-0.018109 -0.000076 0.006184 166 166 166
-0.018118 -0.000076 0.006187 166 166 166
-0.018118 -0.000076 0.006187 166 166 166
-0.018136 -0.000076 0.006193 166 166 166
-0.018136 -0.000076 0.006193 166 166 166
-0.018146 -0.000076 0.006197 166 166 166
-0.018145 -0.000076 0.006197 166 166 166
-0.018145 -0.000076 0.006197 166 166 166
-0.018145 -0.000076 0.006197 166 166 166
-0.018145 -0.000076 0.006197 166 166 166
-0.018145 -0.000076 0.006197 166 166 166
-0.018145 -0.000076 0.006197 166 166 166
-0.018135 -0.000076 0.006193 166 166 166
-0.018135 -0.000076 0.006193 166 166 166
-0.018115 -0.000076 0.006187 166 166 166
-0.018115 -0.000076 0.006187 166 166 166
-0.018115 -0.000076 0.006187 166 166 166
-0.018134 -0.000076 0.006193 166 166 166
-0.018143 -0.000076 0.006197 166 166 166
-0.018133 -0.000076 0.006193 166 166 166
-0.018124 -0.000076 0.006190 166 166 166
-0.018124 -0.000076 0.006190 167 167 167
-0.018114 -0.000076 0.006187 166 166 166
-0.018104 -0.000076 0.006184 166 166 166
-0.018095 -0.000076 0.006180 166 166 166
-0.018104 -0.000076 0.006184 166 166 166
-0.018113 -0.000076 0.006187 166 166 166
-0.018113 -0.000076 0.006187 167 167 167
-0.018103 -0.000076 0.006184 167 167 167
-0.018113 -0.000076 0.006187 166 166 166
-0.018112 -0.000076 0.006187 166 166 166
-0.018112 -0.000076 0.006187 167 167 167
-0.018112 -0.000076 0.006187 167 167 167
-0.018121 -0.000076 0.006190 167 167 167
-0.018121 -0.000076 0.006190 167 167 167
-0.018111 -0.000076 0.006187 167 167 167
-0.018111 -0.000076 0.006187 167 167 167
-0.018111 -0.000076 0.006187 166 166 166
-0.018111 -0.000076 0.006187 167 167 167
-0.018111 -0.000076 0.006187 167 167 167
-0.018110 -0.000076 0.006187 167 167 167
-0.018110 -0.000076 0.006187 167 167 167
-0.018110 -0.000076 0.006187 167 167 167
-0.018110 -0.000076 0.006187 167 167 167
-0.018110 -0.000076 0.006187 167 167 167
-0.018110 -0.000076 0.006187 167 167 167
-0.018091 -0.000076 0.006180 167 167 167
-0.018063 -0.000076 0.006171 167 167 167
-0.018044 -0.000075 0.006165 167 167 167
-0.018044 -0.000075 0.006165 167 167 167
-0.018044 -0.000075 0.006165 167 167 167
-0.018090 -0.000076 0.006180 167 167 167
-0.018099 -0.000076 0.006184 167 167 167
-0.018099 -0.000076 0.006184 167 167 167
-0.018089 -0.000076 0.006180 167 167 167
-0.018089 -0.000076 0.006180 167 167 167
-0.018070 -0.000076 0.006174 167 167 167
-0.018070 -0.000076 0.006174 167 167 167
-0.018098 -0.000076 0.006184 167 167 167
-0.018116 -0.000076 0.006190 167 167 167
-0.018135 -0.000076 0.006197 167 167 167
-0.018145 -0.000077 0.006200 167 167 167
-0.018154 -0.000077 0.006203 167 167 167
-0.018154 -0.000077 0.006203 167 167 167
-0.018154 -0.000077 0.006203 166 166 166
-0.018153 -0.000077 0.006203 167 167 167
-0.018124 -0.000076 0.006193 167 167 167
-0.018115 -0.000076 0.006190 167 167 167
-0.018041 -0.000075 0.006165 166 166 166
-0.018023 -0.000075 0.006159 166 166 166
-0.018023 -0.000075 0.006159 166 166 166
-0.018022 -0.000075 0.006159 166 166 166
-0.018031 -0.000075 0.006162 166 166 166
-0.018040 -0.000075 0.006165 166 166 166
-0.018040 -0.000075 0.006165 166 166 166
-0.018058 -0.000076 0.006171 166 166 166
-0.018076 -0.000076 0.006177 165 165 165
-0.018085 -0.000076 0.006180 165 165 165
-0.018113 -0.000076 0.006190 165 165 165
-0.018112 -0.000076 0.006190 165 165 165
-0.018112 -0.000076 0.006190 164 164 164
-0.018112 -0.000076 0.006190 164 164 164
-0.018112 -0.000076 0.006190 164 164 164
-0.018093 -0.000076 0.006184 164 164 164
-0.018093 -0.000076 0.006184 164 164 164
-0.018083 -0.000076 0.006180 163 163 163
-0.018102 -0.000076 0.006187 163 163 163
-0.018092 -0.000076 0.006184 163 163 163
-0.018101 -0.000076 0.006187 162 162 162
-0.018101 -0.000076 0.006187 162 162 162
-0.018120 -0.000076 0.006193 162 162 162
-0.018120 -0.000076 0.006193 161 161 161
-0.018119 -0.000076 0.006193 161 161 161
-0.018119 -0.000076 0.006193 160 160 160
-0.018119 -0.000076 0.006193 160 160 160
-0.018138 -0.000077 0.006200 160 160 160
-0.018147 -0.000077 0.006203 159 159 159
-0.018167 -0.000077 0.006210 159 159 159
-0.018176 -0.000077 0.006213 158 158 158
-0.018176 -0.000077 0.006213 158 158 158
-0.018176 -0.000077 0.006213 157 157 157
-0.018156 -0.000077 0.006206 157 157 157
-0.018146 -0.000077 0.006203 156 156 156
-0.018146 -0.000077 0.006203 155 155 155
-0.018146 -0.000077 0.006203 155 155 155
-0.018107 -0.000076 0.006190 154 154 154
-0.018107 -0.000076 0.006190 153 153 153
-0.018107 -0.000076 0.006190 153 153 153
-0.018098 -0.000076 0.006187 152 152 152
-0.018097 -0.000076 0.006187 151 151 151
-0.018097 -0.000076 0.006187 150 150 150
-0.018097 -0.000076 0.006187 150 150 150
-0.018097 -0.000076 0.006187 149 149 149
-0.018097 -0.000076 0.006187 148 148 148
-0.018096 -0.000076 0.006187 147 147 147
-0.018087 -0.000076 0.006184 146 146 146
-0.018087 -0.000076 0.006184 145 145 145
-0.018068 -0.000076 0.006177 144 144 144
-0.018077 -0.000076 0.006180 142 142 142
-0.018040 -0.000076 0.006168 142 142 142
-0.018077 -0.000076 0.006180 141 141 141
-0.018076 -0.000076 0.006180 139 139 139
-0.018086 -0.000076 0.006184 138 138 138
-0.018095 -0.000076 0.006187 137 137 137
-0.018113 -0.000076 0.006193 136 136 136
-0.018132 -0.000077 0.006200 134 134 134
-0.018142 -0.000077 0.006203 133 133 133
-0.018141 -0.000077 0.006203 131 131 131
-0.018141 -0.000077 0.006203 130 130 130
-0.018141 -0.000077 0.006203 129 129 129
-0.018131 -0.000077 0.006200 127 127 127
-0.018112 -0.000076 0.006193 125 125 125
-0.018112 -0.000076 0.006193 124 124 124
-0.018112 -0.000076 0.006193 122 122 122
-0.018102 -0.000076 0.006190 121 121 121
-0.018102 -0.000076 0.006190 119 119 119
-0.018083 -0.000076 0.006184 117 117 117
-0.018064 -0.000076 0.006177 116 116 116
-0.018046 -0.000076 0.006171 114 114 114
-0.018019 -0.000075 0.006162 112 112 112
-0.018001 -0.000075 0.006156 110 110 110
-0.017992 -0.000075 0.006153 108 108 108
-0.017983 -0.000075 0.006150 107 107 107
-0.017974 -0.000075 0.006147 105 105 105
-0.018000 -0.000075 0.006156 103 103 103
-0.018100 -0.000076 0.006190 101 101 101
-0.018109 -0.000076 0.006193 99 99 99
-0.018109 -0.000076 0.006193 97 97 97
-0.018109 -0.000076 0.006193 95 95 95
-0.018099 -0.000076 0.006190 93 93 93
-0.018099 -0.000076 0.006190 91 91 91
-0.018099 -0.000076 0.006190 89 89 89
-0.018089 -0.000076 0.006187 87 87 87
-0.018080 -0.000076 0.006184 85 85 85
-0.018070 -0.000076 0.006180 83 83 83
-0.018043 -0.000076 0.006171 81 81 81
-0.018033 -0.000076 0.006168 79 79 79
-0.018024 -0.000075 0.006165 77 77 77
-0.018024 -0.000075 0.006165 75 75 75
-0.018024 -0.000075 0.006165 73 73 73
-0.018024 -0.000075 0.006165 70 70 70
-0.018032 -0.000076 0.006168 68 68 68
-0.018041 -0.000076 0.006171 67 67 67
-0.018041 -0.000076 0.006171 65 65 65
-0.018041 -0.000076 0.006171 63 63 63
-0.018068 -0.000076 0.006180 61 61 61
-0.018077 -0.000076 0.006184 59 59 59
-0.018086 -0.000076 0.006187 57 57 57
-0.018095 -0.000076 0.006190 55 55 55
-0.018114 -0.000076 0.006197 53 53 53
-0.018124 -0.000077 0.006200 51 51 51
-0.018133 -0.000077 0.006203 49 49 49
-0.018133 -0.000077 0.006203 47 47 47
-0.018133 -0.000077 0.006203 46 46 46
-0.018123 -0.000077 0.006200 44 44 44
-0.018104 -0.000076 0.006193 42 42 42
-0.018103 -0.000076 0.006193 40 40 40
-0.018094 -0.000076 0.006190 39 39 39
-0.018084 -0.000076 0.006187 37 37 37
-0.018084 -0.000076 0.006187 36 36 36
-0.018093 -0.000076 0.006190 34 34 34
-0.018093 -0.000076 0.006190 33 33 33
-0.018093 -0.000076 0.006190 31 31 31
-0.018102 -0.000076 0.006193 30 30 30
-0.018111 -0.000076 0.006197 29 29 29
-0.018111 -0.000076 0.006197 27 27 27
-0.018101 -0.000076 0.006193 26 26 26
-0.018101 -0.000076 0.006193 25 25 25
-0.018101 -0.000076 0.006193 24 24 24
-0.018101 -0.000076 0.006193 23 23 23
-0.018101 -0.000076 0.006193 22 22 22
-0.018110 -0.000076 0.006197 21 21 21
-0.018110 -0.000076 0.006197 20 20 20
-0.018100 -0.000076 0.006193 19 19 19
-0.018090 -0.000076 0.006190 18 18 18
-0.018090 -0.000076 0.006190 17 17 17
-0.018090 -0.000076 0.006190 17 17 17
-0.018099 -0.000076 0.006193 16 16 16
-0.018109 -0.000076 0.006197 15 15 15
-0.018127 -0.000077 0.006203 14 14 14
-0.018127 -0.000077 0.006203 13 13 13
-0.018127 -0.000077 0.006203 13 13 13
-0.018117 -0.000077 0.006200 13 13 13
-0.018117 -0.000077 0.006200 12 12 12
-0.018027 -0.000075 0.006156 166 166 166
-0.018018 -0.000075 0.006153 166 166 166
-0.018036 -0.000075 0.006159 165 165 165
-0.018054 -0.000075 0.006165 166 166 166
-0.018099 -0.000076 0.006180 166 166 166
-0.018099 -0.000076 0.006180 165 165 165
-0.018118 -0.000076 0.006187 165 165 165
-0.018127 -0.000076 0.006190 166 166 166
-0.018136 -0.000076 0.006193 166 166 166
-0.018136 -0.000076 0.006193 166 166 166
-0.018145 -0.000076 0.006197 166 166 166
-0.018145 -0.000076 0.006197 166 166 166
-0.018145 -0.000076 0.006197 166 166 166
-0.018145 -0.000076 0.006197 166 166 166
-0.018154 -0.000076 0.006200 166 166 166
-0.018154 -0.000076 0.006200 165 165 165
-0.018154 -0.000076 0.006200 166 166 166
-0.018154 -0.000076 0.006200 166 166 166
-0.018134 -0.000076 0.006193 166 166 166
-0.018125 -0.000076 0.006190 166 166 166
-0.018124 -0.000076 0.006190 166 166 166
-0.018163 -0.000076 0.006203 166 166 166
-0.018172 -0.000077 0.006206 166 166 166
-0.018162 -0.000076 0.006203 166 166 166
-0.018152 -0.000076 0.006200 166 166 166
-0.018124 -0.000076 0.006190 166 166 166
-0.018114 -0.000076 0.006187 166 166 166
-0.018067 -0.000075 0.006171 166 166 166
-0.018067 -0.000075 0.006171 166 166 166
-0.018085 -0.000076 0.006177 166 166 166
-0.018113 -0.000076 0.006187 166 166 166
-0.018132 -0.000076 0.006193 167 167 167
-0.018132 -0.000076 0.006193 167 167 167
-0.018122 -0.000076 0.006190 167 167 167
-0.018112 -0.000076 0.006187 167 167 167
-0.018112 -0.000076 0.006187 167 167 167
-0.018112 -0.000076 0.006187 166 166 166
-0.018121 -0.000076 0.006190 167 167 167
-0.018112 -0.000076 0.006187 167 167 167
-0.018111 -0.000076 0.006187 166 166 166
-0.018102 -0.000076 0.006184 166 166 166
-0.018111 -0.000076 0.006187 167 167 167
-0.018111 -0.000076 0.006187 167 167 167
-0.018111 -0.000076 0.006187 167 167 167
-0.018110 -0.000076 0.006187 167 167 167
-0.018110 -0.000076 0.006187 167 167 167
-0.018110 -0.000076 0.006187 167 167 167
-0.018110 -0.000076 0.006187 167 167 167
-0.018110 -0.000076 0.006187 167 167 167
-0.018091 -0.000076 0.006180 167 167 167
-0.018063 -0.000075 0.006171 167 167 167
-0.018027 -0.000075 0.006159 167 167 167
-0.018009 -0.000075 0.006153 167 167 167
-0.018009 -0.000075 0.006153 167 167 167
-0.018026 -0.000075 0.006159 167 167 167
-0.018044 -0.000075 0.006165 168 168 168
-0.018099 -0.000076 0.006184 167 167 167
-0.018099 -0.000076 0.006184 167 167 167
-0.018089 -0.000076 0.006180 168 168 168
-0.018061 -0.000075 0.006171 168 168 168
-0.018061 -0.000075 0.006171 167 167 167
-0.018061 -0.000075 0.006171 167 167 167
-0.018061 -0.000075 0.006171 167 167 167
-0.018116 -0.000076 0.006190 168 168 168
-0.018145 -0.000076 0.006200 168 168 168
-0.018154 -0.000076 0.006203 168 168 168
-0.018164 -0.000077 0.006206 168 168 168
-0.018164 -0.000077 0.006206 168 168 168
-0.018163 -0.000077 0.006206 168 168 168
-0.018163 -0.000077 0.006206 168 168 168
-0.018153 -0.000076 0.006203 168 168 168
-0.018115 -0.000076 0.006190 168 168 168
-0.018023 -0.000075 0.006159 168 168 168
-0.018023 -0.000075 0.006159 168 168 168
-0.018023 -0.000075 0.006159 168 168 168
-0.018022 -0.000075 0.006159 168 168 168
-0.018022 -0.000075 0.006159 168 168 168
-0.018022 -0.000075 0.006159 168 168 168
-0.018022 -0.000075 0.006159 168 168 168
-0.018039 -0.000075 0.006165 168 168 168
-0.018057 -0.000075 0.006171 168 168 168
-0.018057 -0.000075 0.006171 168 168 168
-0.018085 -0.000076 0.006180 168 168 168
-0.018112 -0.000076 0.006190 168 168 168
-0.018112 -0.000076 0.006190 168 168 168
-0.018112 -0.000076 0.006190 168 168 168
-0.018112 -0.000076 0.006190 168 168 168
-0.018093 -0.000076 0.006184 168 168 168
-0.018083 -0.000076 0.006180 168 168 168
-0.018074 -0.000076 0.006177 168 168 168
-0.018083 -0.000076 0.006180 168 168 168
-0.018074 -0.000076 0.006177 168 168 168
-0.018101 -0.000076 0.006187 168 168 168
-0.018120 -0.000076 0.006193 168 168 168
-0.018139 -0.000076 0.006200 168 168 168
-0.018139 -0.000076 0.006200 168 168 168
-0.018129 -0.000076 0.006197 168 168 168
-0.018129 -0.000076 0.006197 168 168 168
-0.018138 -0.000076 0.006200 168 168 168
-0.018157 -0.000077 0.006206 168 168 168
-0.018177 -0.000077 0.006213 168 168 168
-0.018186 -0.000077 0.006217 168 168 168
-0.018186 -0.000077 0.006217 168 168 168
-0.018186 -0.000077 0.006217 168 168 168
-0.018186 -0.000077 0.006217 168 168 168
-0.018176 -0.000077 0.006213 168 168 168
-0.018166 -0.000077 0.006210 168 168 168
-0.018156 -0.000077 0.006206 167 167 167
-0.018156 -0.000077 0.006206 167 167 167
-0.018146 -0.000076 0.006203 167 167 167
-0.018145 -0.000076 0.006203 167 167 167
-0.018145 -0.000076 0.006203 167 167 167
-0.018135 -0.000076 0.006200 167 167 167
-0.018126 -0.000076 0.006197 167 167 167
-0.018116 -0.000076 0.006193 166 166 166
-0.018106 -0.000076 0.006190 166 166 166
-0.018097 -0.000076 0.006187 166 166 166
-0.018097 -0.000076 0.006187 166 166 166
-0.018087 -0.000076 0.006184 166 166 166
-0.018068 -0.000076 0.006177 166 166 166
-0.018059 -0.000076 0.006174 165 165 165
-0.018041 -0.000075 0.006168 165 165 165
-0.018040 -0.000075 0.006168 165 165 165
-0.018040 -0.000075 0.006168 165 165 165
-0.018040 -0.000075 0.006168 165 165 165
-0.018040 -0.000075 0.006168 164 164 164
-0.018076 -0.000076 0.006180 164 164 164
-0.018133 -0.000076 0.006200 164 164 164
-0.018152 -0.000077 0.006206 163 163 163
-0.018161 -0.000077 0.006210 163 163 163
-0.018161 -0.000077 0.006210 163 163 163
-0.018161 -0.000077 0.006210 162 162 162
-0.018151 -0.000077 0.006206 162 162 162
-0.018141 -0.000076 0.006203 161 161 161
-0.018141 -0.000076 0.006203 161 161 161
-0.018131 -0.000076 0.006200 160 160 160
-0.018112 -0.000076 0.006193 160 160 160
-0.018112 -0.000076 0.006193 159 159 159
-0.018102 -0.000076 0.006190 159 159 159
-0.018092 -0.000076 0.006187 158 158 158
-0.018074 -0.000076 0.006180 158 158 158
-0.018046 -0.000075 0.006171 157 157 157
-0.018028 -0.000075 0.006165 156 156 156
-0.018001 -0.000075 0.006156 156 156 156
-0.017992 -0.000075 0.006153 155 155 155
-0.017983 -0.000075 0.006150 154 154 154
-0.017966 -0.000075 0.006144 154 154 154
-0.017957 -0.000075 0.006141 153 153 153
-0.017965 -0.000075 0.006144 152 152 152
-0.018000 -0.000075 0.006156 151 151 151
-0.018109 -0.000076 0.006193 150 150 150
-0.018109 -0.000076 0.006193 150 150 150
-0.018109 -0.000076 0.006193 149 149 149
-0.018109 -0.000076 0.006193 148 148 148
-0.018127 -0.000076 0.006200 147 147 147
-0.018127 -0.000076 0.006200 145 145 145
-0.018117 -0.000076 0.006197 144 144 144
-0.018089 -0.000076 0.006187 143 143 143
-0.018043 -0.000075 0.006171 142 142 142
-0.018025 -0.000075 0.006165 141 141 141
-0.018024 -0.000075 0.006165 140 140 140
-0.018024 -0.000075 0.006165 139 139 139
-0.018015 -0.000075 0.006162 137 137 137
-0.018024 -0.000075 0.006165 136 136 136
-0.018024 -0.000075 0.006165 135 135 135
-0.018023 -0.000075 0.006165 133 133 133
-0.018023 -0.000075 0.006165 132 132 132
-0.018032 -0.000075 0.006168 131 131 131
-0.018032 -0.000075 0.006168 129 129 129
-0.018041 -0.000075 0.006171 128 128 128
-0.018068 -0.000076 0.006180 126 126 126
-0.018096 -0.000076 0.006190 125 125 125
-0.018114 -0.000076 0.006197 123 123 123
-0.018133 -0.000076 0.006203 121 121 121
-0.018133 -0.000076 0.006203 119 119 119
-0.018143 -0.000077 0.006206 118 118 118
-0.018152 -0.000077 0.006210 116 116 116
-0.018152 -0.000077 0.006210 114 114 114
-0.018132 -0.000076 0.006203 113 113 113
-0.018113 -0.000076 0.006197 111 111 111
-0.018103 -0.000076 0.006193 108 108 108
-0.018094 -0.000076 0.006190 107 107 107
-0.018084 -0.000076 0.006187 105 105 105
-0.018084 -0.000076 0.006187 103 103 103
-0.018084 -0.000076 0.006187 101 101 101
-0.018093 -0.000076 0.006190 99 99 99
-0.018102 -0.000076 0.006193 97 97 97
-0.018102 -0.000076 0.006193 95 95 95
-0.018111 -0.000076 0.006197 93 93 93
-0.018130 -0.000076 0.006203 90 90 90
-0.018120 -0.000076 0.006200 88 88 88
-0.018120 -0.000076 0.006200 86 86 86
-0.018120 -0.000076 0.006200 84 84 84
-0.018110 -0.000076 0.006197 82 82 82
-0.018110 -0.000076 0.006197 80 80 80
-0.018110 -0.000076 0.006197 78 78 78
-0.018110 -0.000076 0.006197 76 76 76
-0.018100 -0.000076 0.006193 74 74 74
-0.018100 -0.000076 0.006193 72 72 72
-0.018090 -0.000076 0.006190 70 70 70
-0.018100 -0.000076 0.006193 68 68 68
-0.018109 -0.000076 0.006197 65 65 65
-0.018128 -0.000076 0.006203 63 63 63
-0.018137 -0.000077 0.006206 61 61 61
-0.018137 -0.000077 0.006206 59 59 59
-0.018137 -0.000077 0.006206 57 57 57
-0.018127 -0.000076 0.006203 55 55 55
-0.018127 -0.000076 0.006203 53 53 53
-0.018027 -0.000075 0.006156 166 166 166
-0.018018 -0.000075 0.006153 166 166 166
-0.018018 -0.000075 0.006153 165 165 165
-0.018036 -0.000075 0.006159 165 165 165
-0.018035 -0.000075 0.006159 165 165 165
-0.018035 -0.000075 0.006159 165 165 165
-0.018035 -0.000075 0.006159 166 166 166
-0.018062 -0.000075 0.006168 166 166 166
-0.018062 -0.000075 0.006168 166 166 166
-0.018062 -0.000075 0.006168 166 166 166
-0.018061 -0.000075 0.006168 166 166 166
-0.018061 -0.000075 0.006168 166 166 166
-0.018061 -0.000075 0.006168 166 166 166
-0.018061 -0.000075 0.006168 166 166 166
-0.018145 -0.000076 0.006197 166 166 166
-0.018154 -0.000076 0.006200 166 166 166
-0.018154 -0.000076 0.006200 166 166 166
-0.018154 -0.000076 0.006200 166 166 166
-0.018134 -0.000076 0.006193 166 166 166
-0.018051 -0.000075 0.006165 166 166 166
-0.018050 -0.000075 0.006165 166 166 166
-0.018124 -0.000076 0.006190 166 166 166
-0.018172 -0.000076 0.006206 166 166 166
-0.018153 -0.000076 0.006200 166 166 166
-0.018152 -0.000076 0.006200 166 166 166
-0.018114 -0.000076 0.006187 166 166 166
-0.018031 -0.000075 0.006159 166 166 166
-0.018022 -0.000075 0.006156 166 166 166
-0.018022 -0.000075 0.006156 166 166 166
-0.018031 -0.000075 0.006159 167 167 167
-0.018040 -0.000075 0.006162 167 167 167
-0.018132 -0.000076 0.006193 167 167 167
-0.018132 -0.000076 0.006193 166 166 166
-0.018057 -0.000075 0.006168 167 167 167
-0.018057 -0.000075 0.006168 166 166 166
-0.018057 -0.000075 0.006168 166 166 166
-0.018047 -0.000075 0.006165 166 166 166
-0.018047 -0.000075 0.006165 166 166 166
-0.018047 -0.000075 0.006165 166 166 166
-0.018047 -0.000075 0.006165 166 166 166
-0.018047 -0.000075 0.006165 167 167 167
-0.018056 -0.000075 0.006168 167 167 167
-0.018065 -0.000075 0.006171 167 167 167
-0.018064 -0.000075 0.006171 167 167 167
-0.018064 -0.000075 0.006171 167 167 167
-0.018055 -0.000075 0.006168 167 167 167
-0.018055 -0.000075 0.006168 167 167 167
-0.018036 -0.000075 0.006162 167 167 167
-0.018036 -0.000075 0.006162 167 167 167
-0.018036 -0.000075 0.006162 167 167 167
-0.018027 -0.000075 0.006159 167 167 167
-0.018009 -0.000075 0.006153 167 167 167
-0.018009 -0.000075 0.006153 167 167 167
-0.018009 -0.000075 0.006153 167 167 167
-0.018009 -0.000075 0.006153 167 167 167
-0.018026 -0.000075 0.006159 167 167 167
-0.018044 -0.000075 0.006165 167 167 167
-0.018044 -0.000075 0.006165 167 167 167
-0.018043 -0.000075 0.006165 168 168 168
-0.018034 -0.000075 0.006162 168 168 168
-0.018025 -0.000075 0.006159 167 167 167
-0.018025 -0.000075 0.006159 167 167 167
-0.018034 -0.000075 0.006162 167 167 167
-0.018042 -0.000075 0.006165 167 167 167
-0.018135 -0.000076 0.006197 167 167 167
-0.018154 -0.000076 0.006203 167 167 167
-0.018164 -0.000076 0.006206 167 167 167
-0.018164 -0.000076 0.006206 168 168 168
-0.018163 -0.000076 0.006206 168 168 168
-0.018163 -0.000076 0.006206 168 168 168
-0.018124 -0.000076 0.006193 168 168 168
-0.018023 -0.000075 0.006159 168 168 168
-0.018023 -0.000075 0.006159 168 168 168
-0.018023 -0.000075 0.006159 168 168 168
-0.018023 -0.000075 0.006159 168 168 168
-0.018013 -0.000075 0.006156 168 168 168
-0.018013 -0.000075 0.006156 168 168 168
-0.018013 -0.000075 0.006156 168 168 168
-0.018013 -0.000075 0.006156 168 168 168
-0.018022 -0.000075 0.006159 168 168 168
-0.018021 -0.000075 0.006159 168 168 168
-0.018030 -0.000075 0.006162 168 168 168
-0.018030 -0.000075 0.006162 168 168 168
-0.018039 -0.000075 0.006165 168 168 168
-0.018048 -0.000075 0.006168 168 168 168
-0.018047 -0.000075 0.006168 168 168 168
-0.018047 -0.000075 0.006168 168 168 168
-0.018047 -0.000075 0.006168 168 168 168
-0.018038 -0.000075 0.006165 168 168 168
-0.018029 -0.000075 0.006162 168 168 168
-0.018037 -0.000075 0.006165 169 169 169
-0.018019 -0.000075 0.006159 168 168 168
-0.018037 -0.000075 0.006165 168 168 168
-0.018092 -0.000076 0.006184 168 168 168
-0.018139 -0.000076 0.006200 168 168 168
-0.018139 -0.000076 0.006200 168 168 168
-0.018129 -0.000076 0.006197 169 169 169
-0.018129 -0.000076 0.006197 169 169 169
-0.018129 -0.000076 0.006197 168 168 168
-0.018148 -0.000076 0.006203 168 168 168
-0.018167 -0.000076 0.006210 169 169 169
-0.018196 -0.000077 0.006220 169 169 169
-0.018268 -0.000078 0.006244 169 169 169
-0.018267 -0.000078 0.006244 169 169 169
-0.018267 -0.000078 0.006244 169 169 169
-0.018257 -0.000077 0.006241 169 169 169
-0.018256 -0.000077 0.006241 169 169 169
-0.018267 -0.000078 0.006244 169 169 169
-0.018266 -0.000078 0.006244 169 169 169
-0.018266 -0.000078 0.006244 169 169 169
-0.018266 -0.000078 0.006244 169 169 169
-0.018266 -0.000078 0.006244 169 169 169
-0.018255 -0.000077 0.006241 169 169 169
-0.018135 -0.000076 0.006200 169 169 169
-0.018116 -0.000076 0.006193 169 169 169
-0.018051 -0.000075 0.006171 169 169 169
-0.018033 -0.000075 0.006165 169 169 169
-0.018032 -0.000075 0.006165 169 169 169
-0.017997 -0.000075 0.006153 169 169 169
-0.017997 -0.000075 0.006153 169 169 169
-0.017996 -0.000075 0.006153 169 169 169
-0.017996 -0.000075 0.006153 169 169 169
-0.017996 -0.000075 0.006153 169 169 169
-0.017996 -0.000075 0.006153 169 169 169
-0.018004 -0.000075 0.006156 169 169 169
-0.018004 -0.000075 0.006156 169 169 169
-0.018076 -0.000076 0.006180 169 169 169
-0.018152 -0.000076 0.006206 169 169 169
-0.018273 -0.000078 0.006248 169 169 169
-0.018273 -0.000078 0.006248 169 169 169
-0.018262 -0.000078 0.006244 169 169 169
-0.018262 -0.000078 0.006244 169 169 169
-0.018251 -0.000077 0.006241 169 169 169
-0.018230 -0.000077 0.006234 169 169 169
-0.018141 -0.000076 0.006203 169 169 169
-0.018131 -0.000076 0.006200 169 169 169
-0.018112 -0.000076 0.006193 169 169 169
-0.018047 -0.000075 0.006171 169 169 169
-0.018037 -0.000075 0.006168 169 169 169
-0.018037 -0.000075 0.006168 169 169 169
-0.018028 -0.000075 0.006165 169 169 169
-0.018019 -0.000075 0.006162 168 168 168
-0.018001 -0.000075 0.006156 168 168 168
-0.017992 -0.000075 0.006153 168 168 168
-0.017992 -0.000075 0.006153 168 168 168
-0.017974 -0.000075 0.006147 168 168 168
-0.017957 -0.000074 0.006141 168 168 168
-0.017957 -0.000074 0.006141 168 168 168
-0.017948 -0.000074 0.006138 168 168 168
-0.017956 -0.000074 0.006141 168 168 168
-0.018000 -0.000075 0.006156 167 167 167
-0.017999 -0.000075 0.006156 167 167 167
-0.017999 -0.000075 0.006156 167 167 167
-0.018109 -0.000076 0.006193 167 167 167
-0.018127 -0.000076 0.006200 167 167 167
-0.018127 -0.000076 0.006200 166 166 166
-0.018117 -0.000076 0.006197 166 166 166
-0.018089 -0.000076 0.006187 166 166 166
-0.018007 -0.000075 0.006159 166 166 166
-0.017998 -0.000075 0.006156 166 166 166
-0.017998 -0.000075 0.006156 165 165 165
-0.017998 -0.000075 0.006156 165 165 165
-0.017997 -0.000075 0.006156 165 165 165
-0.017997 -0.000075 0.006156 164 164 164
-0.017997 -0.000075 0.006156 164 164 164
-0.017997 -0.000075 0.006156 164 164 164
-0.017997 -0.000075 0.006156 163 163 163
-0.018005 -0.000075 0.006159 163 163 163
-0.018005 -0.000075 0.006159 162 162 162
-0.018005 -0.000075 0.006159 162 162 162
-0.018068 -0.000076 0.006180 162 162 162
-0.018115 -0.000076 0.006197 161 161 161
-0.018274 -0.000078 0.006252 160 160 160
-0.018253 -0.000078 0.006244 159 159 159
-0.018253 -0.000078 0.006244 159 159 159
-0.018253 -0.000078 0.006244 158 158 158
-0.018211 -0.000077 0.006230 158 158 158
-0.018132 -0.000076 0.006203 157 157 157
-0.018104 -0.000076 0.006193 156 156 156
-0.018103 -0.000076 0.006193 156 156 156
-0.018066 -0.000076 0.006180 155 155 155
-0.018038 -0.000075 0.006171 154 154 154
-0.018038 -0.000075 0.006171 153 153 153
-0.018038 -0.000075 0.006171 152 152 152
-0.018056 -0.000075 0.006177 151 151 151
-0.018065 -0.000076 0.006180 151 151 151
-0.018102 -0.000076 0.006193 150 150 150
-0.018130 -0.000076 0.006203 148 148 148
-0.018189 -0.000077 0.006223 147 147 147
-0.018209 -0.000077 0.006230 146 146 146
-0.018209 -0.000077 0.006230 145 145 145
-0.018120 -0.000076 0.006200 144 144 144
-0.018120 -0.000076 0.006200 143 143 143
-0.018101 -0.000076 0.006193 142 142 142
-0.018100 -0.000076 0.006193 141 141 141
-0.018100 -0.000076 0.006193 139 139 139
-0.018100 -0.000076 0.006193 138 138 138
-0.018081 -0.000076 0.006187 136 136 136
-0.018081 -0.000076 0.006187 135 135 135
-0.018100 -0.000076 0.006193 134 134 134
-0.018109 -0.000076 0.006197 133 133 133
-0.018128 -0.000076 0.006203 131 131 131
-0.018137 -0.000076 0.006206 129 129 129
-0.018137 -0.000076 0.006206 128 128 128
-0.018127 -0.000076 0.006203 126 126 126
-0.018127 -0.000076 0.006203 124 124 124
-0.018127 -0.000076 0.006203 122 122 122
-0.018018 -0.000075 0.006153 165 165 165
-0.018001 -0.000074 0.006147 165 165 165
-0.018001 -0.000074 0.006147 165 165 165
-0.018009 -0.000074 0.006150 165 165 165
-0.018009 -0.000074 0.006150 165 165 165
-0.018009 -0.000074 0.006150 166 166 166
-0.018009 -0.000074 0.006150 166 166 166
-0.018008 -0.000074 0.006150 166 166 166
-0.018008 -0.000074 0.006150 166 166 166
-0.018008 -0.000074 0.006150 166 166 166
-0.018008 -0.000074 0.006150 166 166 166
-0.018016 -0.000075 0.006153 166 166 166
-0.018016 -0.000075 0.006153 165 165 165
-0.018016 -0.000075 0.006153 165 165 165
-0.018016 -0.000075 0.006153 165 165 165
-0.018016 -0.000075 0.006153 166 166 166
-0.018016 -0.000075 0.006153 166 166 166
-0.017989 -0.000074 0.006144 166 166 166
-0.017989 -0.000074 0.006144 166 166 166
-0.017997 -0.000074 0.006147 166 166 166
-0.017997 -0.000074 0.006147 166 166 166
-0.018015 -0.000075 0.006153 166 166 166
-0.018014 -0.000075 0.006153 166 166 166
-0.018014 -0.000075 0.006153 166 166 166
-0.018005 -0.000074 0.006150 166 166 166
-0.018005 -0.000074 0.006150 166 166 166
-0.018005 -0.000074 0.006150 166 166 166
-0.017996 -0.000074 0.006147 166 166 166
-0.017996 -0.000074 0.006147 166 166 166
-0.018004 -0.000074 0.006150 166 166 166
-0.018013 -0.000075 0.006153 166 166 166
-0.018013 -0.000075 0.006153 166 166 166
-0.018021 -0.000075 0.006156 166 166 166
-0.018030 -0.000075 0.006159 166 166 166
-0.018030 -0.000075 0.006159 166 166 166
-0.018030 -0.000075 0.006159 166 166 166
-0.018021 -0.000075 0.006156 166 166 166
-0.018020 -0.000075 0.006156 166 166 166
-0.018011 -0.000075 0.006153 166 166 166
-0.018011 -0.000075 0.006153 166 166 166
-0.018020 -0.000075 0.006156 166 166 166
-0.018020 -0.000075 0.006156 167 167 167
-0.018020 -0.000075 0.006156 167 167 167
-0.018019 -0.000075 0.006156 167 167 167
-0.018019 -0.000075 0.006156 167 167 167
-0.018010 -0.000075 0.006153 167 167 167
-0.018010 -0.000075 0.006153 167 167 167
-0.018001 -0.000074 0.006150 167 167 167
-0.018001 -0.000074 0.006150 167 167 167
-0.018001 -0.000074 0.006150 167 167 167
-0.018000 -0.000074 0.006150 167 167 167
-0.017992 -0.000074 0.006147 167 167 167
-0.017991 -0.000074 0.006147 167 167 167
-0.017991 -0.000074 0.006147 167 167 167
-0.017991 -0.000074 0.006147 167 167 167
-0.018000 -0.000074 0.006150 167 167 167
-0.018008 -0.000075 0.006153 167 167 167
-0.018008 -0.000075 0.006153 167 167 167
-0.018008 -0.000075 0.006153 167 167 167
-0.018008 -0.000075 0.006153 167 167 167
-0.018007 -0.000075 0.006153 167 167 167
-0.018007 -0.000075 0.006153 167 167 167
-0.018007 -0.000075 0.006153 167 167 167
-0.018007 -0.000075 0.006153 167 167 167
-0.018007 -0.000075 0.006153 167 167 167
-0.018006 -0.000075 0.006153 168 168 168
-0.017998 -0.000074 0.006150 167 167 167
-0.017997 -0.000074 0.006150 168 168 168
-0.017980 -0.000074 0.006144 167 167 167
-0.017971 -0.000074 0.006141 167 167 167
-0.017979 -0.000074 0.006144 167 167 167
-0.017988 -0.000074 0.006147 168 168 168
-0.017996 -0.000074 0.006150 168 168 168
-0.018005 -0.000075 0.006153 167 167 167
-0.018005 -0.000075 0.006153 168 168 168
-0.017996 -0.000074 0.006150 168 168 168
-0.017996 -0.000074 0.006150 168 168 168
-0.017996 -0.000074 0.006150 168 168 168
-0.017995 -0.000074 0.006150 168 168 168
-0.018004 -0.000075 0.006153 168 168 168
-0.018004 -0.000075 0.006153 168 168 168
-0.018004 -0.000075 0.006153 168 168 168
-0.018003 -0.000075 0.006153 168 168 168
-0.018003 -0.000075 0.006153 168 168 168
-0.018003 -0.000075 0.006153 168 168 168
-0.018003 -0.000075 0.006153 168 168 168
-0.018003 -0.000075 0.006153 168 168 168
-0.018002 -0.000075 0.006153 168 168 168
-0.018011 -0.000075 0.006156 168 168 168
-0.018002 -0.000075 0.006153 168 168 168
-0.018002 -0.000075 0.006153 168 168 168
-0.018002 -0.000075 0.006153 168 168 168
-0.017984 -0.000074 0.006147 168 168 168
-0.017984 -0.000074 0.006147 168 168 168
-0.017984 -0.000074 0.006147 169 169 169
-0.018001 -0.000075 0.006153 168 168 168
-0.018001 -0.000075 0.006153 168 168 168
-0.018001 -0.000075 0.006153 169 169 169
-0.018000 -0.000075 0.006153 168 168 168
-0.017991 -0.000074 0.006150 168 168 168
-0.017991 -0.000074 0.006150 169 169 169
-0.018278 -0.000077 0.006248 169 169 169
-0.018278 -0.000077 0.006248 169 169 169
-0.018288 -0.000078 0.006252 169 169 169
-0.018033 -0.000075 0.006165 169 169 169
-0.017997 -0.000075 0.006153 169 169 169
-0.017988 -0.000074 0.006150 169 169 169
-0.017979 -0.000074 0.006147 169 169 169
-0.017962 -0.000074 0.006141 169 169 169
-0.017962 -0.000074 0.006141 169 169 169
-0.017962 -0.000074 0.006141 169 169 169
-0.017962 -0.000074 0.006141 169 169 169
-0.017970 -0.000074 0.006144 169 169 169
-0.017978 -0.000074 0.006147 169 169 169
-0.017987 -0.000074 0.006150 169 169 169
-0.017987 -0.000074 0.006150 169 169 169
-0.018004 -0.000075 0.006156 169 169 169
-0.018304 -0.000078 0.006259 169 169 169
-0.018294 -0.000078 0.006255 169 169 169
-0.018283 -0.000078 0.006252 170 170 170
-0.018272 -0.000077 0.006248 170 170 170
-0.018272 -0.000077 0.006248 169 169 169
-0.018272 -0.000077 0.006248 169 169 169
-0.018131 -0.000076 0.006200 170 170 170
-0.018020 -0.000075 0.006162 170 170 170
-0.018011 -0.000075 0.006159 170 170 170
-0.018002 -0.000075 0.006156 170 170 170
-0.018002 -0.000075 0.006156 170 170 170
-0.017993 -0.000075 0.006153 170 170 170
-0.017992 -0.000075 0.006153 170 170 170
-0.017984 -0.000074 0.006150 170 170 170
-0.017966 -0.000074 0.006144 170 170 170
-0.017966 -0.000074 0.006144 170 170 170
-0.017957 -0.000074 0.006141 170 170 170
-0.017940 -0.000074 0.006135 170 170 170
-0.017940 -0.000074 0.006135 170 170 170
-0.017940 -0.000074 0.006135 170 170 170
-0.017939 -0.000074 0.006135 170 170 170
-0.017948 -0.000074 0.006138 170 170 170
-0.017965 -0.000074 0.006144 170 170 170
-0.017964 -0.000074 0.006144 170 170 170
-0.017964 -0.000074 0.006144 170 170 170
-0.017981 -0.000074 0.006150 170 170 170
-0.017981 -0.000074 0.006150 170 170 170
-0.017981 -0.000074 0.006150 170 170 170
-0.017990 -0.000075 0.006153 170 170 170
-0.017989 -0.000075 0.006153 170 170 170
-0.017980 -0.000074 0.006150 170 170 170
-0.017980 -0.000074 0.006150 170 170 170
-0.017980 -0.000074 0.006150 170 170 170
-0.017980 -0.000074 0.006150 170 170 170
-0.017988 -0.000075 0.006153 170 170 170
-0.017988 -0.000075 0.006153 170 170 170
-0.017988 -0.000075 0.006153 170 170 170
-0.017988 -0.000075 0.006153 170 170 170
-0.017988 -0.000075 0.006153 170 170 170
-0.017988 -0.000075 0.006153 170 170 170
-0.018005 -0.000075 0.006159 170 170 170
-0.018394 -0.000079 0.006293 170 170 170
-0.018394 -0.000079 0.006293 169 169 169
-0.018295 -0.000078 0.006259 169 169 169
-0.018295 -0.000078 0.006259 170 170 170
-0.018211 -0.000077 0.006230 170 170 170
-0.018021 -0.000075 0.006165 169 169 169
-0.018012 -0.000075 0.006162 170 170 170
-0.018012 -0.000075 0.006162 169 169 169
-0.018011 -0.000075 0.006162 169 169 169
-0.018002 -0.000075 0.006159 169 169 169
-0.018002 -0.000075 0.006159 169 169 169
-0.018002 -0.000075 0.006159 168 168 168
-0.018011 -0.000075 0.006162 168 168 168
-0.018019 -0.000075 0.006165 168 168 168
-0.018199 -0.000077 0.006227 168 168 168
-0.018240 -0.000077 0.006241 168 168 168
-0.018229 -0.000077 0.006237 167 167 167
-0.018091 -0.000076 0.006190 166 166 166
-0.018009 -0.000075 0.006162 166 166 166
-0.018018 -0.000075 0.006165 166 166 166
-0.018027 -0.000075 0.006168 166 166 166
-0.018026 -0.000075 0.006168 166 166 166
-0.018026 -0.000075 0.006168 165 165 165
-0.018017 -0.000075 0.006165 165 165 165
-0.018026 -0.000075 0.006168 165 165 165
-0.018026 -0.000075 0.006168 164 164 164
-0.018025 -0.000075 0.006168 164 164 164
-0.018025 -0.000075 0.006168 163 163 163
-0.018025 -0.000075 0.006168 163 163 163
-0.018025 -0.000075 0.006168 162 162 162
-0.018016 -0.000075 0.006165 162 162 162
-0.018127 -0.000076 0.006203 161 161 161
-0.017992 -0.000074 0.006144 165 165 165
-0.018001 -0.000074 0.006147 165 165 165
-0.017992 -0.000074 0.006144 165 165 165
-0.018009 -0.000074 0.006150 165 165 165
-0.017991 -0.000074 0.006144 165 165 165
-0.017982 -0.000074 0.006141 165 165 165
-0.017957 -0.000074 0.006132 165 165 165
-0.017974 -0.000074 0.006138 165 165 165
-0.017973 -0.000074 0.006138 165 165 165
-0.017999 -0.000074 0.006147 166 166 166
-0.018008 -0.000074 0.006150 166 166 166
-0.018016 -0.000074 0.006153 166 166 166
-0.018016 -0.000074 0.006153 166 166 166
-0.018016 -0.000074 0.006153 165 165 165
-0.018016 -0.000074 0.006153 166 166 166
-0.018016 -0.000074 0.006153 166 166 166
-0.017989 -0.000074 0.006144 166 166 166
-0.017972 -0.000074 0.006138 166 166 166
-0.017972 -0.000074 0.006138 166 166 166
-0.017971 -0.000074 0.006138 166 166 166
-0.017997 -0.000074 0.006147 166 166 166
-0.018014 -0.000074 0.006153 166 166 166
-0.018014 -0.000074 0.006153 166 166 166
-0.018005 -0.000074 0.006150 166 166 166
-0.017996 -0.000074 0.006147 166 166 166
-0.017979 -0.000074 0.006141 167 167 167
-0.017979 -0.000074 0.006141 166 166 166
-0.017970 -0.000074 0.006138 166 166 166
-0.017987 -0.000074 0.006144 166 166 166
-0.018004 -0.000074 0.006150 166 166 166
-0.018013 -0.000074 0.006153 166 166 166
-0.018013 -0.000074 0.006153 166 166 166
-0.018030 -0.000075 0.006159 166 166 166
-0.018030 -0.000075 0.006159 166 166 166
-0.018021 -0.000074 0.006156 166 166 166
-0.018021 -0.000074 0.006156 166 166 166
-0.018012 -0.000074 0.006153 166 166 166
-0.018003 -0.000074 0.006150 167 167 167
-0.018002 -0.000074 0.006150 166 166 166
-0.018011 -0.000074 0.006153 166 166 166
-0.018020 -0.000074 0.006156 166 166 166
-0.018020 -0.000074 0.006156 167 167 167
-0.018019 -0.000074 0.006156 167 167 167
-0.018010 -0.000074 0.006153 166 166 166
-0.018010 -0.000074 0.006153 167 167 167
-0.017984 -0.000074 0.006144 167 167 167
-0.017966 -0.000074 0.006138 167 167 167
-0.017966 -0.000074 0.006138 167 167 167
-0.017975 -0.000074 0.006141 167 167 167
-0.017974 -0.000074 0.006141 167 167 167
-0.017974 -0.000074 0.006141 167 167 167
-0.017983 -0.000074 0.006144 167 167 167
-0.017983 -0.000074 0.006144 167 167 167
-0.017991 -0.000074 0.006147 167 167 167
-0.017991 -0.000074 0.006147 167 167 167
-0.017991 -0.000074 0.006147 167 167 167
-0.017990 -0.000074 0.006147 167 167 167
-0.018008 -0.000074 0.006153 167 167 167
-0.018008 -0.000074 0.006153 167 167 167
-0.018007 -0.000074 0.006153 167 167 167
-0.017998 -0.000074 0.006150 167 167 167
-0.017990 -0.000074 0.006147 167 167 167
-0.017989 -0.000074 0.006147 167 167 167
-0.017989 -0.000074 0.006147 167 167 167
-0.017989 -0.000074 0.006147 167 167 167
-0.017989 -0.000074 0.006147 167 167 167
-0.017963 -0.000074 0.006138 168 168 168
-0.017946 -0.000074 0.006132 167 167 167
-0.017937 -0.000074 0.006129 167 167 167
-0.017945 -0.000074 0.006132 167 167 167
-0.017962 -0.000074 0.006138 167 167 167
-0.017970 -0.000074 0.006141 167 167 167
-0.017988 -0.000074 0.006147 167 167 167
-0.017987 -0.000074 0.006147 168 168 168
-0.017987 -0.000074 0.006147 168 168 168
-0.017996 -0.000074 0.006150 168 168 168
-0.017996 -0.000074 0.006150 167 167 167
-0.017995 -0.000074 0.006150 168 168 168
-0.018004 -0.000074 0.006153 168 168 168
-0.018004 -0.000074 0.006153 168 168 168
-0.018004 -0.000074 0.006153 168 168 168
-0.017995 -0.000074 0.006150 168 168 168
-0.017986 -0.000074 0.006147 168 168 168
-0.017986 -0.000074 0.006147 168 168 168
-0.017985 -0.000074 0.006147 168 168 168
-0.017994 -0.000074 0.006150 168 168 168
-0.017994 -0.000074 0.006150 168 168 168
-0.018002 -0.000074 0.006153 168 168 168
-0.018002 -0.000074 0.006153 168 168 168
-0.018002 -0.000074 0.006153 168 168 168
-0.017984 -0.000074 0.006147 168 168 168
-0.017958 -0.000074 0.006138 168 168 168
-0.017958 -0.000074 0.006138 168 168 168
-0.017975 -0.000074 0.006144 168 168 168
-0.017975 -0.000074 0.006144 168 168 168
-0.017983 -0.000074 0.006147 168 168 168
-0.017983 -0.000074 0.006147 168 168 168
-0.017983 -0.000074 0.006147 168 168 168
-0.017983 -0.000074 0.006147 168 168 168
-0.017983 -0.000074 0.006147 168 168 168
-0.017991 -0.000074 0.006150 169 169 169
-0.017997 -0.000074 0.006153 169 169 169
-0.017989 -0.000074 0.006150 169 169 169
-0.017962 -0.000074 0.006141 169 169 169
-0.017954 -0.000074 0.006138 169 169 169
-0.017945 -0.000074 0.006135 169 169 169
-0.017920 -0.000074 0.006126 169 169 169
-0.017920 -0.000074 0.006126 169 169 169
-0.017919 -0.000074 0.006126 169 169 169
-0.017944 -0.000074 0.006135 169 169 169
-0.017961 -0.000074 0.006141 169 169 169
-0.017970 -0.000074 0.006144 169 169 169
-0.017978 -0.000074 0.006147 169 169 169
-0.017987 -0.000074 0.006150 170 170 170
-0.018293 -0.000077 0.006255 169 169 169
-0.018283 -0.000077 0.006252 169 169 169
-0.018011 -0.000075 0.006159 169 169 169
-0.018002 -0.000074 0.006156 170 170 170
-0.017993 -0.000074 0.006153 170 170 170
-0.017993 -0.000074 0.006153 169 169 169
-0.017984 -0.000074 0.006150 170 170 170
-0.017984 -0.000074 0.006150 170 170 170
-0.017966 -0.000074 0.006144 170 170 170
-0.017949 -0.000074 0.006138 170 170 170
-0.017949 -0.000074 0.006138 170 170 170
-0.017940 -0.000074 0.006135 170 170 170
-0.017923 -0.000074 0.006129 170 170 170
-0.017906 -0.000073 0.006124 170 170 170
-0.017915 -0.000074 0.006126 170 170 170
-0.017923 -0.000074 0.006129 170 170 170
-0.017931 -0.000074 0.006132 170 170 170
-0.017939 -0.000074 0.006135 170 170 170
-0.017939 -0.000074 0.006135 170 170 170
-0.017939 -0.000074 0.006135 170 170 170
-0.017947 -0.000074 0.006138 170 170 170
-0.017947 -0.000074 0.006138 170 170 170
-0.017964 -0.000074 0.006144 170 170 170
-0.017981 -0.000074 0.006150 170 170 170
-0.017981 -0.000074 0.006150 170 170 170
-0.017980 -0.000074 0.006150 170 170 170
-0.017972 -0.000074 0.006147 170 170 170
-0.017971 -0.000074 0.006147 170 170 170
-0.017971 -0.000074 0.006147 170 170 170
-0.017971 -0.000074 0.006147 170 170 170
-0.017971 -0.000074 0.006147 170 170 170
-0.017971 -0.000074 0.006147 170 170 170
-0.017979 -0.000074 0.006150 170 170 170
-0.017979 -0.000074 0.006150 170 170 170
-0.017988 -0.000074 0.006153 170 170 170
-0.018294 -0.000078 0.006259 171 171 171
-0.018003 -0.000075 0.006159 171 171 171
-0.018003 -0.000075 0.006159 171 171 171
-0.018012 -0.000075 0.006162 171 171 171
-0.018002 -0.000075 0.006159 171 171 171
-0.017994 -0.000074 0.006156 171 171 171
-0.017993 -0.000074 0.006156 171 171 171
-0.017993 -0.000074 0.006156 171 171 171
-0.018002 -0.000075 0.006159 171 171 171
-0.018010 -0.000075 0.006162 171 171 171
-0.018240 -0.000077 0.006241 171 171 171
-0.018413 -0.000079 0.006301 171 171 171
-0.018009 -0.000075 0.006162 171 171 171
-0.018018 -0.000075 0.006165 171 171 171
-0.018027 -0.000075 0.006168 171 171 171
-0.018026 -0.000075 0.006168 171 171 171
-0.018026 -0.000075 0.006168 171 171 171
-0.018017 -0.000075 0.006165 171 171 171
-0.018026 -0.000075 0.006168 171 171 171
-0.018026 -0.000075 0.006168 171 171 171
-0.018025 -0.000075 0.006168 171 171 171
-0.018025 -0.000075 0.006168 171 171 171
-0.018025 -0.000075 0.006168 171 171 171
-0.018025 -0.000075 0.006168 171 171 171
-0.018016 -0.000075 0.006165 171 171 171
-0.018034 -0.000075 0.006171 171 171 171
-0.017983 -0.000074 0.006141 165 165 165
-0.017991 -0.000074 0.006144 165 165 165
-0.017932 -0.000073 0.006124 165 165 165
-0.017957 -0.000074 0.006132 165 165 165
-0.017931 -0.000073 0.006124 165 165 165
-0.017956 -0.000074 0.006132 165 165 165
-0.017973 -0.000074 0.006138 166 166 166
-0.017999 -0.000074 0.006147 166 166 166
-0.018016 -0.000074 0.006153 166 166 166
-0.017989 -0.000074 0.006144 166 166 166
-0.017921 -0.000073 0.006121 166 166 166
-0.017921 -0.000073 0.006121 166 166 166
-0.017921 -0.000073 0.006121 166 166 166
-0.017946 -0.000073 0.006129 166 166 166
-0.017963 -0.000074 0.006135 166 166 166
-0.018005 -0.000074 0.006150 166 166 166
-0.017979 -0.000074 0.006141 166 166 166
-0.017953 -0.000074 0.006132 166 166 166
-0.017953 -0.000074 0.006132 166 166 166
-0.017953 -0.000074 0.006132 166 166 166
-0.017970 -0.000074 0.006138 166 166 166
-0.017987 -0.000074 0.006144 166 166 166
-0.018004 -0.000074 0.006150 166 166 166
-0.018013 -0.000074 0.006153 166 166 166
-0.018012 -0.000074 0.006153 166 166 166
-0.018021 -0.000074 0.006156 166 166 166
-0.018012 -0.000074 0.006153 166 166 166
-0.018012 -0.000074 0.006153 166 166 166
-0.018012 -0.000074 0.006153 166 166 166
-0.018003 -0.000074 0.006150 167 167 167
-0.018002 -0.000074 0.006150 166 166 166
-0.018011 -0.000074 0.006153 167 167 167
-0.018020 -0.000074 0.006156 166 166 166
-0.018020 -0.000074 0.006156 166 166 166
-0.018011 -0.000074 0.006153 166 166 166
-0.018010 -0.000074 0.006153 166 166 166
-0.017984 -0.000074 0.006144 166 166 166
-0.017967 -0.000074 0.006138 166 166 166
-0.017958 -0.000074 0.006135 167 167 167
-0.017932 -0.000073 0.006126 167 167 167
-0.017932 -0.000073 0.006126 167 167 167
-0.017932 -0.000073 0.006126 167 167 167
-0.017957 -0.000074 0.006135 167 167 167
-0.017966 -0.000074 0.006138 167 167 167
-0.017974 -0.000074 0.006141 167 167 167
-0.017982 -0.000074 0.006144 167 167 167
-0.017982 -0.000074 0.006144 167 167 167
-0.017991 -0.000074 0.006147 167 167 167
-0.017990 -0.000074 0.006147 167 167 167
-0.017999 -0.000074 0.006150 167 167 167
-0.017981 -0.000074 0.006144 167 167 167
-0.017981 -0.000074 0.006144 167 167 167
-0.017981 -0.000074 0.006144 167 167 167
-0.017981 -0.000074 0.006144 167 167 167
-0.017972 -0.000074 0.006141 167 167 167
-0.017963 -0.000074 0.006138 167 167 167
-0.017937 -0.000073 0.006129 167 167 167
-0.017921 -0.000073 0.006124 168 168 168
-0.017912 -0.000073 0.006121 168 168 168
-0.017912 -0.000073 0.006121 168 168 168
-0.017920 -0.000073 0.006124 168 168 168
-0.017945 -0.000074 0.006132 168 168 168
-0.017962 -0.000074 0.006138 168 168 168
-0.017970 -0.000074 0.006141 167 167 167
-0.017987 -0.000074 0.006147 167 167 167
-0.018004 -0.000074 0.006153 168 168 168
-0.017995 -0.000074 0.006150 168 168 168
-0.017986 -0.000074 0.006147 167 167 167
-0.017977 -0.000074 0.006144 168 168 168
-0.017977 -0.000074 0.006144 168 168 168
-0.017977 -0.000074 0.006144 168 168 168
-0.017977 -0.000074 0.006144 168 168 168
-0.017977 -0.000074 0.006144 168 168 168
-0.017976 -0.000074 0.006144 168 168 168
-0.017993 -0.000074 0.006150 168 168 168
-0.018002 -0.000074 0.006153 168 168 168
-0.018002 -0.000074 0.006153 168 168 168
-0.017958 -0.000074 0.006138 168 168 168
-0.017933 -0.000073 0.006129 168 168 168
-0.017941 -0.000074 0.006132 168 168 168
-0.017958 -0.000074 0.006138 168 168 168
-0.017966 -0.000074 0.006141 168 168 168
-0.017975 -0.000074 0.006144 168 168 168
-0.017975 -0.000074 0.006144 168 168 168
-0.017974 -0.000074 0.006144 168 168 168
-0.017974 -0.000074 0.006144 168 168 168
-0.017974 -0.000074 0.006144 169 169 169
-0.017982 -0.000074 0.006147 169 169 169
-0.017963 -0.000074 0.006141 169 169 169
-0.017945 -0.000074 0.006135 169 169 169
-0.017937 -0.000074 0.006132 169 169 169
-0.017920 -0.000073 0.006126 169 169 169
-0.017911 -0.000073 0.006124 169 169 169
-0.017903 -0.000073 0.006121 169 169 169
-0.017903 -0.000073 0.006121 169 169 169
-0.017911 -0.000073 0.006124 169 169 169
-0.017936 -0.000074 0.006132 169 169 169
-0.017944 -0.000074 0.006135 169 169 169
-0.017961 -0.000074 0.006141 169 169 169
-0.017969 -0.000074 0.006144 169 169 169
-0.018002 -0.000074 0.006156 170 170 170
-0.017993 -0.000074 0.006153 170 170 170
-0.017984 -0.000074 0.006150 170 170 170
-0.017967 -0.000074 0.006144 170 170 170
-0.017966 -0.000074 0.006144 170 170 170
-0.017949 -0.000074 0.006138 169 169 169
-0.017924 -0.000073 0.006129 169 169 169
-0.017924 -0.000073 0.006129 169 169 169
-0.017907 -0.000073 0.006124 170 170 170
-0.017907 -0.000073 0.006124 170 170 170
-0.017906 -0.000073 0.006124 170 170 170
-0.017906 -0.000073 0.006124 170 170 170
-0.017906 -0.000073 0.006124 170 170 170
-0.017914 -0.000073 0.006126 170 170 170
-0.017914 -0.000073 0.006126 170 170 170
-0.017914 -0.000073 0.006126 170 170 170
-0.017905 -0.000073 0.006124 170 170 170
-0.017905 -0.000073 0.006124 170 170 170
-0.017905 -0.000073 0.006124 170 170 170
-0.017938 -0.000074 0.006135 170 170 170
-0.017964 -0.000074 0.006144 171 171 171
-0.017963 -0.000074 0.006144 170 170 170
-0.017963 -0.000074 0.006144 170 170 170
-0.017963 -0.000074 0.006144 170 170 170
-0.017971 -0.000074 0.006147 170 170 170
-0.017971 -0.000074 0.006147 170 170 170
-0.017962 -0.000074 0.006144 170 170 170
-0.017971 -0.000074 0.006147 170 170 170
-0.017971 -0.000074 0.006147 170 170 170
-0.017979 -0.000074 0.006150 170 170 170
-0.017994 -0.000074 0.006156 171 171 171
-0.018012 -0.000074 0.006162 171 171 171
-0.017994 -0.000074 0.006156 171 171 171
-0.017994 -0.000074 0.006156 171 171 171
-0.017993 -0.000074 0.006156 171 171 171
-0.017993 -0.000074 0.006156 171 171 171
-0.017993 -0.000074 0.006156 171 171 171
-0.018002 -0.000074 0.006159 171 171 171
-0.018240 -0.000077 0.006241 171 171 171
-0.018129 -0.000076 0.006203 172 172 172
-0.018081 -0.000075 0.006187 171 171 171
-0.018026 -0.000075 0.006168 171 171 171
-0.018081 -0.000075 0.006187 171 171 171
-0.018026 -0.000075 0.006168 172 172 172
-0.018080 -0.000075 0.006187 172 172 172
-0.018062 -0.000075 0.006180 172 172 172
-0.018061 -0.000075 0.006180 172 172 172
-0.018016 -0.000075 0.006165 172 172 172
-0.018034 -0.000075 0.006171 172 172 172
-0.017932 -0.000073 0.006124 165 165 165
-0.017932 -0.000073 0.006124 165 165 165
-0.017907 -0.000073 0.006115 165 165 165
-0.017891 -0.000073 0.006110 165 165 165
-0.017890 -0.000073 0.006110 165 165 165
-0.017890 -0.000073 0.006110 165 165 165
-0.017922 -0.000073 0.006121 166 166 166
-0.017897 -0.000073 0.006112 165 165 165
-0.017897 -0.000073 0.006112 166 166 166
-0.017913 -0.000073 0.006118 166 166 166
-0.017921 -0.000073 0.006121 165 165 165
-0.017921 -0.000073 0.006121 165 165 165
-0.017953 -0.000073 0.006132 166 166 166
-0.017928 -0.000073 0.006124 166 166 166
-0.017928 -0.000073 0.006124 166 166 166
-0.017928 -0.000073 0.006124 166 166 166
-0.017928 -0.000073 0.006124 166 166 166
-0.017970 -0.000074 0.006138 166 166 166
-0.017987 -0.000074 0.006144 166 166 166
-0.018004 -0.000074 0.006150 166 166 166
-0.018012 -0.000074 0.006153 166 166 166
-0.018012 -0.000074 0.006153 166 166 166
-0.018012 -0.000074 0.006153 166 166 166
-0.018012 -0.000074 0.006153 166 166 166
-0.018012 -0.000074 0.006153 166 166 166
-0.018002 -0.000074 0.006150 166 166 166
-0.018011 -0.000074 0.006153 166 166 166
-0.018011 -0.000074 0.006153 166 166 166
-0.018011 -0.000074 0.006153 166 166 166
-0.018002 -0.000074 0.006150 166 166 166
-0.017975 -0.000074 0.006141 167 167 167
-0.017958 -0.000073 0.006135 166 166 166
-0.017949 -0.000073 0.006132 167 167 167
-0.017932 -0.000073 0.006126 167 167 167
-0.017924 -0.000073 0.006124 167 167 167
-0.017924 -0.000073 0.006124 167 167 167
-0.017932 -0.000073 0.006126 167 167 167
-0.017949 -0.000073 0.006132 167 167 167
-0.017957 -0.000073 0.006135 167 167 167
-0.017974 -0.000074 0.006141 167 167 167
-0.017974 -0.000074 0.006141 167 167 167
-0.017973 -0.000074 0.006141 167 167 167
-0.017981 -0.000074 0.006144 167 167 167
-0.017955 -0.000073 0.006135 167 167 167
-0.017955 -0.000073 0.006135 167 167 167
-0.017955 -0.000073 0.006135 167 167 167
-0.017963 -0.000074 0.006138 167 167 167
-0.017955 -0.000073 0.006135 167 167 167
-0.017946 -0.000073 0.006132 167 167 167
-0.017929 -0.000073 0.006126 167 167 167
-0.017912 -0.000073 0.006121 167 167 167
-0.017912 -0.000073 0.006121 167 167 167
-0.017912 -0.000073 0.006121 167 167 167
-0.017904 -0.000073 0.006118 167 167 167
-0.017912 -0.000073 0.006121 167 167 167
-0.017920 -0.000073 0.006124 167 167 167
-0.017920 -0.000073 0.006124 167 167 167
-0.017995 -0.000074 0.006150 168 168 168
-0.017986 -0.000074 0.006147 168 168 168
-0.017977 -0.000074 0.006144 167 167 167
-0.017977 -0.000074 0.006144 167 167 167
-0.017968 -0.000074 0.006141 168 168 168
-0.017960 -0.000074 0.006138 168 168 168
-0.017960 -0.000074 0.006138 168 168 168
-0.017959 -0.000074 0.006138 168 168 168
-0.017959 -0.000074 0.006138 168 168 168
-0.017968 -0.000074 0.006141 168 168 168
-0.017976 -0.000074 0.006144 168 168 168
-0.017942 -0.000073 0.006132 168 168 168
-0.017908 -0.000073 0.006121 168 168 168
-0.017916 -0.000073 0.006124 168 168 168
-0.017924 -0.000073 0.006126 168 168 168
-0.017949 -0.000073 0.006135 168 168 168
-0.017958 -0.000074 0.006138 168 168 168
-0.017966 -0.000074 0.006141 168 168 168
-0.017966 -0.000074 0.006141 168 168 168
-0.017966 -0.000074 0.006141 168 168 168
-0.017957 -0.000074 0.006138 168 168 168
-0.017957 -0.000074 0.006138 168 168 168
-0.017974 -0.000074 0.006144 168 168 168
-0.017912 -0.000073 0.006124 169 169 169
-0.017929 -0.000073 0.006129 169 169 169
-0.017920 -0.000073 0.006126 169 169 169
-0.017920 -0.000073 0.006126 169 169 169
-0.017903 -0.000073 0.006121 169 169 169
-0.017903 -0.000073 0.006121 169 169 169
-0.017903 -0.000073 0.006121 169 169 169
-0.017903 -0.000073 0.006121 169 169 169
-0.017911 -0.000073 0.006124 169 169 169
-0.017911 -0.000073 0.006124 169 169 169
-0.017910 -0.000073 0.006124 169 169 169
-0.017910 -0.000073 0.006124 169 169 169
-0.017918 -0.000073 0.006126 169 169 169
-0.017918 -0.000073 0.006126 169 169 169
-0.017993 -0.000074 0.006153 169 169 169
-0.017967 -0.000074 0.006144 170 170 170
-0.017924 -0.000073 0.006129 169 169 169
-0.017924 -0.000073 0.006129 170 170 170
-0.017924 -0.000073 0.006129 169 169 169
-0.017907 -0.000073 0.006124 169 169 169
-0.017907 -0.000073 0.006124 170 170 170
-0.017907 -0.000073 0.006124 170 170 170
-0.017898 -0.000073 0.006121 170 170 170
-0.017898 -0.000073 0.006121 170 170 170
-0.017898 -0.000073 0.006121 170 170 170
-0.017906 -0.000073 0.006124 170 170 170
-0.017906 -0.000073 0.006124 170 170 170
-0.017906 -0.000073 0.006124 170 170 170
-0.017906 -0.000073 0.006124 170 170 170
-0.017905 -0.000073 0.006124 170 170 170
-0.017897 -0.000073 0.006121 170 170 170
-0.017905 -0.000073 0.006124 170 170 170
-0.017905 -0.000073 0.006124 170 170 170
-0.017938 -0.000073 0.006135 170 170 170
-0.017955 -0.000074 0.006141 170 170 170
-0.017955 -0.000074 0.006141 170 170 170
-0.017954 -0.000074 0.006141 170 170 170
-0.017954 -0.000074 0.006141 170 170 170
-0.017954 -0.000074 0.006141 170 170 170
-0.017954 -0.000074 0.006141 170 170 170
-0.017962 -0.000074 0.006144 170 170 170
-0.017971 -0.000074 0.006147 170 170 170
-0.018021 -0.000074 0.006165 171 171 171
-0.018020 -0.000074 0.006165 171 171 171
-0.017994 -0.000074 0.006156 171 171 171
-0.017985 -0.000074 0.006153 171 171 171
-0.017993 -0.000074 0.006156 171 171 171
-0.017993 -0.000074 0.006156 171 171 171
-0.017993 -0.000074 0.006156 171 171 171
-0.018083 -0.000075 0.006187 171 171 171
-0.017983 -0.000074 0.006153 171 171 171
-0.018128 -0.000075 0.006203 171 171 171
-0.018062 -0.000075 0.006180 171 171 171
-0.018081 -0.000075 0.006187 171 171 171
-0.018081 -0.000075 0.006187 171 171 171
-0.018034 -0.000075 0.006171 172 172 172
-0.018034 -0.000075 0.006171 172 172 172
-0.017915 -0.000073 0.006118 165 165 165
-0.017899 -0.000073 0.006112 165 165 165
-0.017890 -0.000072 0.006110 165 165 165
-0.018016 -0.000074 0.006153 165 165 165
-0.017998 -0.000074 0.006147 166 166 166
-0.017930 -0.000073 0.006124 166 166 166
-0.017913 -0.000073 0.006118 166 166 166
-0.017913 -0.000073 0.006118 166 166 166
-0.017913 -0.000073 0.006118 166 166 166
-0.017921 -0.000073 0.006121 166 166 166
-0.017953 -0.000073 0.006132 166 166 166
-0.017928 -0.000073 0.006124 166 166 166
-0.017928 -0.000073 0.006124 166 166 166
-0.017928 -0.000073 0.006124 166 166 166
-0.017970 -0.000073 0.006138 166 166 166
-0.017987 -0.000074 0.006144 166 166 166
-0.017995 -0.000074 0.006147 166 166 166
-0.018004 -0.000074 0.006150 166 166 166
-0.018012 -0.000074 0.006153 166 166 166
-0.018012 -0.000074 0.006153 166 166 166
-0.018012 -0.000074 0.006153 166 166 166
-0.018030 -0.000074 0.006159 166 166 166
-0.018111 -0.000075 0.006187 167 167 167
-0.018065 -0.000074 0.006171 166 166 166
-0.018011 -0.000074 0.006153 166 166 166
-0.018011 -0.000074 0.006153 167 167 167
-0.018010 -0.000074 0.006153 166 166 166
-0.017993 -0.000074 0.006147 166 166 166
-0.017967 -0.000073 0.006138 166 166 166
-0.017958 -0.000073 0.006135 167 167 167
-0.017932 -0.000073 0.006126 166 166 166
-0.017924 -0.000073 0.006124 166 166 166
-0.017924 -0.000073 0.006124 166 166 166
-0.017949 -0.000073 0.006132 167 167 167
-0.017957 -0.000073 0.006135 167 167 167
-0.017957 -0.000073 0.006135 167 167 167
-0.017974 -0.000073 0.006141 167 167 167
-0.017974 -0.000073 0.006141 167 167 167
-0.017991 -0.000074 0.006147 167 167 167
-0.017955 -0.000073 0.006135 167 167 167
-0.017947 -0.000073 0.006132 167 167 167
-0.017947 -0.000073 0.006132 167 167 167
-0.017955 -0.000073 0.006135 167 167 167
-0.017963 -0.000073 0.006138 167 167 167
-0.017963 -0.000073 0.006138 167 167 167
-0.017937 -0.000073 0.006129 167 167 167
-0.017921 -0.000073 0.006124 167 167 167
-0.017912 -0.000073 0.006121 167 167 167
-0.017912 -0.000073 0.006121 167 167 167
-0.017912 -0.000073 0.006121 167 167 167
-0.017912 -0.000073 0.006121 167 167 167
-0.017920 -0.000073 0.006124 167 167 167
-0.017920 -0.000073 0.006124 167 167 167
-0.017996 -0.000074 0.006150 167 167 167
-0.018022 -0.000074 0.006159 168 168 168
-0.018013 -0.000074 0.006156 168 168 168
-0.017995 -0.000074 0.006150 167 167 167
-0.017986 -0.000074 0.006147 167 167 167
-0.017977 -0.000074 0.006144 168 168 168
-0.017968 -0.000073 0.006141 168 168 168
-0.017968 -0.000073 0.006141 168 168 168
-0.017960 -0.000073 0.006138 168 168 168
-0.017959 -0.000073 0.006138 168 168 168
-0.017959 -0.000073 0.006138 168 168 168
-0.017968 -0.000073 0.006141 168 168 168
-0.017967 -0.000073 0.006141 168 168 168
-0.017967 -0.000073 0.006141 168 168 168
-0.017908 -0.000073 0.006121 168 168 168
-0.017916 -0.000073 0.006124 168 168 168
-0.017941 -0.000073 0.006132 168 168 168
-0.017966 -0.000073 0.006141 168 168 168
-0.017966 -0.000073 0.006141 168 168 168
-0.017966 -0.000073 0.006141 168 168 168
-0.017966 -0.000073 0.006141 168 168 168
-0.017966 -0.000073 0.006141 168 168 168
-0.017957 -0.000073 0.006138 168 168 168
-0.017957 -0.000073 0.006138 168 168 168
-0.018127 -0.000075 0.006197 168 168 168
-0.017912 -0.000073 0.006124 169 169 169
-0.017929 -0.000073 0.006129 169 169 169
-0.017928 -0.000073 0.006129 169 169 169
-0.017928 -0.000073 0.006129 169 169 169
-0.017911 -0.000073 0.006124 169 169 169
-0.017903 -0.000073 0.006121 169 169 169
-0.017903 -0.000073 0.006121 169 169 169
-0.017903 -0.000073 0.006121 169 169 169
-0.017911 -0.000073 0.006124 169 169 169
-0.017911 -0.000073 0.006124 169 169 169
-0.017910 -0.000073 0.006124 169 169 169
-0.017910 -0.000073 0.006124 169 169 169
-0.017918 -0.000073 0.006126 169 169 169
-0.017918 -0.000073 0.006126 169 169 169
-0.017977 -0.000074 0.006147 169 169 169
-0.017924 -0.000073 0.006129 170 170 170
-0.017924 -0.000073 0.006129 169 169 169
-0.017924 -0.000073 0.006129 169 169 169
-0.017907 -0.000073 0.006124 169 169 169
-0.017907 -0.000073 0.006124 169 169 169
-0.017907 -0.000073 0.006124 169 169 169
-0.017907 -0.000073 0.006124 170 170 170
-0.017898 -0.000073 0.006121 170 170 170
-0.017898 -0.000073 0.006121 170 170 170
-0.017906 -0.000073 0.006124 170 170 170
-0.017914 -0.000073 0.006126 170 170 170
-0.017914 -0.000073 0.006126 170 170 170
-0.017914 -0.000073 0.006126 170 170 170
-0.017905 -0.000073 0.006124 170 170 170
-0.017905 -0.000073 0.006124 170 170 170
-0.017905 -0.000073 0.006124 170 170 170
-0.017913 -0.000073 0.006126 170 170 170
-0.017955 -0.000073 0.006141 170 170 170
-0.017955 -0.000073 0.006141 170 170 170
-0.017955 -0.000073 0.006141 170 170 170
-0.017954 -0.000073 0.006141 170 170 170
-0.017954 -0.000073 0.006141 170 170 170
-0.017954 -0.000073 0.006141 170 170 170
-0.017954 -0.000073 0.006141 170 170 170
-0.017962 -0.000074 0.006144 170 170 170
-0.018030 -0.000074 0.006168 170 170 170
-0.018029 -0.000074 0.006168 171 171 171
-0.017994 -0.000074 0.006156 171 171 171
-0.017985 -0.000074 0.006153 171 171 171
-0.018056 -0.000075 0.006177 171 171 171
-0.018065 -0.000075 0.006180 171 171 171
-0.018083 -0.000075 0.006187 171 171 171
-0.018093 -0.000075 0.006190 171 171 171
-0.018092 -0.000075 0.006190 171 171 171
-0.018037 -0.000074 0.006171 171 171 171
-0.017983 -0.000074 0.006153 171 171 171
-0.018036 -0.000074 0.006171 171 171 171
-0.018073 -0.000075 0.006184 171 171 171
-0.018110 -0.000075 0.006197 171 171 171
-0.018119 -0.000075 0.006200 171 171 171
-0.018138 -0.000075 0.006206 171 171 171
-0.018138 -0.000075 0.006206 171 171 171
-0.018081 -0.000075 0.006187 171 171 171
-0.018017 -0.000074 0.006165 171 171 171
-0.018017 -0.000074 0.006165 171 171 171
-0.018053 -0.000075 0.006177 171 171 171
-0.018137 -0.000075 0.006206 171 171 171
-0.018089 -0.000075 0.006190 171 171 171
-0.018089 -0.000075 0.006190 172 172 172
-0.017899 -0.000072 0.006112 165 165 165
-0.017890 -0.000072 0.006110 165 165 165
-0.017890 -0.000072 0.006110 165 165 165
-0.018043 -0.000074 0.006162 165 165 165
-0.018025 -0.000074 0.006156 165 165 165
-0.018016 -0.000074 0.006153 165 165 165
-0.018007 -0.000074 0.006150 165 165 165
-0.017998 -0.000073 0.006147 166 166 166
-0.017972 -0.000073 0.006138 166 166 166
-0.017955 -0.000073 0.006132 166 166 166
-0.017955 -0.000073 0.006132 166 166 166
-0.017989 -0.000073 0.006144 166 166 166
-0.018006 -0.000074 0.006150 166 166 166
-0.018006 -0.000074 0.006150 166 166 166
-0.018023 -0.000074 0.006156 166 166 166
-0.018005 -0.000074 0.006150 166 166 166
-0.018005 -0.000074 0.006150 166 166 166
-0.018005 -0.000074 0.006150 166 166 166
-0.018013 -0.000074 0.006153 166 166 166
-0.018013 -0.000074 0.006153 166 166 166
-0.018013 -0.000074 0.006153 166 166 166
-0.018013 -0.000074 0.006153 166 166 166
-0.018012 -0.000074 0.006153 166 166 166
-0.018012 -0.000074 0.006153 166 166 166
-0.018012 -0.000074 0.006153 166 166 166
-0.018021 -0.000074 0.006156 166 166 166
-0.018029 -0.000074 0.006159 166 166 166
-0.018038 -0.000074 0.006162 166 166 166
-0.018038 -0.000074 0.006162 166 166 166
-0.018020 -0.000074 0.006156 166 166 166
-0.018029 -0.000074 0.006159 166 166 166
-0.018028 -0.000074 0.006159 166 166 166
-0.018037 -0.000074 0.006162 167 167 167
-0.018037 -0.000074 0.006162 166 166 166
-0.018037 -0.000074 0.006162 166 166 166
-0.018037 -0.000074 0.006162 166 166 166
-0.018028 -0.000074 0.006159 167 167 167
-0.018027 -0.000074 0.006159 166 166 166
-0.018018 -0.000074 0.006156 167 167 167
-0.018009 -0.000074 0.006153 167 167 167
-0.018000 -0.000074 0.006150 167 167 167
-0.017983 -0.000073 0.006144 167 167 167
-0.017983 -0.000073 0.006144 167 167 167
-0.017982 -0.000073 0.006144 167 167 167
-0.017991 -0.000073 0.006147 167 167 167
-0.017991 -0.000073 0.006147 167 167 167
-0.017999 -0.000074 0.006150 167 167 167
-0.017972 -0.000073 0.006141 167 167 167
-0.017964 -0.000073 0.006138 167 167 167
-0.017964 -0.000073 0.006138 167 167 167
-0.017963 -0.000073 0.006138 167 167 167
-0.017989 -0.000073 0.006147 167 167 167
-0.017989 -0.000073 0.006147 167 167 167
-0.017980 -0.000073 0.006144 167 167 167
-0.017980 -0.000073 0.006144 167 167 167
-0.017962 -0.000073 0.006138 167 167 167
-0.017962 -0.000073 0.006138 167 167 167
-0.017945 -0.000073 0.006132 167 167 167
-0.017962 -0.000073 0.006138 167 167 167
-0.017970 -0.000073 0.006141 167 167 167
-0.017979 -0.000073 0.006144 167 167 167
-0.017996 -0.000074 0.006150 167 167 167
-0.018004 -0.000074 0.006153 167 167 167
-0.018013 -0.000074 0.006156 167 167 167
-0.018013 -0.000074 0.006156 167 167 167
-0.018013 -0.000074 0.006156 168 168 168
-0.018021 -0.000074 0.006159 168 168 168
-0.018012 -0.000074 0.006156 167 167 167
-0.018012 -0.000074 0.006156 167 167 167
-0.018003 -0.000074 0.006153 168 168 168
-0.018003 -0.000074 0.006153 168 168 168
-0.018003 -0.000074 0.006153 168 168 168
-0.018003 -0.000074 0.006153 168 168 168
-0.017985 -0.000073 0.006147 168 168 168
-0.017976 -0.000073 0.006144 168 168 168
-0.017976 -0.000073 0.006144 167 167 167
-0.017976 -0.000073 0.006144 168 168 168
-0.017976 -0.000073 0.006144 168 168 168
-0.017984 -0.000073 0.006147 168 168 168
-0.017984 -0.000073 0.006147 168 168 168
-0.017992 -0.000074 0.006150 168 168 168
-0.018001 -0.000074 0.006153 168 168 168
-0.018001 -0.000074 0.006153 168 168 168
-0.018001 -0.000074 0.006153 168 168 168
-0.018000 -0.000074 0.006153 168 168 168
-0.018026 -0.000074 0.006162 168 168 168
-0.018017 -0.000074 0.006159 168 168 168
-0.018016 -0.000074 0.006159 168 168 168
-0.018070 -0.000074 0.006177 168 168 168
-0.018107 -0.000075 0.006190 168 168 168
-0.018107 -0.000075 0.006190 168 168 168
-0.018145 -0.000075 0.006203 168 168 168
-0.018145 -0.000075 0.006203 168 168 168
-0.017997 -0.000074 0.006153 168 168 168
-0.017997 -0.000074 0.006153 169 169 169
-0.018006 -0.000074 0.006156 169 169 169
-0.017997 -0.000074 0.006153 169 169 169
-0.017988 -0.000074 0.006150 168 168 168
-0.017988 -0.000074 0.006150 169 169 169
-0.017970 -0.000073 0.006144 169 169 169
-0.017970 -0.000073 0.006144 169 169 169
-0.017979 -0.000073 0.006147 169 169 169
-0.017978 -0.000073 0.006147 169 169 169
-0.017978 -0.000073 0.006147 169 169 169
-0.017978 -0.000073 0.006147 169 169 169
-0.017978 -0.000073 0.006147 169 169 169
-0.017978 -0.000073 0.006147 169 169 169
-0.017977 -0.000073 0.006147 169 169 169
-0.017986 -0.000074 0.006150 169 169 169
-0.017986 -0.000074 0.006150 169 169 169
-0.017968 -0.000073 0.006144 169 169 169
-0.017967 -0.000073 0.006144 169 169 169
-0.017993 -0.000074 0.006153 169 169 169
-0.017992 -0.000074 0.006153 169 169 169
-0.017984 -0.000074 0.006150 169 169 169
-0.017966 -0.000073 0.006144 169 169 169
-0.017966 -0.000073 0.006144 169 169 169
-0.017957 -0.000073 0.006141 170 170 170
-0.017940 -0.000073 0.006135 170 170 170
-0.017940 -0.000073 0.006135 170 170 170
-0.017948 -0.000073 0.006138 170 170 170
-0.017956 -0.000073 0.006141 169 169 169
-0.017973 -0.000073 0.006147 169 169 169
-0.017973 -0.000073 0.006147 170 170 170
-0.017973 -0.000073 0.006147 170 170 170
-0.017964 -0.000073 0.006144 170 170 170
-0.017964 -0.000073 0.006144 170 170 170
-0.017955 -0.000073 0.006141 170 170 170
-0.017955 -0.000073 0.006141 170 170 170
-0.017964 -0.000073 0.006144 170 170 170
-0.017963 -0.000073 0.006144 170 170 170
-0.017972 -0.000073 0.006147 170 170 170
-0.017972 -0.000073 0.006147 170 170 170
-0.017980 -0.000074 0.006150 170 170 170
-0.017971 -0.000073 0.006147 170 170 170
-0.017971 -0.000073 0.006147 170 170 170
-0.017971 -0.000073 0.006147 170 170 170
-0.017994 -0.000074 0.006156 170 170 170
-0.018029 -0.000074 0.006168 170 170 170
-0.018011 -0.000074 0.006162 171 171 171
-0.018020 -0.000074 0.006165 171 171 171
-0.018056 -0.000074 0.006177 171 171 171
-0.018065 -0.000074 0.006180 171 171 171
-0.018083 -0.000075 0.006187 171 171 171
-0.018083 -0.000075 0.006187 171 171 171
-0.018092 -0.000075 0.006190 171 171 171
-0.018037 -0.000074 0.006171 171 171 171
-0.018028 -0.000074 0.006168 171 171 171
-0.018001 -0.000074 0.006159 171 171 171
-0.018018 -0.000074 0.006165 171 171 171
-0.018036 -0.000074 0.006171 171 171 171
-0.018063 -0.000074 0.006180 171 171 171
-0.018100 -0.000075 0.006193 171 171 171
-0.018119 -0.000075 0.006200 171 171 171
-0.018081 -0.000075 0.006187 171 171 171
-0.018063 -0.000074 0.006180 171 171 171
-0.018017 -0.000074 0.006165 171 171 171
-0.018008 -0.000074 0.006162 171 171 171
-0.018053 -0.000074 0.006177 171 171 171
-0.018118 -0.000075 0.006200 171 171 171
-0.018070 -0.000075 0.006184 171 171 171
-0.018089 -0.000075 0.006190 171 171 171
-0.017543 -0.000069 0.005991 165 165 165
-0.017549 -0.000069 0.005994 165 165 165
-0.018034 -0.000074 0.006159 165 165 165
-0.018025 -0.000073 0.006156 165 165 165
-0.018016 -0.000073 0.006153 165 165 165
-0.018016 -0.000073 0.006153 166 166 166
-0.018007 -0.000073 0.006150 166 166 166
-0.018007 -0.000073 0.006150 165 165 165
-0.017989 -0.000073 0.006144 166 166 166
-0.018006 -0.000073 0.006150 165 165 165
-0.018015 -0.000073 0.006153 165 165 165
-0.018015 -0.000073 0.006153 166 166 166
-0.018023 -0.000073 0.006156 166 166 166
-0.018023 -0.000073 0.006156 166 166 166
-0.018013 -0.000073 0.006153 166 166 166
-0.018013 -0.000073 0.006153 166 166 166
-0.018013 -0.000073 0.006153 166 166 166
-0.018013 -0.000073 0.006153 166 166 166
-0.018013 -0.000073 0.006153 166 166 166
-0.018013 -0.000073 0.006153 166 166 166
-0.018012 -0.000073 0.006153 166 166 166
-0.018021 -0.000073 0.006156 166 166 166
-0.018021 -0.000073 0.006156 166 166 166
-0.018021 -0.000073 0.006156 166 166 166
-0.018020 -0.000073 0.006156 166 166 166
-0.018020 -0.000073 0.006156 166 166 166
-0.018011 -0.000073 0.006153 166 166 166
-0.018020 -0.000073 0.006156 166 166 166
-0.018029 -0.000074 0.006159 166 166 166
-0.018055 -0.000074 0.006168 166 166 166
-0.018055 -0.000074 0.006168 166 166 166
-0.018046 -0.000074 0.006165 166 166 166
-0.018046 -0.000074 0.006165 166 166 166
-0.018046 -0.000074 0.006165 166 166 166
-0.018036 -0.000074 0.006162 166 166 166
-0.018036 -0.000074 0.006162 166 166 166
-0.018027 -0.000074 0.006159 167 167 167
-0.018018 -0.000073 0.006156 166 166 166
-0.018009 -0.000073 0.006153 166 166 166
-0.018000 -0.000073 0.006150 166 166 166
-0.017991 -0.000073 0.006147 167 167 167
-0.017991 -0.000073 0.006147 166 166 166
-0.017991 -0.000073 0.006147 167 167 167
-0.017999 -0.000073 0.006150 167 167 167
-0.018008 -0.000073 0.006153 167 167 167
-0.018008 -0.000073 0.006153 167 167 167
-0.017990 -0.000073 0.006147 167 167 167
-0.017989 -0.000073 0.006147 167 167 167
-0.017989 -0.000073 0.006147 167 167 167
-0.018006 -0.000073 0.006153 167 167 167
-0.018006 -0.000073 0.006153 167 167 167
-0.017997 -0.000073 0.006150 167 167 167
-0.017988 -0.000073 0.006147 167 167 167
-0.017980 -0.000073 0.006144 167 167 167
-0.017971 -0.000073 0.006141 167 167 167
-0.017971 -0.000073 0.006141 167 167 167
-0.017970 -0.000073 0.006141 167 167 167
-0.017988 -0.000073 0.006147 167 167 167
-0.017996 -0.000073 0.006150 167 167 167
-0.018005 -0.000073 0.006153 167 167 167
-0.018004 -0.000073 0.006153 167 167 167
-0.018004 -0.000073 0.006153 167 167 167
-0.018013 -0.000073 0.006156 167 167 167
-0.018022 -0.000074 0.006159 167 167 167
-0.018021 -0.000074 0.006159 167 167 167
-0.018021 -0.000074 0.006159 167 167 167
-0.018030 -0.000074 0.006162 167 167 167
-0.018012 -0.000073 0.006156 167 167 167
-0.018012 -0.000073 0.006156 167 167 167
-0.018003 -0.000073 0.006153 167 167 167
-0.018003 -0.000073 0.006153 168 168 168
-0.018002 -0.000073 0.006153 168 168 168
-0.018002 -0.000073 0.006153 168 168 168
-0.017985 -0.000073 0.006147 168 168 168
-0.017984 -0.000073 0.006147 168 168 168
-0.017984 -0.000073 0.006147 168 168 168
-0.017993 -0.000073 0.006150 168 168 168
-0.018001 -0.000073 0.006153 168 168 168
-0.018001 -0.000073 0.006153 168 168 168
-0.018001 -0.000073 0.006153 168 168 168
-0.018001 -0.000073 0.006153 168 168 168
-0.018001 -0.000073 0.006153 168 168 168
-0.018026 -0.000074 0.006162 168 168 168
-0.018017 -0.000074 0.006159 168 168 168
-0.018017 -0.000074 0.006159 168 168 168
-0.018016 -0.000074 0.006159 168 168 168
-0.018043 -0.000074 0.006168 168 168 168
-0.018043 -0.000074 0.006168 168 168 168
-0.018025 -0.000074 0.006162 168 168 168
-0.018025 -0.000074 0.006162 168 168 168
-0.018024 -0.000074 0.006162 169 169 169
-0.018024 -0.000074 0.006162 169 169 169
-0.018015 -0.000074 0.006159 169 169 169
-0.018015 -0.000074 0.006159 169 169 169
-0.018006 -0.000073 0.006156 168 168 168
-0.018006 -0.000073 0.006156 169 169 169
-0.018006 -0.000073 0.006156 169 169 169
-0.017997 -0.000073 0.006153 169 169 169
-0.017988 -0.000073 0.006150 169 169 169
-0.017987 -0.000073 0.006150 169 169 169
-0.017996 -0.000073 0.006153 169 169 169
-0.017996 -0.000073 0.006153 169 169 169
-0.017987 -0.000073 0.006150 169 169 169
-0.017987 -0.000073 0.006150 169 169 169
-0.017987 -0.000073 0.006150 169 169 169
-0.017986 -0.000073 0.006150 169 169 169
-0.017986 -0.000073 0.006150 169 169 169
-0.017986 -0.000073 0.006150 169 169 169
-0.017986 -0.000073 0.006150 169 169 169
-0.017986 -0.000073 0.006150 169 169 169
-0.017977 -0.000073 0.006147 169 169 169
-0.017977 -0.000073 0.006147 169 169 169
-0.017976 -0.000073 0.006147 169 169 169
-0.017976 -0.000073 0.006147 169 169 169
-0.017976 -0.000073 0.006147 169 169 169
-0.017993 -0.000073 0.006153 169 169 169
-0.018001 -0.000073 0.006156 169 169 169
-0.017992 -0.000073 0.006153 169 169 169
-0.017992 -0.000073 0.006153 169 169 169
-0.017983 -0.000073 0.006150 169 169 169
-0.017983 -0.000073 0.006150 169 169 169
-0.017974 -0.000073 0.006147 170 170 170
-0.017966 -0.000073 0.006144 170 170 170
-0.017957 -0.000073 0.006141 170 170 170
-0.017974 -0.000073 0.006147 170 170 170
-0.017974 -0.000073 0.006147 170 170 170
-0.017982 -0.000073 0.006150 170 170 170
-0.017982 -0.000073 0.006150 170 170 170
-0.017982 -0.000073 0.006150 170 170 170
-0.017982 -0.000073 0.006150 170 170 170
-0.017973 -0.000073 0.006147 170 170 170
-0.017964 -0.000073 0.006144 170 170 170
-0.017964 -0.000073 0.006144 170 170 170
-0.017972 -0.000073 0.006147 170 170 170
-0.017972 -0.000073 0.006147 170 170 170
-0.017980 -0.000073 0.006150 170 170 170
-0.017980 -0.000073 0.006150 170 170 170
-0.017989 -0.000073 0.006153 170 170 170
-0.017989 -0.000073 0.006153 170 170 170
-0.017980 -0.000073 0.006150 170 170 170
-0.017988 -0.000073 0.006153 170 170 170
-0.017988 -0.000073 0.006153 170 170 170
-0.017996 -0.000073 0.006156 170 170 170
-0.017996 -0.000073 0.006156 170 170 170
-0.017996 -0.000073 0.006156 170 170 170
-0.018004 -0.000074 0.006159 170 170 170
-0.018004 -0.000074 0.006159 170 170 170
-0.018013 -0.000074 0.006162 170 170 170
-0.018012 -0.000074 0.006162 170 170 170
-0.018003 -0.000074 0.006159 170 170 170
-0.017994 -0.000073 0.006156 170 170 170
-0.017994 -0.000073 0.006156 170 170 170
-0.018003 -0.000074 0.006159 171 171 171
-0.018011 -0.000074 0.006162 171 171 171
-0.018020 -0.000074 0.006165 171 171 171
-0.018029 -0.000074 0.006168 171 171 171
-0.018038 -0.000074 0.006171 171 171 171
-0.018038 -0.000074 0.006171 171 171 171
-0.018037 -0.000074 0.006171 171 171 171
-0.018037 -0.000074 0.006171 171 171 171
-0.018028 -0.000074 0.006168 171 171 171
-0.018028 -0.000074 0.006168 171 171 171
-0.018010 -0.000074 0.006162 171 171 171
-0.018018 -0.000074 0.006165 171 171 171
-0.018027 -0.000074 0.006168 171 171 171
-0.018036 -0.000074 0.006171 171 171 171
-0.018063 -0.000074 0.006180 171 171 171
-0.018063 -0.000074 0.006180 171 171 171
-0.018063 -0.000074 0.006180 171 171 171
-0.018026 -0.000074 0.006168 171 171 171
-0.018017 -0.000074 0.006165 171 171 171
-0.018008 -0.000074 0.006162 171 171 171
-0.018008 -0.000074 0.006162 171 171 171
-0.018053 -0.000074 0.006177 171 171 171
-0.018118 -0.000075 0.006200 171 171 171
-0.018070 -0.000074 0.006184 171 171 171
-0.018089 -0.000075 0.006190 171 171 171
-0.017549 -0.000069 0.005994 165 165 165
-0.017549 -0.000069 0.005994 165 165 165
-0.018034 -0.000073 0.006159 165 165 165
-0.018034 -0.000073 0.006159 165 165 165
-0.018016 -0.000073 0.006153 165 165 165
-0.018016 -0.000073 0.006153 166 166 166
-0.018016 -0.000073 0.006153 165 165 165
-0.018016 -0.000073 0.006153 165 165 165
-0.018015 -0.000073 0.006153 166 166 166
-0.018015 -0.000073 0.006153 165 165 165
-0.018015 -0.000073 0.006153 165 165 165
-0.018024 -0.000073 0.006156 165 165 165
-0.018023 -0.000073 0.006156 166 166 166
-0.018068 -0.000074 0.006171 166 166 166
-0.018022 -0.000073 0.006156 166 166 166
-0.018022 -0.000073 0.006156 166 166 166
-0.018022 -0.000073 0.006156 166 166 166
-0.018022 -0.000073 0.006156 166 166 166
-0.018013 -0.000073 0.006153 166 166 166
-0.018013 -0.000073 0.006153 166 166 166
-0.018012 -0.000073 0.006153 166 166 166
-0.018021 -0.000073 0.006156 166 166 166
-0.018021 -0.000073 0.006156 166 166 166
-0.018021 -0.000073 0.006156 166 166 166
-0.018020 -0.000073 0.006156 166 166 166
-0.018011 -0.000073 0.006153 166 166 166
-0.018011 -0.000073 0.006153 166 166 166
-0.018020 -0.000073 0.006156 166 166 166
-0.018029 -0.000073 0.006159 166 166 166
-0.018055 -0.000074 0.006168 166 166 166
-0.018055 -0.000074 0.006168 166 166 166
-0.018055 -0.000074 0.006168 166 166 166
-0.018046 -0.000074 0.006165 166 166 166
-0.018046 -0.000074 0.006165 166 166 166
-0.018045 -0.000074 0.006165 166 166 166
-0.018036 -0.000073 0.006162 166 166 166
-0.018036 -0.000073 0.006162 167 167 167
-0.018027 -0.000073 0.006159 166 166 166
-0.018009 -0.000073 0.006153 166 166 166
-0.018009 -0.000073 0.006153 167 167 167
-0.017991 -0.000073 0.006147 167 167 167
-0.017991 -0.000073 0.006147 167 167 167
-0.018008 -0.000073 0.006153 167 167 167
-0.018008 -0.000073 0.006153 166 166 166
-0.018008 -0.000073 0.006153 167 167 167
-0.018025 -0.000073 0.006159 167 167 167
-0.017998 -0.000073 0.006150 167 167 167
-0.017989 -0.000073 0.006147 167 167 167
-0.018007 -0.000073 0.006153 167 167 167
-0.018006 -0.000073 0.006153 167 167 167
-0.018006 -0.000073 0.006153 167 167 167
-0.018006 -0.000073 0.006153 167 167 167
-0.018006 -0.000073 0.006153 167 167 167
-0.017997 -0.000073 0.006150 167 167 167
-0.017997 -0.000073 0.006150 167 167 167
-0.017988 -0.000073 0.006147 167 167 167
-0.017996 -0.000073 0.006150 167 167 167
-0.017996 -0.000073 0.006150 167 167 167
-0.018005 -0.000073 0.006153 167 167 167
-0.018005 -0.000073 0.006153 167 167 167
-0.018004 -0.000073 0.006153 167 167 167
-0.018004 -0.000073 0.006153 167 167 167
-0.018013 -0.000073 0.006156 167 167 167
-0.018022 -0.000073 0.006159 167 167 167
-0.018021 -0.000073 0.006159 167 167 167
-0.018030 -0.000073 0.006162 167 167 167
-0.018030 -0.000073 0.006162 167 167 167
-0.018030 -0.000073 0.006162 167 167 167
-0.018030 -0.000073 0.006162 167 167 167
-0.018012 -0.000073 0.006156 167 167 167
-0.018011 -0.000073 0.006156 167 167 167
-0.018011 -0.000073 0.006156 167 167 167
-0.018002 -0.000073 0.006153 168 168 168
-0.018002 -0.000073 0.006153 167 167 167
-0.018002 -0.000073 0.006153 167 167 167
-0.018002 -0.000073 0.006153 168 168 168
-0.018002 -0.000073 0.006153 168 168 168
-0.018001 -0.000073 0.006153 168 168 168
-0.018001 -0.000073 0.006153 168 168 168
-0.018001 -0.000073 0.006153 168 168 168
-0.018010 -0.000073 0.006156 168 168 168
-0.018009 -0.000073 0.006156 168 168 168
-0.018026 -0.000073 0.006162 168 168 168
-0.018026 -0.000073 0.006162 168 168 168
-0.018025 -0.000073 0.006162 168 168 168
-0.018043 -0.000074 0.006168 168 168 168
-0.018043 -0.000074 0.006168 168 168 168
-0.018043 -0.000074 0.006168 168 168 168
-0.018025 -0.000073 0.006162 168 168 168
-0.018025 -0.000073 0.006162 168 168 168
-0.018024 -0.000073 0.006162 168 168 168
-0.018024 -0.000073 0.006162 169 169 169
-0.018015 -0.000073 0.006159 169 169 169
-0.018015 -0.000073 0.006159 168 168 168
-0.018024 -0.000073 0.006162 168 168 168
-0.018023 -0.000073 0.006162 169 169 169
-0.018014 -0.000073 0.006159 169 169 169
-0.018005 -0.000073 0.006156 169 169 169
-0.017996 -0.000073 0.006153 169 169 169
-0.017996 -0.000073 0.006153 169 169 169
-0.017996 -0.000073 0.006153 169 169 169
-0.017996 -0.000073 0.006153 169 169 169
-0.017996 -0.000073 0.006153 169 169 169
-0.017995 -0.000073 0.006153 169 169 169
-0.017995 -0.000073 0.006153 169 169 169
-0.017995 -0.000073 0.006153 169 169 169
-0.017995 -0.000073 0.006153 169 169 169
-0.017995 -0.000073 0.006153 169 169 169
-0.017995 -0.000073 0.006153 169 169 169
-0.017986 -0.000073 0.006150 169 169 169
-0.017977 -0.000073 0.006147 169 169 169
-0.017977 -0.000073 0.006147 169 169 169
-0.017976 -0.000073 0.006147 169 169 169
-0.017976 -0.000073 0.006147 169 169 169
-0.017976 -0.000073 0.006147 169 169 169
-0.017993 -0.000073 0.006153 169 169 169
-0.018002 -0.000073 0.006156 169 169 169
-0.018010 -0.000073 0.006159 169 169 169
-0.018001 -0.000073 0.006156 169 169 169
-0.018001 -0.000073 0.006156 169 169 169
-0.018001 -0.000073 0.006156 169 169 169
-0.017992 -0.000073 0.006153 169 169 169
-0.017992 -0.000073 0.006153 169 169 169
-0.017992 -0.000073 0.006153 169 169 169
-0.017983 -0.000073 0.006150 169 169 169
-0.017983 -0.000073 0.006150 169 169 169
-0.017991 -0.000073 0.006153 169 169 169
-0.017991 -0.000073 0.006153 169 169 169
-0.017991 -0.000073 0.006153 170 170 170
-0.017991 -0.000073 0.006153 170 170 170
-0.017990 -0.000073 0.006153 170 170 170
-0.017990 -0.000073 0.006153 170 170 170
-0.017990 -0.000073 0.006153 170 170 170
-0.017981 -0.000073 0.006150 170 170 170
-0.017981 -0.000073 0.006150 170 170 170
-0.017981 -0.000073 0.006150 170 170 170
-0.017981 -0.000073 0.006150 170 170 170
-0.017980 -0.000073 0.006150 170 170 170
-0.017989 -0.000073 0.006153 170 170 170
-0.017989 -0.000073 0.006153 170 170 170
-0.017989 -0.000073 0.006153 170 170 170
-0.017988 -0.000073 0.006153 170 170 170
-0.017988 -0.000073 0.006153 170 170 170
-0.017988 -0.000073 0.006153 170 170 170
-0.017997 -0.000073 0.006156 170 170 170
-0.018005 -0.000073 0.006159 170 170 170
-0.018005 -0.000073 0.006159 170 170 170
-0.018005 -0.000073 0.006159 170 170 170
-0.017996 -0.000073 0.006156 170 170 170
-0.017996 -0.000073 0.006156 170 170 170
-0.017996 -0.000073 0.006156 170 170 170
-0.018004 -0.000073 0.006159 170 170 170
-0.018013 -0.000073 0.006162 170 170 170
-0.018013 -0.000073 0.006162 170 170 170
-0.018012 -0.000073 0.006162 170 170 170
-0.018021 -0.000074 0.006165 170 170 170
-0.018012 -0.000073 0.006162 170 170 170
-0.018003 -0.000073 0.006159 170 170 170
-0.017994 -0.000073 0.006156 170 170 170
-0.018003 -0.000073 0.006159 170 170 170
-0.018011 -0.000073 0.006162 170 170 170
-0.018020 -0.000074 0.006165 170 170 170
-0.018020 -0.000074 0.006165 171 171 171
-0.018029 -0.000074 0.006168 171 171 171
-0.018038 -0.000074 0.006171 170 170 170
-0.018037 -0.000074 0.006171 170 170 170
-0.018037 -0.000074 0.006171 170 170 170
-0.018028 -0.000074 0.006168 171 171 171
-0.018028 -0.000074 0.006168 171 171 171
-0.018010 -0.000073 0.006162 171 171 171
-0.018018 -0.000074 0.006165 171 171 171
-0.018027 -0.000074 0.006168 171 171 171
-0.018036 -0.000074 0.006171 171 171 171
-0.018036 -0.000074 0.006171 171 171 171
-0.018054 -0.000074 0.006177 171 171 171
-0.018054 -0.000074 0.006177 171 171 171
-0.018026 -0.000074 0.006168 171 171 171
-0.018017 -0.000074 0.006165 171 171 171
-0.018008 -0.000073 0.006162 171 171 171
-0.018008 -0.000073 0.006162 171 171 171
-0.018070 -0.000074 0.006184 171 171 171
-0.018089 -0.000074 0.006190 171 171 171
-0.017544 -0.000068 0.005991 165 165 165
-0.017556 -0.000068 0.005996 165 165 165
-0.017556 -0.000068 0.005996 165 165 165
-0.017556 -0.000068 0.005996 165 165 165
-0.017556 -0.000068 0.005996 165 165 165
-0.017556 -0.000068 0.005996 165 165 165
-0.017568 -0.000069 0.006000 165 165 165
-0.018043 -0.000073 0.006162 165 165 165
-0.018034 -0.000073 0.006159 165 165 165
-0.018025 -0.000073 0.006156 165 165 165
-0.018025 -0.000073 0.006156 165 165 165
-0.018025 -0.000073 0.006156 165 165 165
-0.018016 -0.000073 0.006153 165 165 165
-0.018015 -0.000073 0.006153 165 165 165
-0.018024 -0.000073 0.006156 165 165 165
-0.018024 -0.000073 0.006156 165 165 165
-0.018024 -0.000073 0.006156 166 166 166
-0.018041 -0.000073 0.006162 166 166 166
-0.018068 -0.000074 0.006171 165 165 165
-0.018031 -0.000073 0.006159 166 166 166
-0.018031 -0.000073 0.006159 166 166 166
-0.018031 -0.000073 0.006159 166 166 166
-0.018031 -0.000073 0.006159 166 166 166
-0.018039 -0.000073 0.006162 166 166 166
-0.018030 -0.000073 0.006159 166 166 166
-0.018021 -0.000073 0.006156 166 166 166
-0.018020 -0.000073 0.006156 166 166 166
-0.018020 -0.000073 0.006156 166 166 166
-0.018011 -0.000073 0.006153 166 166 166
-0.018083 -0.000074 0.006177 166 166 166
-0.018055 -0.000073 0.006168 166 166 166
-0.018055 -0.000073 0.006168 166 166 166
-0.018055 -0.000073 0.006168 166 166 166
-0.018055 -0.000073 0.006168 166 166 166
-0.018054 -0.000073 0.006168 166 166 166
-0.018054 -0.000073 0.006168 166 166 166
-0.018054 -0.000073 0.006168 166 166 166
-0.018036 -0.000073 0.006162 166 166 166
-0.018027 -0.000073 0.006159 167 167 167
-0.018009 -0.000073 0.006153 167 167 167
-0.018009 -0.000073 0.006153 167 167 167
-0.018009 -0.000073 0.006153 167 167 167
-0.018017 -0.000073 0.006156 167 167 167
-0.018017 -0.000073 0.006156 166 166 166
-0.018017 -0.000073 0.006156 166 166 166
-0.018025 -0.000073 0.006159 166 166 166
-0.018007 -0.000073 0.006153 167 167 167
-0.018007 -0.000073 0.006153 167 167 167
-0.018015 -0.000073 0.006156 167 167 167
-0.018015 -0.000073 0.006156 167 167 167
-0.018015 -0.000073 0.006156 167 167 167
-0.018015 -0.000073 0.006156 167 167 167
-0.018015 -0.000073 0.006156 167 167 167
-0.018006 -0.000073 0.006153 167 167 167
-0.018006 -0.000073 0.006153 167 167 167
-0.018005 -0.000073 0.006153 167 167 167
-0.018005 -0.000073 0.006153 167 167 167
-0.018005 -0.000073 0.006153 167 167 167
-0.018005 -0.000073 0.006153 167 167 167
-0.018005 -0.000073 0.006153 167 167 167
-0.018004 -0.000073 0.006153 167 167 167
-0.018004 -0.000073 0.006153 167 167 167
-0.018022 -0.000073 0.006159 167 167 167
-0.018022 -0.000073 0.006159 167 167 167
-0.018039 -0.000073 0.006165 167 167 167
-0.018039 -0.000073 0.006165 167 167 167
-0.018048 -0.000073 0.006168 167 167 167
-0.018011 -0.000073 0.006156 168 168 168
-0.018011 -0.000073 0.006156 167 167 167
-0.018002 -0.000073 0.006153 168 168 168
-0.018002 -0.000073 0.006153 168 168 168
-0.018001 -0.000073 0.006153 168 168 168
-0.018019 -0.000073 0.006159 168 168 168
-0.018051 -0.000074 0.006171 168 168 168
-0.018042 -0.000073 0.006168 168 168 168
-0.018041 -0.000073 0.006168 168 168 168
-0.018041 -0.000073 0.006168 168 168 168
-0.018031 -0.000073 0.006165 169 169 169
-0.018013 -0.000073 0.006159 169 169 169
-0.018004 -0.000073 0.006156 169 169 169
-0.018004 -0.000073 0.006156 169 169 169
-0.018004 -0.000073 0.006156 169 169 169
-0.017995 -0.000073 0.006153 169 169 169
-0.017995 -0.000073 0.006153 169 169 169
-0.017995 -0.000073 0.006153 169 169 169
-0.017995 -0.000073 0.006153 169 169 169
-0.017994 -0.000073 0.006153 169 169 169
-0.017994 -0.000073 0.006153 169 169 169
-0.017994 -0.000073 0.006153 169 169 169
-0.017994 -0.000073 0.006153 169 169 169
-0.017994 -0.000073 0.006153 169 169 169
-0.017993 -0.000073 0.006153 169 169 169
-0.017993 -0.000073 0.006153 168 168 168
-0.018002 -0.000073 0.006156 169 169 169
-0.018010 -0.000073 0.006159 169 169 169
-0.018019 -0.000073 0.006162 169 169 169
-0.018019 -0.000073 0.006162 169 169 169
-0.018010 -0.000073 0.006159 169 169 169
-0.018010 -0.000073 0.006159 169 169 169
-0.018001 -0.000073 0.006156 169 169 169
-0.017992 -0.000073 0.006153 169 169 169
-0.017992 -0.000073 0.006153 169 169 169
-0.017991 -0.000073 0.006153 169 169 169
-0.018017 -0.000073 0.006162 170 170 170
-0.017999 -0.000073 0.006156 169 169 169
-0.017999 -0.000073 0.006156 169 169 169
-0.017999 -0.000073 0.006156 169 169 169
-0.017990 -0.000073 0.006153 169 169 169
-0.017990 -0.000073 0.006153 170 170 170
-0.017990 -0.000073 0.006153 170 170 170
-0.017990 -0.000073 0.006153 170 170 170
-0.017989 -0.000073 0.006153 170 170 170
-0.017989 -0.000073 0.006153 170 170 170
-0.017989 -0.000073 0.006153 170 170 170
-0.017989 -0.000073 0.006153 170 170 170
-0.017997 -0.000073 0.006156 170 170 170
-0.017997 -0.000073 0.006156 170 170 170
-0.018006 -0.000073 0.006159 170 170 170
-0.018006 -0.000073 0.006159 170 170 170
-0.018005 -0.000073 0.006159 170 170 170
-0.018005 -0.000073 0.006159 170 170 170
-0.018005 -0.000073 0.006159 170 170 170
-0.018005 -0.000073 0.006159 170 170 170
-0.018005 -0.000073 0.006159 170 170 170
-0.018005 -0.000073 0.006159 170 170 170
-0.018013 -0.000073 0.006162 170 170 170
-0.018013 -0.000073 0.006162 170 170 170
-0.018013 -0.000073 0.006162 170 170 170
-0.018022 -0.000073 0.006165 170 170 170
-0.018021 -0.000073 0.006165 170 170 170
-0.018021 -0.000073 0.006165 170 170 170
-0.018021 -0.000073 0.006165 170 170 170
-0.018012 -0.000073 0.006162 170 170 170
-0.018012 -0.000073 0.006162 170 170 170
-0.018012 -0.000073 0.006162 170 170 170
-0.018011 -0.000073 0.006162 170 170 170
-0.018020 -0.000073 0.006165 170 170 170
-0.018020 -0.000073 0.006165 171 171 171
-0.018029 -0.000073 0.006168 170 170 170
-0.018038 -0.000074 0.006171 170 170 170
-0.018037 -0.000074 0.006171 170 170 170
-0.018046 -0.000074 0.006174 170 170 170
-0.018046 -0.000074 0.006174 171 171 171
-0.018037 -0.000074 0.006171 171 171 171
-0.018028 -0.000073 0.006168 171 171 171
-0.018018 -0.000073 0.006165 171 171 171
-0.018027 -0.000073 0.006168 171 171 171
-0.018027 -0.000073 0.006168 171 171 171
-0.018036 -0.000074 0.006171 171 171 171
-0.018045 -0.000074 0.006174 171 171 171
-0.018054 -0.000074 0.006177 171 171 171
-0.018063 -0.000074 0.006180 171 171 171
-0.018089 -0.000074 0.006190 171 171 171
-0.017544 -0.000068 0.005991 165 165 165
-0.017556 -0.000068 0.005996 165 165 165
-0.017556 -0.000068 0.005996 165 165 165
-0.017556 -0.000068 0.005996 165 165 165
-0.017556 -0.000068 0.005996 165 165 165
-0.017568 -0.000068 0.006000 165 165 165
-0.018043 -0.000073 0.006162 165 165 165
-0.018043 -0.000073 0.006162 165 165 165
-0.018043 -0.000073 0.006162 165 165 165
-0.018034 -0.000073 0.006159 165 165 165
-0.018025 -0.000073 0.006156 165 165 165
-0.018024 -0.000073 0.006156 165 165 165
-0.018015 -0.000073 0.006153 165 165 165
-0.018024 -0.000073 0.006156 165 165 165
-0.018024 -0.000073 0.006156 165 165 165
-0.018024 -0.000073 0.006156 165 165 165
-0.018041 -0.000073 0.006162 165 165 165
-0.018041 -0.000073 0.006162 165 165 165
-0.018031 -0.000073 0.006159 166 166 166
-0.018031 -0.000073 0.006159 166 166 166
-0.018031 -0.000073 0.006159 166 166 166
-0.018031 -0.000073 0.006159 166 166 166
-0.018039 -0.000073 0.006162 166 166 166
-0.018021 -0.000073 0.006156 166 166 166
-0.018012 -0.000073 0.006153 166 166 166
-0.018011 -0.000073 0.006153 166 166 166
-0.018011 -0.000073 0.006153 165 165 165
-0.018083 -0.000074 0.006177 166 166 166
-0.018055 -0.000073 0.006168 166 166 166
-0.018055 -0.000073 0.006168 166 166 166
-0.018055 -0.000073 0.006168 166 166 166
-0.018055 -0.000073 0.006168 166 166 166
-0.018054 -0.000073 0.006168 166 166 166
-0.018054 -0.000073 0.006168 166 166 166
-0.018054 -0.000073 0.006168 166 166 166
-0.018054 -0.000073 0.006168 166 166 166
-0.018027 -0.000073 0.006159 167 167 167
-0.018009 -0.000073 0.006153 166 166 166
-0.018009 -0.000073 0.006153 167 167 167
-0.018017 -0.000073 0.006156 167 167 167
-0.018017 -0.000073 0.006156 166 166 166
-0.018017 -0.000073 0.006156 166 166 166
-0.018025 -0.000073 0.006159 167 167 167
-0.018016 -0.000073 0.006156 167 167 167
-0.018016 -0.000073 0.006156 167 167 167
-0.018016 -0.000073 0.006156 166 166 166
-0.018015 -0.000073 0.006156 166 166 166
-0.018015 -0.000073 0.006156 167 167 167
-0.018024 -0.000073 0.006159 167 167 167
-0.018033 -0.000073 0.006162 167 167 167
-0.018015 -0.000073 0.006156 167 167 167
-0.018006 -0.000073 0.006153 167 167 167
-0.018005 -0.000073 0.006153 167 167 167
-0.018005 -0.000073 0.006153 167 167 167
-0.018005 -0.000073 0.006153 167 167 167
-0.018005 -0.000073 0.006153 167 167 167
-0.018005 -0.000073 0.006153 167 167 167
-0.018004 -0.000073 0.006153 167 167 167
-0.018004 -0.000073 0.006153 167 167 167
-0.018022 -0.000073 0.006159 167 167 167
-0.018022 -0.000073 0.006159 167 167 167
-0.018039 -0.000073 0.006165 167 167 167
-0.018039 -0.000073 0.006165 167 167 167
-0.018048 -0.000073 0.006168 167 167 167
-0.018010 -0.000073 0.006156 168 168 168
-0.018002 -0.000073 0.006153 168 168 168
-0.018010 -0.000073 0.006156 168 168 168
-0.018051 -0.000073 0.006171 168 168 168
-0.018042 -0.000073 0.006168 168 168 168
-0.018050 -0.000073 0.006171 168 168 168
-0.018013 -0.000073 0.006159 169 169 169
-0.018004 -0.000073 0.006156 169 169 169
-0.018004 -0.000073 0.006156 169 169 169
-0.018004 -0.000073 0.006156 169 169 169
-0.017995 -0.000073 0.006153 169 169 169
-0.017995 -0.000073 0.006153 169 169 169
-0.017995 -0.000073 0.006153 169 169 169
-0.017995 -0.000073 0.006153 169 169 169
-0.017994 -0.000073 0.006153 169 169 169
-0.017994 -0.000073 0.006153 169 169 169
-0.017994 -0.000073 0.006153 169 169 169
-0.017994 -0.000073 0.006153 169 169 169
-0.017994 -0.000073 0.006153 169 169 169
-0.017993 -0.000073 0.006153 169 169 169
-0.017993 -0.000073 0.006153 169 169 169
-0.018002 -0.000073 0.006156 169 169 169
-0.018010 -0.000073 0.006159 169 169 169
-0.018019 -0.000073 0.006162 169 169 169
-0.018019 -0.000073 0.006162 169 169 169
-0.018010 -0.000073 0.006159 169 169 169
-0.018010 -0.000073 0.006159 169 169 169
-0.018001 -0.000073 0.006156 169 169 169
-0.017992 -0.000073 0.006153 169 169 169
-0.017992 -0.000073 0.006153 169 169 169
-0.018017 -0.000073 0.006162 169 169 169
-0.017999 -0.000073 0.006156 169 169 169
-0.017999 -0.000073 0.006156 169 169 169
-0.017999 -0.000073 0.006156 169 169 169
-0.017990 -0.000073 0.006153 169 169 169
-0.017990 -0.000073 0.006153 169 169 169
-0.017990 -0.000073 0.006153 170 170 170
-0.017990 -0.000073 0.006153 170 170 170
-0.017989 -0.000073 0.006153 170 170 170
-0.017989 -0.000073 0.006153 170 170 170
-0.017989 -0.000073 0.006153 170 170 170
-0.017998 -0.000073 0.006156 169 169 169
-0.018005 -0.000073 0.006159 170 170 170
-0.018005 -0.000073 0.006159 170 170 170
-0.018005 -0.000073 0.006159 170 170 170
-0.018005 -0.000073 0.006159 170 170 170
-0.018013 -0.000073 0.006162 170 170 170
-0.018013 -0.000073 0.006162 170 170 170
-0.018013 -0.000073 0.006162 170 170 170
-0.018022 -0.000073 0.006165 170 170 170
-0.018021 -0.000073 0.006165 170 170 170
-0.018020 -0.000073 0.006165 170 170 170
-0.018020 -0.000073 0.006165 170 170 170
-0.018020 -0.000073 0.006165 170 170 170
-0.018020 -0.000073 0.006165 171 171 171
-0.018020 -0.000073 0.006165 170 170 170
-0.018028 -0.000073 0.006168 170 170 170
-0.018037 -0.000073 0.006171 170 170 170
-0.018065 -0.000074 0.006180 170 170 170
-0.018074 -0.000074 0.006184 170 170 170
-0.018037 -0.000073 0.006171 170 170 170
-0.018027 -0.000073 0.006168 171 171 171
-0.018018 -0.000073 0.006165 171 171 171
-0.018027 -0.000073 0.006168 170 170 170
-0.018027 -0.000073 0.006168 170 170 170
-0.018036 -0.000073 0.006171 170 170 170
-0.018045 -0.000073 0.006174 171 171 171
-0.018063 -0.000074 0.006180 171 171 171
-0.017544 -0.000068 0.005991 165 165 165
-0.017544 -0.000068 0.005991 165 165 165
-0.017556 -0.000068 0.005996 165 165 165
-0.017556 -0.000068 0.005996 165 165 165
-0.017326 -0.000066 0.005918 165 165 165
-0.017326 -0.000066 0.005918 165 165 165
-0.018034 -0.000073 0.006159 165 165 165
-0.018025 -0.000073 0.006156 165 165 165
-0.018025 -0.000073 0.006156 165 165 165
-0.018016 -0.000073 0.006153 165 165 165
-0.018015 -0.000073 0.006153 165 165 165
-0.018024 -0.000073 0.006156 165 165 165
-0.018024 -0.000073 0.006156 165 165 165
-0.018024 -0.000073 0.006156 165 165 165
-0.018032 -0.000073 0.006159 165 165 165
-0.018041 -0.000073 0.006162 165 165 165
-0.018050 -0.000073 0.006165 165 165 165
-0.018041 -0.000073 0.006162 165 165 165
-0.018041 -0.000073 0.006162 165 165 165
-0.018031 -0.000073 0.006159 165 165 165
-0.018022 -0.000073 0.006156 165 165 165
-0.018013 -0.000073 0.006153 166 166 166
-0.018022 -0.000073 0.006156 166 166 166
-0.018031 -0.000073 0.006159 166 166 166
-0.018048 -0.000073 0.006165 166 166 166
-0.018048 -0.000073 0.006165 166 166 166
-0.018039 -0.000073 0.006162 166 166 166
-0.018030 -0.000073 0.006159 166 166 166
-0.018021 -0.000073 0.006156 166 166 166
-0.018012 -0.000073 0.006153 166 166 166
-0.018003 -0.000073 0.006150 166 166 166
-0.017994 -0.000072 0.006147 166 166 166
-0.017994 -0.000072 0.006147 166 166 166
-0.018011 -0.000073 0.006153 166 166 166
-0.018029 -0.000073 0.006159 166 166 166
-0.018055 -0.000073 0.006168 166 166 166
-0.018055 -0.000073 0.006168 166 166 166
-0.018055 -0.000073 0.006168 166 166 166
-0.018055 -0.000073 0.006168 166 166 166
-0.018055 -0.000073 0.006168 166 166 166
-0.018054 -0.000073 0.006168 166 166 166
-0.018054 -0.000073 0.006168 166 166 166
-0.018009 -0.000073 0.006153 166 166 166
-0.018000 -0.000073 0.006150 166 166 166
-0.018000 -0.000073 0.006150 166 166 166
-0.017999 -0.000073 0.006150 166 166 166
-0.018008 -0.000073 0.006153 166 166 166
-0.018008 -0.000073 0.006153 166 166 166
-0.018008 -0.000073 0.006153 167 167 167
-0.018016 -0.000073 0.006156 167 167 167
-0.018016 -0.000073 0.006156 166 166 166
-0.018016 -0.000073 0.006156 167 167 167
-0.018016 -0.000073 0.006156 167 167 167
-0.018015 -0.000073 0.006156 166 166 166
-0.018015 -0.000073 0.006156 167 167 167
-0.018005 -0.000073 0.006153 167 167 167
-0.017996 -0.000073 0.006150 167 167 167
-0.017996 -0.000073 0.006150 167 167 167
-0.017996 -0.000073 0.006150 167 167 167
-0.017996 -0.000073 0.006150 167 167 167
-0.017996 -0.000073 0.006150 167 167 167
-0.018004 -0.000073 0.006153 167 167 167
-0.018004 -0.000073 0.006153 167 167 167
-0.018022 -0.000073 0.006159 167 167 167
-0.018039 -0.000073 0.006165 167 167 167
-0.018039 -0.000073 0.006165 167 167 167
-0.018048 -0.000073 0.006168 167 167 167
-0.018066 -0.000073 0.006174 167 167 167
-0.018010 -0.000073 0.006156 168 168 168
-0.018002 -0.000073 0.006153 168 168 168
-0.018018 -0.000073 0.006159 168 168 168
-0.018009 -0.000073 0.006156 168 168 168
-0.018005 -0.000073 0.006156 168 168 168
-0.017996 -0.000073 0.006153 168 168 168
-0.017995 -0.000073 0.006153 168 168 168
-0.017995 -0.000073 0.006153 168 168 168
-0.017986 -0.000073 0.006150 169 169 169
-0.017986 -0.000073 0.006150 169 169 169
-0.017995 -0.000073 0.006153 169 169 169
-0.017995 -0.000073 0.006153 169 169 169
-0.017994 -0.000073 0.006153 169 169 169
-0.017985 -0.000073 0.006150 169 169 169
-0.017985 -0.000073 0.006150 169 169 169
-0.017985 -0.000073 0.006150 169 169 169
-0.017985 -0.000073 0.006150 169 169 169
-0.017985 -0.000073 0.006150 169 169 169
-0.017984 -0.000073 0.006150 169 169 169
-0.017993 -0.000073 0.006153 169 169 169
-0.017993 -0.000073 0.006153 169 169 169
-0.017993 -0.000073 0.006153 169 169 169
-0.017992 -0.000073 0.006153 169 169 169
-0.017992 -0.000073 0.006153 169 169 169
-0.017992 -0.000073 0.006153 169 169 169
-0.018001 -0.000073 0.006156 169 169 169
-0.018001 -0.000073 0.006156 169 169 169
-0.018000 -0.000073 0.006156 169 169 169
-0.018009 -0.000073 0.006159 169 169 169
-0.018008 -0.000073 0.006159 169 169 169
-0.017999 -0.000073 0.006156 169 169 169
-0.017999 -0.000073 0.006156 169 169 169
-0.017999 -0.000073 0.006156 170 170 170
-0.017990 -0.000073 0.006153 169 169 169
-0.017990 -0.000073 0.006153 170 170 170
-0.017990 -0.000073 0.006153 170 170 170
-0.017990 -0.000073 0.006153 170 170 170
-0.017989 -0.000073 0.006153 170 170 170
-0.017989 -0.000073 0.006153 169 169 169
-0.017989 -0.000073 0.006153 169 169 169
-0.018005 -0.000073 0.006159 170 170 170
-0.018005 -0.000073 0.006159 170 170 170
-0.018005 -0.000073 0.006159 170 170 170
-0.018005 -0.000073 0.006159 170 170 170
-0.018004 -0.000073 0.006159 170 170 170
-0.018004 -0.000073 0.006159 170 170 170
-0.018004 -0.000073 0.006159 170 170 170
-0.018011 -0.000073 0.006162 170 170 170
-0.018002 -0.000073 0.006159 170 170 170
-0.018011 -0.000073 0.006162 170 170 170
-0.018020 -0.000073 0.006165 171 171 171
-0.018020 -0.000073 0.006165 170 170 170
-0.018019 -0.000073 0.006165 170 170 170
-0.018046 -0.000073 0.006174 170 170 170
-0.018018 -0.000073 0.006165 170 170 170
-0.018000 -0.000073 0.006159 171 171 171
-0.018000 -0.000073 0.006159 170 170 170
-0.018000 -0.000073 0.006159 170 170 170
-0.018027 -0.000073 0.006168 170 170 170
-0.017370 -0.000066 0.005932 164 164 164
-0.017375 -0.000066 0.005934 164 164 164
-0.017381 -0.000066 0.005936 164 164 164
-0.017380 -0.000066 0.005936 164 164 164
-0.017347 -0.000066 0.005925 165 165 165
-0.017326 -0.000066 0.005918 165 165 165
-0.017326 -0.000066 0.005918 165 165 165
-0.017342 -0.000066 0.005923 165 165 165
-0.017352 -0.000066 0.005927 165 165 165
-0.017352 -0.000066 0.005927 165 165 165
-0.017352 -0.000066 0.005927 165 165 165
-0.018016 -0.000072 0.006153 165 165 165
-0.018015 -0.000072 0.006153 165 165 165
-0.018024 -0.000073 0.006156 165 165 165
-0.018024 -0.000073 0.006156 165 165 165
-0.018024 -0.000073 0.006156 165 165 165
-0.018032 -0.000073 0.006159 165 165 165
-0.018041 -0.000073 0.006162 165 165 165
-0.018041 -0.000073 0.006162 165 165 165
-0.018041 -0.000073 0.006162 165 165 165
-0.018032 -0.000073 0.006159 166 166 166
-0.018023 -0.000073 0.006156 165 165 165
-0.018013 -0.000072 0.006153 165 165 165
-0.018013 -0.000072 0.006153 165 165 165
-0.018022 -0.000073 0.006156 166 166 166
-0.018031 -0.000073 0.006159 165 165 165
-0.018048 -0.000073 0.006165 166 166 166
-0.018048 -0.000073 0.006165 166 166 166
-0.018039 -0.000073 0.006162 166 166 166
-0.018030 -0.000073 0.006159 165 165 165
-0.018012 -0.000072 0.006153 165 165 165
-0.018003 -0.000072 0.006150 166 166 166
-0.017994 -0.000072 0.006147 166 166 166
-0.017985 -0.000072 0.006144 166 166 166
-0.017985 -0.000072 0.006144 166 166 166
-0.018002 -0.000072 0.006150 166 166 166
-0.018029 -0.000073 0.006159 166 166 166
-0.018046 -0.000073 0.006165 166 166 166
-0.018055 -0.000073 0.006168 166 166 166
-0.018037 -0.000073 0.006162 166 166 166
-0.018037 -0.000073 0.006162 166 166 166
-0.018036 -0.000073 0.006162 166 166 166
-0.018009 -0.000072 0.006153 166 166 166
-0.018000 -0.000072 0.006150 166 166 166
-0.018000 -0.000072 0.006150 166 166 166
-0.017999 -0.000072 0.006150 166 166 166
-0.017999 -0.000072 0.006150 167 167 167
-0.017999 -0.000072 0.006150 166 166 166
-0.018008 -0.000072 0.006153 166 166 166
-0.018007 -0.000072 0.006153 167 167 167
-0.018016 -0.000073 0.006156 167 167 167
-0.018016 -0.000073 0.006156 166 166 166
-0.018025 -0.000073 0.006159 166 166 166
-0.017996 -0.000072 0.006150 167 167 167
-0.017996 -0.000072 0.006150 167 167 167
-0.017987 -0.000072 0.006147 167 167 167
-0.017987 -0.000072 0.006147 167 167 167
-0.017987 -0.000072 0.006147 167 167 167
-0.017996 -0.000072 0.006150 167 167 167
-0.018004 -0.000072 0.006153 167 167 167
-0.018022 -0.000073 0.006159 167 167 167
-0.018030 -0.000073 0.006162 167 167 167
-0.018030 -0.000073 0.006162 167 167 167
-0.018039 -0.000073 0.006165 167 167 167
-0.018048 -0.000073 0.006168 167 167 167
-0.018093 -0.000073 0.006184 167 167 167
-0.018046 -0.000073 0.006168 167 167 167
-0.018010 -0.000073 0.006156 167 167 167
-0.018002 -0.000072 0.006153 168 168 168
-0.018010 -0.000073 0.006156 167 167 167
-0.018001 -0.000072 0.006153 167 167 167
-0.018001 -0.000072 0.006153 168 168 168
-0.018000 -0.000072 0.006153 168 168 168
-0.017998 -0.000072 0.006153 168 168 168
-0.018005 -0.000073 0.006156 169 169 169
-0.017996 -0.000072 0.006153 168 168 168
-0.017995 -0.000072 0.006153 168 168 168
-0.017987 -0.000072 0.006150 169 169 169
-0.017986 -0.000072 0.006150 168 168 168
-0.017977 -0.000072 0.006147 168 168 168
-0.017977 -0.000072 0.006147 169 169 169
-0.017977 -0.000072 0.006147 169 169 169
-0.017977 -0.000072 0.006147 169 169 169
-0.017977 -0.000072 0.006147 169 169 169
-0.017985 -0.000072 0.006150 169 169 169
-0.017976 -0.000072 0.006147 169 169 169
-0.017976 -0.000072 0.006147 169 169 169
-0.017976 -0.000072 0.006147 169 169 169
-0.017984 -0.000072 0.006150 169 169 169
-0.017984 -0.000072 0.006150 169 169 169
-0.017993 -0.000072 0.006153 169 169 169
-0.017993 -0.000072 0.006153 169 169 169
-0.017992 -0.000072 0.006153 169 169 169
-0.017992 -0.000072 0.006153 169 169 169
-0.017992 -0.000072 0.006153 169 169 169
-0.018000 -0.000073 0.006156 169 169 169
-0.018000 -0.000073 0.006156 169 169 169
-0.017999 -0.000073 0.006156 169 169 169
-0.017999 -0.000073 0.006156 169 169 169
-0.017999 -0.000073 0.006156 169 169 169
-0.017999 -0.000073 0.006156 169 169 169
-0.017990 -0.000072 0.006153 169 169 169
-0.017990 -0.000072 0.006153 169 169 169
-0.017990 -0.000072 0.006153 169 169 169
-0.017989 -0.000072 0.006153 169 169 169
-0.017980 -0.000072 0.006150 169 169 169
-0.017980 -0.000072 0.006150 169 169 169
-0.017980 -0.000072 0.006150 169 169 169
-0.018005 -0.000073 0.006159 170 170 170
-0.018005 -0.000073 0.006159 170 170 170
-0.018005 -0.000073 0.006159 169 169 169
-0.018005 -0.000073 0.006159 169 169 169
-0.018004 -0.000073 0.006159 170 170 170
-0.018013 -0.000073 0.006162 170 170 170
-0.018011 -0.000073 0.006162 170 170 170
-0.018002 -0.000073 0.006159 170 170 170
-0.018011 -0.000073 0.006162 170 170 170
-0.018020 -0.000073 0.006165 170 170 170
-0.018020 -0.000073 0.006165 170 170 170
-0.018019 -0.000073 0.006165 170 170 170
-0.018000 -0.000073 0.006159 171 171 171
-0.018000 -0.000073 0.006159 171 171 171
-0.018000 -0.000073 0.006159 171 171 171
-0.017376 -0.000066 0.005934 164 164 164
-0.017370 -0.000066 0.005932 164 164 164
-0.017375 -0.000066 0.005934 165 165 165
-0.017381 -0.000066 0.005936 165 165 165
-0.017380 -0.000066 0.005936 165 165 165
-0.017380 -0.000066 0.005936 164 164 164
-0.017380 -0.000066 0.005936 164 164 164
-0.017358 -0.000066 0.005929 164 164 164
-0.017347 -0.000066 0.005925 165 165 165
-0.017342 -0.000066 0.005923 165 165 165
-0.017342 -0.000066 0.005923 165 165 165
-0.017352 -0.000066 0.005927 165 165 165
-0.017352 -0.000066 0.005927 165 165 165
-0.017352 -0.000066 0.005927 165 165 165
-0.017352 -0.000066 0.005927 165 165 165
-0.017357 -0.000066 0.005929 165 165 165
-0.018033 -0.000072 0.006159 165 165 165
-0.018024 -0.000072 0.006156 165 165 165
-0.018015 -0.000072 0.006153 165 165 165
-0.018032 -0.000072 0.006159 165 165 165
-0.018032 -0.000072 0.006159 165 165 165
-0.018041 -0.000073 0.006162 165 165 165
-0.018041 -0.000073 0.006162 165 165 165
-0.018032 -0.000072 0.006159 165 165 165
-0.018014 -0.000072 0.006153 165 165 165
-0.018013 -0.000072 0.006153 165 165 165
-0.018013 -0.000072 0.006153 165 165 165
-0.018013 -0.000072 0.006153 165 165 165
-0.018049 -0.000073 0.006165 165 165 165
-0.018048 -0.000073 0.006165 166 166 166
-0.018048 -0.000073 0.006165 166 166 166
-0.018039 -0.000073 0.006162 166 166 166
-0.018030 -0.000072 0.006159 166 166 166
-0.018003 -0.000072 0.006150 166 166 166
-0.017994 -0.000072 0.006147 165 165 165
-0.017985 -0.000072 0.006144 165 165 165
-0.017977 -0.000072 0.006141 166 166 166
-0.017976 -0.000072 0.006141 166 166 166
-0.018029 -0.000072 0.006159 166 166 166
-0.018047 -0.000073 0.006165 166 166 166
-0.018009 -0.000072 0.006153 166 166 166
-0.018000 -0.000072 0.006150 166 166 166
-0.017991 -0.000072 0.006147 166 166 166
-0.017991 -0.000072 0.006147 166 166 166
-0.017999 -0.000072 0.006150 167 167 167
-0.017999 -0.000072 0.006150 166 166 166
-0.017999 -0.000072 0.006150 166 166 166
-0.017999 -0.000072 0.006150 166 166 166
-0.018007 -0.000072 0.006153 167 167 167
-0.018025 -0.000072 0.006159 167 167 167
-0.017996 -0.000072 0.006150 167 167 167
-0.017996 -0.000072 0.006150 167 167 167
-0.017987 -0.000072 0.006147 167 167 167
-0.017987 -0.000072 0.006147 167 167 167
-0.017987 -0.000072 0.006147 167 167 167
-0.017996 -0.000072 0.006150 167 167 167
-0.018030 -0.000073 0.006162 167 167 167
-0.018039 -0.000073 0.006165 167 167 167
-0.018030 -0.000073 0.006162 167 167 167
-0.018048 -0.000073 0.006168 167 167 167
-0.018048 -0.000073 0.006168 167 167 167
-0.018057 -0.000073 0.006171 167 167 167
-0.018047 -0.000073 0.006168 167 167 167
-0.018028 -0.000073 0.006162 167 167 167
-0.018010 -0.000072 0.006156 168 168 168
-0.018001 -0.000072 0.006153 167 167 167
-0.018001 -0.000072 0.006153 167 167 167
-0.018001 -0.000072 0.006153 167 167 167
-0.018000 -0.000072 0.006153 168 168 168
-0.018000 -0.000072 0.006153 168 168 168
-0.017998 -0.000072 0.006153 168 168 168
-0.017995 -0.000072 0.006153 168 168 168
-0.017986 -0.000072 0.006150 168 168 168
-0.017977 -0.000072 0.006147 168 168 168
-0.017977 -0.000072 0.006147 169 169 169
-0.017968 -0.000072 0.006144 169 169 169
-0.017968 -0.000072 0.006144 169 169 169
-0.017968 -0.000072 0.006144 169 169 169
-0.017985 -0.000072 0.006150 169 169 169
-0.017976 -0.000072 0.006147 169 169 169
-0.017976 -0.000072 0.006147 169 169 169
-0.017976 -0.000072 0.006147 169 169 169
-0.017984 -0.000072 0.006150 169 169 169
-0.017984 -0.000072 0.006150 169 169 169
-0.017984 -0.000072 0.006150 169 169 169
-0.017984 -0.000072 0.006150 168 168 168
-0.017984 -0.000072 0.006150 169 169 169
-0.017984 -0.000072 0.006150 169 169 169
-0.017992 -0.000072 0.006153 169 169 169
-0.018009 -0.000072 0.006159 169 169 169
-0.018008 -0.000072 0.006159 169 169 169
-0.017999 -0.000072 0.006156 169 169 169
-0.017999 -0.000072 0.006156 169 169 169
-0.017999 -0.000072 0.006156 169 169 169
-0.017999 -0.000072 0.006156 169 169 169
-0.017980 -0.000072 0.006150 169 169 169
-0.018005 -0.000072 0.006159 170 170 170
-0.018005 -0.000072 0.006159 170 170 170
-0.018013 -0.000073 0.006162 170 170 170
-0.018011 -0.000073 0.006162 170 170 170
-0.018473 -0.000077 0.006321 170 170 170
-0.018473 -0.000077 0.006321 170 170 170
-0.018484 -0.000077 0.006325 170 170 170
-0.017892 -0.000071 0.006110 164 164 164
-0.017381 -0.000066 0.005936 164 164 164
-0.017392 -0.000066 0.005940 164 164 164
-0.017875 -0.000071 0.006104 164 164 164
-0.017851 -0.000071 0.006096 165 165 165
-0.017851 -0.000071 0.006096 164 164 164
-0.017827 -0.000070 0.006088 164 164 164
-0.017843 -0.000070 0.006093 164 164 164
-0.017827 -0.000070 0.006088 165 165 165
-0.017842 -0.000070 0.006093 165 165 165
-0.017358 -0.000066 0.005929 165 165 165
-0.017882 -0.000071 0.006107 165 165 165
-0.017358 -0.000066 0.005929 165 165 165
-0.017358 -0.000066 0.005929 165 165 165
-0.017357 -0.000066 0.005929 165 165 165
-0.017357 -0.000066 0.005929 165 165 165
-0.017865 -0.000071 0.006101 165 165 165
-0.017881 -0.000071 0.006107 165 165 165
-0.018033 -0.000072 0.006159 165 165 165
-0.018006 -0.000072 0.006150 165 165 165
-0.017997 -0.000072 0.006147 165 165 165
-0.018006 -0.000072 0.006150 165 165 165
-0.018014 -0.000072 0.006153 165 165 165
-0.018014 -0.000072 0.006153 165 165 165
-0.017997 -0.000072 0.006147 165 165 165
-0.017996 -0.000072 0.006147 165 165 165
-0.017979 -0.000072 0.006141 165 165 165
-0.017962 -0.000072 0.006135 165 165 165
-0.017961 -0.000072 0.006135 165 165 165
-0.017987 -0.000072 0.006144 165 165 165
-0.018013 -0.000072 0.006153 165 165 165
-0.018048 -0.000072 0.006165 165 165 165
-0.018048 -0.000072 0.006165 165 165 165
-0.018030 -0.000072 0.006159 165 165 165
-0.017986 -0.000072 0.006144 166 166 166
-0.017969 -0.000072 0.006138 166 166 166
-0.017951 -0.000072 0.006132 165 165 165
-0.017901 -0.000071 0.006115 165 165 165
-0.017893 -0.000071 0.006112 166 166 166
-0.017893 -0.000071 0.006112 166 166 166
-0.017968 -0.000072 0.006138 165 165 165
-0.018010 -0.000072 0.006153 166 166 166
-0.017813 -0.000070 0.006086 166 166 166
-0.017844 -0.000071 0.006096 166 166 166
-0.017867 -0.000071 0.006104 166 166 166
-0.017866 -0.000071 0.006104 166 166 166
-0.017882 -0.000071 0.006110 166 166 166
-0.017890 -0.000071 0.006112 166 166 166
-0.017898 -0.000071 0.006115 166 166 166
-0.017973 -0.000072 0.006141 166 166 166
-0.017973 -0.000072 0.006141 166 166 166
-0.017973 -0.000072 0.006141 166 166 166
-0.017973 -0.000072 0.006141 166 166 166
-0.017981 -0.000072 0.006144 167 167 167
-0.017990 -0.000072 0.006147 167 167 167
-0.017864 -0.000071 0.006104 167 167 167
-0.017872 -0.000071 0.006107 167 167 167
-0.017872 -0.000071 0.006107 166 166 166
-0.017871 -0.000071 0.006107 166 166 166
-0.017871 -0.000071 0.006107 166 166 166
-0.017871 -0.000071 0.006107 166 166 166
-0.017988 -0.000072 0.006147 166 166 166
-0.017987 -0.000072 0.006147 167 167 167
-0.017987 -0.000072 0.006147 167 167 167
-0.017911 -0.000071 0.006121 167 167 167
-0.017987 -0.000072 0.006147 167 167 167
-0.018013 -0.000072 0.006156 167 167 167
-0.018013 -0.000072 0.006156 167 167 167
-0.017986 -0.000072 0.006147 167 167 167
-0.018003 -0.000072 0.006153 167 167 167
-0.018012 -0.000072 0.006156 167 167 167
-0.018039 -0.000072 0.006165 167 167 167
-0.018029 -0.000072 0.006162 167 167 167
-0.018010 -0.000072 0.006156 167 167 167
-0.018002 -0.000072 0.006153 167 167 167
-0.018001 -0.000072 0.006153 167 167 167
-0.017992 -0.000072 0.006150 167 167 167
-0.017907 -0.000071 0.006121 167 167 167
-0.017891 -0.000071 0.006115 167 167 167
-0.017882 -0.000071 0.006112 168 168 168
-0.017882 -0.000071 0.006112 168 168 168
-0.017999 -0.000072 0.006153 168 168 168
-0.017998 -0.000072 0.006153 168 168 168
-0.018006 -0.000072 0.006156 168 168 168
-0.017863 -0.000071 0.006107 168 168 168
-0.018116 -0.000073 0.006193 168 168 168
-0.018115 -0.000073 0.006193 168 168 168
-0.017987 -0.000072 0.006150 168 168 168
-0.017978 -0.000072 0.006147 168 168 168
-0.017952 -0.000072 0.006138 168 168 168
-0.017918 -0.000071 0.006126 169 169 169
-0.017901 -0.000071 0.006121 169 169 169
-0.017893 -0.000071 0.006118 168 168 168
-0.017885 -0.000071 0.006115 168 168 168
-0.017876 -0.000071 0.006112 168 168 168
-0.017892 -0.000071 0.006118 169 169 169
-0.017900 -0.000071 0.006121 169 169 169
-0.017908 -0.000071 0.006124 169 169 169
-0.017933 -0.000072 0.006132 169 169 169
-0.017933 -0.000072 0.006132 169 169 169
-0.017924 -0.000071 0.006129 169 169 169
-0.017924 -0.000071 0.006129 169 169 169
-0.017908 -0.000071 0.006124 169 169 169
-0.017899 -0.000071 0.006121 169 169 169
-0.017899 -0.000071 0.006121 169 169 169
-0.018000 -0.000072 0.006156 169 169 169
-0.017973 -0.000072 0.006147 169 169 169
-0.017965 -0.000072 0.006144 169 169 169
-0.017964 -0.000072 0.006144 169 169 169
-0.017964 -0.000072 0.006144 169 169 169
-0.017999 -0.000072 0.006156 169 169 169
-0.017972 -0.000072 0.006147 169 169 169
-0.017946 -0.000072 0.006138 169 169 169
-0.017946 -0.000072 0.006138 170 170 170
-0.017945 -0.000072 0.006138 170 170 170
-0.018014 -0.000072 0.006162 170 170 170
-0.018013 -0.000072 0.006162 170 170 170
-0.017976 -0.000072 0.006150 170 170 170
-0.018011 -0.000072 0.006162 170 170 170
-0.018473 -0.000077 0.006321 170 170 170
-0.018484 -0.000077 0.006325 170 170 170
-0.018496 -0.000077 0.006329 170 170 170
-0.017892 -0.000071 0.006110 164 164 164
-0.017892 -0.000071 0.006110 164 164 164
-0.017883 -0.000071 0.006107 165 165 165
-0.017883 -0.000071 0.006107 164 164 164
-0.017875 -0.000071 0.006104 164 164 164
-0.017859 -0.000070 0.006099 164 164 164
-0.017851 -0.000070 0.006096 164 164 164
-0.017858 -0.000070 0.006099 164 164 164
-0.017843 -0.000070 0.006093 165 165 165
-0.017866 -0.000070 0.006101 165 165 165
-0.017882 -0.000071 0.006107 165 165 165
-0.017898 -0.000071 0.006112 165 165 165
-0.017906 -0.000071 0.006115 165 165 165
-0.017906 -0.000071 0.006115 165 165 165
-0.017865 -0.000070 0.006101 165 165 165
-0.017865 -0.000070 0.006101 165 165 165
-0.017865 -0.000070 0.006101 165 165 165
-0.017873 -0.000071 0.006104 165 165 165
-0.017963 -0.000071 0.006135 165 165 165
-0.017963 -0.000071 0.006135 165 165 165
-0.017963 -0.000071 0.006135 165 165 165
-0.017988 -0.000072 0.006144 165 165 165
-0.017997 -0.000072 0.006147 165 165 165
-0.017997 -0.000072 0.006147 165 165 165
-0.017962 -0.000071 0.006135 165 165 165
-0.017920 -0.000071 0.006121 165 165 165
-0.017920 -0.000071 0.006121 165 165 165
-0.017920 -0.000071 0.006121 165 165 165
-0.017919 -0.000071 0.006121 165 165 165
-0.017919 -0.000071 0.006121 165 165 165
-0.017919 -0.000071 0.006121 165 165 165
-0.017902 -0.000071 0.006115 165 165 165
-0.017878 -0.000071 0.006107 165 165 165
-0.017862 -0.000070 0.006101 165 165 165
-0.017878 -0.000071 0.006107 165 165 165
-0.017894 -0.000071 0.006112 166 166 166
-0.017893 -0.000071 0.006112 166 166 166
-0.017893 -0.000071 0.006112 165 165 165
-0.017877 -0.000071 0.006107 166 166 166
-0.017853 -0.000070 0.006099 166 166 166
-0.017829 -0.000070 0.006091 165 165 165
-0.017798 -0.000070 0.006080 165 165 165
-0.017976 -0.000072 0.006141 166 166 166
-0.017876 -0.000071 0.006107 166 166 166
-0.017868 -0.000071 0.006104 166 166 166
-0.017852 -0.000070 0.006099 166 166 166
-0.017867 -0.000071 0.006104 166 166 166
-0.017851 -0.000070 0.006099 166 166 166
-0.017859 -0.000070 0.006101 166 166 166
-0.017867 -0.000071 0.006104 166 166 166
-0.017867 -0.000071 0.006104 166 166 166
-0.017866 -0.000071 0.006104 166 166 166
-0.017866 -0.000071 0.006104 166 166 166
-0.017882 -0.000071 0.006110 166 166 166
-0.017882 -0.000071 0.006110 166 166 166
-0.017890 -0.000071 0.006112 166 166 166
-0.017939 -0.000071 0.006129 166 166 166
-0.017939 -0.000071 0.006129 166 166 166
-0.017922 -0.000071 0.006124 166 166 166
-0.017922 -0.000071 0.006124 166 166 166
-0.017913 -0.000071 0.006121 166 166 166
-0.017913 -0.000071 0.006121 166 166 166
-0.017889 -0.000071 0.006112 166 166 166
-0.017888 -0.000071 0.006112 166 166 166
-0.017864 -0.000071 0.006104 166 166 166
-0.017864 -0.000071 0.006104 166 166 166
-0.017864 -0.000071 0.006104 167 167 167
-0.017864 -0.000071 0.006104 167 167 167
-0.017863 -0.000071 0.006104 166 166 166
-0.017863 -0.000071 0.006104 167 167 167
-0.017863 -0.000071 0.006104 167 167 167
-0.017871 -0.000071 0.006107 166 166 166
-0.017871 -0.000071 0.006107 166 166 166
-0.017862 -0.000071 0.006104 167 167 167
-0.017862 -0.000071 0.006104 167 167 167
-0.017862 -0.000071 0.006104 167 167 167
-0.017886 -0.000071 0.006112 167 167 167
-0.017961 -0.000072 0.006138 167 167 167
-0.017960 -0.000072 0.006138 167 167 167
-0.017952 -0.000071 0.006135 167 167 167
-0.017986 -0.000072 0.006147 166 166 166
-0.017986 -0.000072 0.006147 167 167 167
-0.017986 -0.000072 0.006147 167 167 167
-0.018003 -0.000072 0.006153 167 167 167
-0.018029 -0.000072 0.006162 167 167 167
-0.018002 -0.000072 0.006153 167 167 167
-0.017984 -0.000072 0.006147 167 167 167
-0.017984 -0.000072 0.006147 167 167 167
-0.017907 -0.000071 0.006121 167 167 167
-0.017867 -0.000071 0.006107 167 167 167
-0.017866 -0.000071 0.006107 167 167 167
-0.017866 -0.000071 0.006107 167 167 167
-0.017866 -0.000071 0.006107 167 167 167
-0.017858 -0.000071 0.006104 167 167 167
-0.017842 -0.000070 0.006099 168 168 168
-0.017826 -0.000070 0.006093 168 168 168
-0.017803 -0.000070 0.006086 168 168 168
-0.017803 -0.000070 0.006086 168 168 168
-0.017857 -0.000071 0.006104 167 167 167
-0.017865 -0.000071 0.006107 167 167 167
-0.017873 -0.000071 0.006110 168 168 168
-0.017913 -0.000071 0.006124 168 168 168
-0.017964 -0.000072 0.006141 168 168 168
-0.017963 -0.000072 0.006141 168 168 168
-0.017864 -0.000071 0.006107 168 168 168
-0.017864 -0.000071 0.006107 168 168 168
-0.017863 -0.000071 0.006107 168 168 168
-0.017855 -0.000071 0.006104 168 168 168
-0.017855 -0.000071 0.006104 168 168 168
-0.017855 -0.000071 0.006104 168 168 168
-0.017863 -0.000071 0.006107 168 168 168
-0.017863 -0.000071 0.006107 168 168 168
-0.017918 -0.000071 0.006126 168 168 168
-0.017902 -0.000071 0.006121 168 168 168
-0.017901 -0.000071 0.006121 169 169 169
-0.017893 -0.000071 0.006118 169 169 169
-0.017885 -0.000071 0.006115 168 168 168
-0.017876 -0.000071 0.006112 168 168 168
-0.017876 -0.000071 0.006112 169 169 169
-0.017876 -0.000071 0.006112 169 169 169
-0.017884 -0.000071 0.006115 169 169 169
-0.017884 -0.000071 0.006115 169 169 169
-0.017892 -0.000071 0.006118 169 169 169
-0.017892 -0.000071 0.006118 169 169 169
-0.017891 -0.000071 0.006118 169 169 169
-0.017891 -0.000071 0.006118 169 169 169
-0.017883 -0.000071 0.006115 169 169 169
-0.017883 -0.000071 0.006115 169 169 169
-0.017875 -0.000071 0.006112 169 169 169
-0.017874 -0.000071 0.006112 169 169 169
-0.017874 -0.000071 0.006112 169 169 169
-0.017866 -0.000071 0.006110 169 169 169
-0.017866 -0.000071 0.006110 169 169 169
-0.017858 -0.000071 0.006107 169 169 169
-0.017857 -0.000071 0.006107 169 169 169
-0.017873 -0.000071 0.006112 169 169 169
-0.017898 -0.000071 0.006121 169 169 169
-0.017897 -0.000071 0.006121 169 169 169
-0.017897 -0.000071 0.006121 169 169 169
-0.017947 -0.000072 0.006138 169 169 169
-0.017904 -0.000071 0.006124 169 169 169
-0.017921 -0.000071 0.006129 169 169 169
-0.017920 -0.000071 0.006129 169 169 169
-0.017887 -0.000071 0.006118 169 169 169
-0.017887 -0.000071 0.006118 169 169 169
-0.017879 -0.000071 0.006115 169 169 169
-0.017879 -0.000071 0.006115 169 169 169
-0.017895 -0.000071 0.006121 169 169 169
-0.017886 -0.000071 0.006118 169 169 169
-0.017877 -0.000071 0.006115 170 170 170
-0.017869 -0.000071 0.006112 169 169 169
-0.017861 -0.000071 0.006110 169 169 169
-0.017853 -0.000071 0.006107 169 169 169
-0.017853 -0.000071 0.006107 170 170 170
-0.017861 -0.000071 0.006110 170 170 170
-0.017885 -0.000071 0.006118 170 170 170
-0.017884 -0.000071 0.006118 170 170 170
-0.017884 -0.000071 0.006118 170 170 170
-0.017884 -0.000071 0.006118 170 170 170
-0.017942 -0.000072 0.006138 170 170 170
-0.017976 -0.000072 0.006150 170 170 170
-0.018472 -0.000077 0.006321 170 170 170
-0.018472 -0.000077 0.006321 170 170 170
-0.017882 -0.000071 0.006118 170 170 170
-0.017849 -0.000071 0.006107 170 170 170
-0.017849 -0.000071 0.006107 170 170 170
-0.017849 -0.000071 0.006107 170 170 170
-0.017849 -0.000071 0.006107 170 170 170
-0.017848 -0.000071 0.006107 170 170 170
-0.017864 -0.000071 0.006112 170 170 170
-0.017888 -0.000071 0.006121 170 170 170
-0.017892 -0.000071 0.006110 164 164 164
-0.017892 -0.000071 0.006110 164 164 164
-0.017883 -0.000070 0.006107 164 164 164
-0.017875 -0.000070 0.006104 164 164 164
-0.017875 -0.000070 0.006104 164 164 164
-0.017859 -0.000070 0.006099 165 165 165
-0.017851 -0.000070 0.006096 165 165 165
-0.017851 -0.000070 0.006096 165 165 165
-0.017850 -0.000070 0.006096 164 164 164
-0.017866 -0.000070 0.006101 164 164 164
-0.017882 -0.000070 0.006107 165 165 165
-0.017898 -0.000071 0.006112 165 165 165
-0.017906 -0.000071 0.006115 165 165 165
-0.017906 -0.000071 0.006115 165 165 165
-0.017873 -0.000070 0.006104 165 165 165
-0.017873 -0.000070 0.006104 165 165 165
-0.017865 -0.000070 0.006101 165 165 165
-0.017865 -0.000070 0.006101 165 165 165
-0.017872 -0.000070 0.006104 165 165 165
-0.017929 -0.000071 0.006124 165 165 165
-0.017954 -0.000071 0.006132 164 164 164
-0.017954 -0.000071 0.006132 165 165 165
-0.017962 -0.000071 0.006135 165 165 165
-0.017962 -0.000071 0.006135 165 165 165
-0.017920 -0.000071 0.006121 165 165 165
-0.017912 -0.000071 0.006118 165 165 165
-0.017912 -0.000071 0.006118 165 165 165
-0.017911 -0.000071 0.006118 165 165 165
-0.017911 -0.000071 0.006118 165 165 165
-0.017911 -0.000071 0.006118 165 165 165
-0.017903 -0.000071 0.006115 165 165 165
-0.017894 -0.000071 0.006112 165 165 165
-0.017862 -0.000070 0.006101 165 165 165
-0.017862 -0.000070 0.006101 165 165 165
-0.017878 -0.000070 0.006107 165 165 165
-0.017877 -0.000070 0.006107 165 165 165
-0.017877 -0.000070 0.006107 165 165 165
-0.017877 -0.000070 0.006107 165 165 165
-0.017877 -0.000070 0.006107 165 165 165
-0.017845 -0.000070 0.006096 165 165 165
-0.017799 -0.000070 0.006080 166 166 166
-0.017768 -0.000069 0.006070 166 166 166
-0.017768 -0.000069 0.006070 166 166 166
-0.017976 -0.000071 0.006141 166 166 166
-0.017917 -0.000071 0.006121 165 165 165
-0.017876 -0.000070 0.006107 166 166 166
-0.017876 -0.000070 0.006107 166 166 166
-0.017867 -0.000070 0.006104 165 165 165
-0.017867 -0.000070 0.006104 166 166 166
-0.017851 -0.000070 0.006099 166 166 166
-0.017859 -0.000070 0.006101 166 166 166
-0.017867 -0.000070 0.006104 166 166 166
-0.017867 -0.000070 0.006104 166 166 166
-0.017874 -0.000070 0.006107 166 166 166
-0.017874 -0.000070 0.006107 166 166 166
-0.017882 -0.000071 0.006110 166 166 166
-0.017882 -0.000071 0.006110 166 166 166
-0.017890 -0.000071 0.006112 166 166 166
-0.017890 -0.000071 0.006112 166 166 166
-0.017889 -0.000071 0.006112 166 166 166
-0.017889 -0.000071 0.006112 166 166 166
-0.017897 -0.000071 0.006115 166 166 166
-0.017889 -0.000071 0.006112 166 166 166
-0.017889 -0.000071 0.006112 166 166 166
-0.017889 -0.000071 0.006112 166 166 166
-0.017888 -0.000071 0.006112 166 166 166
-0.017880 -0.000071 0.006110 166 166 166
-0.017864 -0.000070 0.006104 166 166 166
-0.017872 -0.000070 0.006107 166 166 166
-0.017872 -0.000070 0.006107 166 166 166
-0.017871 -0.000070 0.006107 166 166 166
-0.017863 -0.000070 0.006104 167 167 167
-0.017863 -0.000070 0.006104 167 167 167
-0.017863 -0.000070 0.006104 166 166 166
-0.017863 -0.000070 0.006104 166 166 166
-0.017862 -0.000070 0.006104 167 167 167
-0.017862 -0.000070 0.006104 167 167 167
-0.017870 -0.000070 0.006107 167 167 167
-0.017886 -0.000071 0.006112 167 167 167
-0.017910 -0.000071 0.006121 167 167 167
-0.017943 -0.000071 0.006132 167 167 167
-0.017943 -0.000071 0.006132 167 167 167
-0.017943 -0.000071 0.006132 167 167 167
-0.017951 -0.000071 0.006135 167 167 167
-0.017968 -0.000071 0.006141 167 167 167
-0.017977 -0.000071 0.006144 167 167 167
-0.018003 -0.000072 0.006153 167 167 167
-0.018002 -0.000072 0.006153 167 167 167
-0.017984 -0.000072 0.006147 167 167 167
-0.017958 -0.000071 0.006138 167 167 167
-0.017958 -0.000071 0.006138 167 167 167
-0.017875 -0.000071 0.006110 167 167 167
-0.017867 -0.000070 0.006107 167 167 167
-0.017866 -0.000070 0.006107 167 167 167
-0.017866 -0.000070 0.006107 168 168 168
-0.017866 -0.000070 0.006107 167 167 167
-0.017858 -0.000070 0.006104 167 167 167
-0.017842 -0.000070 0.006099 167 167 167
-0.017826 -0.000070 0.006093 168 168 168
-0.017818 -0.000070 0.006091 168 168 168
-0.017818 -0.000070 0.006091 168 168 168
-0.017841 -0.000070 0.006099 168 168 168
-0.017857 -0.000070 0.006104 168 168 168
-0.017865 -0.000070 0.006107 168 168 168
-0.017864 -0.000070 0.006107 168 168 168
-0.017872 -0.000071 0.006110 167 167 167
-0.017864 -0.000070 0.006107 168 168 168
-0.017864 -0.000070 0.006107 168 168 168
-0.017864 -0.000070 0.006107 168 168 168
-0.017864 -0.000070 0.006107 168 168 168
-0.017863 -0.000070 0.006107 168 168 168
-0.017855 -0.000070 0.006104 168 168 168
-0.017855 -0.000070 0.006104 168 168 168
-0.017855 -0.000070 0.006104 168 168 168
-0.017863 -0.000070 0.006107 168 168 168
-0.017863 -0.000070 0.006107 168 168 168
-0.017862 -0.000070 0.006107 168 168 168
-0.017870 -0.000071 0.006110 168 168 168
-0.017878 -0.000071 0.006112 168 168 168
-0.017894 -0.000071 0.006118 168 168 168
-0.017902 -0.000071 0.006121 168 168 168
-0.017902 -0.000071 0.006121 168 168 168
-0.017901 -0.000071 0.006121 168 168 168
-0.017901 -0.000071 0.006121 168 168 168
-0.017893 -0.000071 0.006118 168 168 168
-0.017885 -0.000071 0.006115 168 168 168
-0.017876 -0.000071 0.006112 168 168 168
-0.017876 -0.000071 0.006112 168 168 168
-0.017876 -0.000071 0.006112 168 168 168
-0.017884 -0.000071 0.006115 169 169 169
-0.017884 -0.000071 0.006115 168 168 168
-0.017892 -0.000071 0.006118 168 168 168
-0.017891 -0.000071 0.006118 168 168 168
-0.017891 -0.000071 0.006118 169 169 169
-0.017883 -0.000071 0.006115 169 169 169
-0.017883 -0.000071 0.006115 169 169 169
-0.017875 -0.000071 0.006112 169 169 169
-0.017874 -0.000071 0.006112 169 169 169
-0.017874 -0.000071 0.006112 169 169 169
-0.017866 -0.000071 0.006110 168 168 168
-0.017858 -0.000070 0.006107 168 168 168
-0.017858 -0.000070 0.006107 169 169 169
-0.017857 -0.000070 0.006107 169 169 169
-0.017857 -0.000070 0.006107 169 169 169
-0.017873 -0.000071 0.006112 169 169 169
-0.017873 -0.000071 0.006112 169 169 169
-0.017873 -0.000071 0.006112 169 169 169
-0.017881 -0.000071 0.006115 169 169 169
-0.017896 -0.000071 0.006121 169 169 169
-0.017896 -0.000071 0.006121 169 169 169
-0.017904 -0.000071 0.006124 169 169 169
-0.017896 -0.000071 0.006121 169 169 169
-0.017887 -0.000071 0.006118 169 169 169
-0.017879 -0.000071 0.006115 169 169 169
-0.017879 -0.000071 0.006115 169 169 169
-0.017879 -0.000071 0.006115 169 169 169
-0.017878 -0.000071 0.006115 169 169 169
-0.017894 -0.000071 0.006121 169 169 169
-0.017894 -0.000071 0.006121 170 170 170
-0.017886 -0.000071 0.006118 170 170 170
-0.017878 -0.000071 0.006115 169 169 169
-0.017869 -0.000071 0.006112 170 170 170
-0.017861 -0.000071 0.006110 170 170 170
-0.017853 -0.000070 0.006107 169 169 169
-0.017853 -0.000070 0.006107 169 169 169
-0.017853 -0.000070 0.006107 169 169 169
-0.017853 -0.000070 0.006107 170 170 170
-0.017860 -0.000071 0.006110 169 169 169
-0.017876 -0.000071 0.006115 169 169 169
-0.017876 -0.000071 0.006115 170 170 170
-0.017876 -0.000071 0.006115 170 170 170
-0.017917 -0.000071 0.006129 170 170 170
-0.017942 -0.000071 0.006138 170 170 170
-0.018496 -0.000077 0.006329 170 170 170
-0.018472 -0.000076 0.006321 170 170 170
-0.017857 -0.000071 0.006110 170 170 170
-0.017849 -0.000070 0.006107 170 170 170
-0.017849 -0.000070 0.006107 170 170 170
-0.017849 -0.000070 0.006107 170 170 170
-0.017849 -0.000070 0.006107 170 170 170
-0.017848 -0.000070 0.006107 170 170 170
-0.017848 -0.000070 0.006107 170 170 170
-0.017864 -0.000071 0.006112 170 170 170
-0.017864 -0.000071 0.006112 170 170 170
-0.017892 -0.000070 0.006110 164 164 164
-0.017892 -0.000070 0.006110 164 164 164
-0.017883 -0.000070 0.006107 164 164 164
-0.017875 -0.000070 0.006104 164 164 164
-0.017875 -0.000070 0.006104 164 164 164
-0.017867 -0.000070 0.006101 165 165 165
-0.017859 -0.000070 0.006099 164 164 164
-0.017858 -0.000070 0.006099 164 164 164
-0.017866 -0.000070 0.006101 164 164 164
-0.017882 -0.000070 0.006107 164 164 164
-0.017898 -0.000070 0.006112 164 164 164
-0.017906 -0.000071 0.006115 164 164 164
-0.017906 -0.000071 0.006115 164 164 164
-0.017898 -0.000070 0.006112 164 164 164
-0.017873 -0.000070 0.006104 164 164 164
-0.017873 -0.000070 0.006104 165 165 165
-0.017865 -0.000070 0.006101 165 165 165
-0.017865 -0.000070 0.006101 165 165 165
-0.017865 -0.000070 0.006101 165 165 165
-0.017913 -0.000071 0.006118 164 164 164
-0.017921 -0.000071 0.006121 165 165 165
-0.017929 -0.000071 0.006124 165 165 165
-0.017929 -0.000071 0.006124 165 165 165
-0.017929 -0.000071 0.006124 165 165 165
-0.017904 -0.000071 0.006115 165 165 165
-0.017904 -0.000071 0.006115 165 165 165
-0.017912 -0.000071 0.006118 165 165 165
-0.017911 -0.000071 0.006118 165 165 165
-0.017911 -0.000071 0.006118 165 165 165
-0.017903 -0.000071 0.006115 165 165 165
-0.017903 -0.000071 0.006115 165 165 165
-0.017894 -0.000070 0.006112 165 165 165
-0.017878 -0.000070 0.006107 165 165 165
-0.017862 -0.000070 0.006101 165 165 165
-0.017878 -0.000070 0.006107 165 165 165
-0.017877 -0.000070 0.006107 165 165 165
-0.017877 -0.000070 0.006107 165 165 165
-0.017877 -0.000070 0.006107 165 165 165
-0.017877 -0.000070 0.006107 165 165 165
-0.017829 -0.000070 0.006091 165 165 165
-0.017791 -0.000069 0.006078 166 166 166
-0.017761 -0.000069 0.006068 166 166 166
-0.017703 -0.000069 0.006048 166 166 166
-0.017703 -0.000069 0.006048 165 165 165
-0.017876 -0.000070 0.006107 165 165 165
-0.017876 -0.000070 0.006107 165 165 165
-0.017876 -0.000070 0.006107 165 165 165
-0.017867 -0.000070 0.006104 166 166 166
-0.017867 -0.000070 0.006104 166 166 166
-0.017867 -0.000070 0.006104 166 166 166
-0.017867 -0.000070 0.006104 166 166 166
-0.017875 -0.000070 0.006107 166 166 166
-0.017875 -0.000070 0.006107 166 166 166
-0.017874 -0.000070 0.006107 166 166 166
-0.017874 -0.000070 0.006107 166 166 166
-0.017882 -0.000070 0.006110 166 166 166
-0.017890 -0.000070 0.006112 166 166 166
-0.017898 -0.000071 0.006115 166 166 166
-0.017898 -0.000071 0.006115 166 166 166
-0.017873 -0.000070 0.006107 166 166 166
-0.017873 -0.000070 0.006107 166 166 166
-0.017889 -0.000070 0.006112 166 166 166
-0.017889 -0.000070 0.006112 166 166 166
-0.017889 -0.000070 0.006112 166 166 166
-0.017889 -0.000070 0.006112 166 166 166
-0.017888 -0.000070 0.006112 166 166 166
-0.017888 -0.000070 0.006112 166 166 166
-0.017880 -0.000070 0.006110 166 166 166
-0.017880 -0.000070 0.006110 166 166 166
-0.017872 -0.000070 0.006107 166 166 166
-0.017871 -0.000070 0.006107 166 166 166
-0.017871 -0.000070 0.006107 166 166 166
-0.017863 -0.000070 0.006104 166 166 166
-0.017863 -0.000070 0.006104 166 166 166
-0.017863 -0.000070 0.006104 166 166 166
-0.017862 -0.000070 0.006104 166 166 166
-0.017862 -0.000070 0.006104 167 167 167
-0.017870 -0.000070 0.006107 167 167 167
-0.017886 -0.000070 0.006112 167 167 167
-0.017910 -0.000071 0.006121 166 166 166
-0.017918 -0.000071 0.006124 166 166 166
-0.017927 -0.000071 0.006126 166 166 166
-0.017926 -0.000071 0.006126 166 166 166
-0.017943 -0.000071 0.006132 167 167 167
-0.017968 -0.000071 0.006141 167 167 167
-0.018003 -0.000072 0.006153 167 167 167
-0.018002 -0.000072 0.006153 167 167 167
-0.017967 -0.000071 0.006141 167 167 167
-0.017967 -0.000071 0.006141 167 167 167
-0.017875 -0.000070 0.006110 167 167 167
-0.017867 -0.000070 0.006107 167 167 167
-0.017866 -0.000070 0.006107 167 167 167
-0.017874 -0.000070 0.006110 167 167 167
-0.017866 -0.000070 0.006107 167 167 167
-0.017866 -0.000070 0.006107 167 167 167
-0.017858 -0.000070 0.006104 167 167 167
-0.017842 -0.000070 0.006099 167 167 167
-0.017842 -0.000070 0.006099 167 167 167
-0.017818 -0.000070 0.006091 167 167 167
-0.017826 -0.000070 0.006093 168 168 168
-0.017841 -0.000070 0.006099 168 168 168
-0.017857 -0.000070 0.006104 168 168 168
-0.017864 -0.000070 0.006107 168 168 168
-0.017872 -0.000070 0.006110 168 168 168
-0.017864 -0.000070 0.006107 168 168 168
-0.017864 -0.000070 0.006107 168 168 168
-0.017864 -0.000070 0.006107 168 168 168
-0.017864 -0.000070 0.006107 168 168 168
-0.017863 -0.000070 0.006107 168 168 168
-0.017863 -0.000070 0.006107 168 168 168
-0.017863 -0.000070 0.006107 168 168 168
-0.017863 -0.000070 0.006107 168 168 168
-0.017863 -0.000070 0.006107 168 168 168
-0.017863 -0.000070 0.006107 168 168 168
-0.017862 -0.000070 0.006107 168 168 168
-0.017870 -0.000070 0.006110 168 168 168
-0.017870 -0.000070 0.006110 168 168 168
-0.017870 -0.000070 0.006110 168 168 168
-0.017886 -0.000071 0.006115 168 168 168
-0.017886 -0.000071 0.006115 168 168 168
-0.017894 -0.000071 0.006118 168 168 168
-0.017893 -0.000071 0.006118 168 168 168
-0.017901 -0.000071 0.006121 168 168 168
-0.017901 -0.000071 0.006121 168 168 168
-0.017909 -0.000071 0.006124 168 168 168
-0.017893 -0.000071 0.006118 168 168 168
-0.017884 -0.000071 0.006115 168 168 168
-0.017884 -0.000071 0.006115 168 168 168
-0.017876 -0.000070 0.006112 168 168 168
-0.017876 -0.000070 0.006112 168 168 168
-0.017876 -0.000070 0.006112 168 168 168
-0.017884 -0.000071 0.006115 168 168 168
-0.017891 -0.000071 0.006118 168 168 168
-0.017891 -0.000071 0.006118 168 168 168
-0.017883 -0.000071 0.006115 168 168 168
-0.017883 -0.000071 0.006115 168 168 168
-0.017883 -0.000071 0.006115 168 168 168
-0.017882 -0.000071 0.006115 169 169 169
-0.017874 -0.000070 0.006112 169 169 169
-0.017866 -0.000070 0.006110 168 168 168
-0.017866 -0.000070 0.006110 168 168 168
-0.017858 -0.000070 0.006107 169 169 169
-0.017857 -0.000070 0.006107 169 169 169
-0.017857 -0.000070 0.006107 169 169 169
-0.017865 -0.000070 0.006110 169 169 169
-0.017865 -0.000070 0.006110 169 169 169
-0.017865 -0.000070 0.006110 169 169 169
-0.017865 -0.000070 0.006110 169 169 169
-0.017896 -0.000071 0.006121 169 169 169
-0.017896 -0.000071 0.006121 169 169 169
-0.017896 -0.000071 0.006121 169 169 169
-0.017896 -0.000071 0.006121 169 169 169
-0.017887 -0.000071 0.006118 169 169 169
-0.017879 -0.000071 0.006115 169 169 169
-0.017879 -0.000071 0.006115 169 169 169
-0.017879 -0.000071 0.006115 169 169 169
-0.017870 -0.000070 0.006112 169 169 169
-0.017870 -0.000070 0.006112 169 169 169
-0.017878 -0.000071 0.006115 169 169 169
-0.017878 -0.000071 0.006115 169 169 169
-0.017870 -0.000070 0.006112 169 169 169
-0.017869 -0.000070 0.006112 169 169 169
-0.017869 -0.000070 0.006112 169 169 169
-0.017853 -0.000070 0.006107 170 170 170
-0.017853 -0.000070 0.006107 170 170 170
-0.017853 -0.000070 0.006107 169 169 169
-0.017853 -0.000070 0.006107 170 170 170
-0.017860 -0.000070 0.006110 169 169 169
-0.017876 -0.000071 0.006115 170 170 170
-0.017876 -0.000071 0.006115 170 170 170
-0.017884 -0.000071 0.006118 170 170 170
-0.017917 -0.000071 0.006129 170 170 170
-0.017925 -0.000071 0.006132 170 170 170
-0.017925 -0.000071 0.006132 170 170 170
-0.018496 -0.000076 0.006329 170 170 170
-0.018496 -0.000076 0.006329 170 170 170
-0.018496 -0.000076 0.006329 170 170 170
-0.017865 -0.000070 0.006112 170 170 170
-0.017849 -0.000070 0.006107 170 170 170
-0.017849 -0.000070 0.006107 170 170 170
-0.017849 -0.000070 0.006107 170 170 170
-0.017849 -0.000070 0.006107 170 170 170
-0.017848 -0.000070 0.006107 170 170 170
-0.017856 -0.000070 0.006110 170 170 170
-0.017856 -0.000070 0.006110 170 170 170
-0.017864 -0.000070 0.006112 170 170 170
-0.017892 -0.000070 0.006110 164 164 164
-0.017892 -0.000070 0.006110 164 164 164
-0.017883 -0.000070 0.006107 164 164 164
-0.017875 -0.000070 0.006104 164 164 164
-0.017875 -0.000070 0.006104 164 164 164
-0.017867 -0.000070 0.006101 164 164 164
-0.017859 -0.000070 0.006099 164 164 164
-0.017866 -0.000070 0.006101 164 164 164
-0.017866 -0.000070 0.006101 164 164 164
-0.017882 -0.000070 0.006107 164 164 164
-0.017898 -0.000070 0.006112 164 164 164
-0.017914 -0.000070 0.006118 164 164 164
-0.017914 -0.000070 0.006118 164 164 164
-0.017898 -0.000070 0.006112 164 164 164
-0.017873 -0.000070 0.006104 164 164 164
-0.017865 -0.000070 0.006101 165 165 165
-0.017865 -0.000070 0.006101 165 165 165
-0.017865 -0.000070 0.006101 165 165 165
-0.017880 -0.000070 0.006107 165 165 165
-0.017921 -0.000070 0.006121 165 165 165
-0.017921 -0.000070 0.006121 165 165 165
-0.017937 -0.000071 0.006126 165 165 165
-0.017937 -0.000071 0.006126 165 165 165
-0.017937 -0.000071 0.006126 165 165 165
-0.017920 -0.000070 0.006121 165 165 165
-0.017912 -0.000070 0.006118 165 165 165
-0.017912 -0.000070 0.006118 165 165 165
-0.017911 -0.000070 0.006118 165 165 165
-0.017911 -0.000070 0.006118 165 165 165
-0.017911 -0.000070 0.006118 165 165 165
-0.017903 -0.000070 0.006115 165 165 165
-0.017902 -0.000070 0.006115 165 165 165
-0.017894 -0.000070 0.006112 165 165 165
-0.017878 -0.000070 0.006107 165 165 165
-0.017878 -0.000070 0.006107 165 165 165
-0.017894 -0.000070 0.006112 165 165 165
-0.017893 -0.000070 0.006112 165 165 165
-0.017893 -0.000070 0.006112 165 165 165
-0.017877 -0.000070 0.006107 165 165 165
-0.017829 -0.000070 0.006091 165 165 165
-0.017769 -0.000069 0.006070 165 165 165
-0.017703 -0.000068 0.006048 165 165 165
-0.017682 -0.000068 0.006041 165 165 165
-0.017675 -0.000068 0.006038 165 165 165
-0.017876 -0.000070 0.006107 165 165 165
-0.017876 -0.000070 0.006107 165 165 165
-0.017876 -0.000070 0.006107 166 166 166
-0.017867 -0.000070 0.006104 166 166 166
-0.017875 -0.000070 0.006107 166 166 166
-0.017867 -0.000070 0.006104 166 166 166
-0.017875 -0.000070 0.006107 166 166 166
-0.017875 -0.000070 0.006107 166 166 166
-0.017875 -0.000070 0.006107 166 166 166
-0.017874 -0.000070 0.006107 166 166 166
-0.017882 -0.000070 0.006110 166 166 166
-0.017890 -0.000070 0.006112 166 166 166
-0.017898 -0.000070 0.006115 166 166 166
-0.017939 -0.000071 0.006129 166 166 166
-0.017939 -0.000071 0.006129 166 166 166
-0.017939 -0.000071 0.006129 166 166 166
-0.017897 -0.000070 0.006115 166 166 166
-0.017897 -0.000070 0.006115 166 166 166
-0.017897 -0.000070 0.006115 166 166 166
-0.017913 -0.000070 0.006121 166 166 166
-0.017913 -0.000070 0.006121 166 166 166
-0.017913 -0.000070 0.006121 166 166 166
-0.017913 -0.000070 0.006121 166 166 166
-0.017888 -0.000070 0.006112 166 166 166
-0.017888 -0.000070 0.006112 166 166 166
-0.017880 -0.000070 0.006110 166 166 166
-0.017871 -0.000070 0.006107 166 166 166
-0.017871 -0.000070 0.006107 166 166 166
-0.017871 -0.000070 0.006107 166 166 166
-0.017863 -0.000070 0.006104 166 166 166
-0.017863 -0.000070 0.006104 166 166 166
-0.017870 -0.000070 0.006107 166 166 166
-0.017870 -0.000070 0.006107 166 166 166
-0.017870 -0.000070 0.006107 167 167 167
-0.017886 -0.000070 0.006112 167 167 167
-0.017952 -0.000071 0.006135 167 167 167
-0.017952 -0.000071 0.006135 166 166 166
-0.017952 -0.000071 0.006135 166 166 166
-0.017943 -0.000071 0.006132 167 167 167
-0.017943 -0.000071 0.006132 167 167 167
-0.017943 -0.000071 0.006132 167 167 167
-0.017943 -0.000071 0.006132 167 167 167
-0.017917 -0.000071 0.006124 167 167 167
-0.017967 -0.000071 0.006141 167 167 167
-0.017933 -0.000071 0.006129 167 167 167
-0.017908 -0.000070 0.006121 167 167 167
-0.017883 -0.000070 0.006112 167 167 167
-0.017883 -0.000070 0.006112 167 167 167
-0.017612 -0.000068 0.006020 167 167 167
-0.017867 -0.000070 0.006107 167 167 167
-0.017866 -0.000070 0.006107 167 167 167
-0.017882 -0.000070 0.006112 167 167 167
-0.017882 -0.000070 0.006112 167 167 167
-0.017874 -0.000070 0.006110 167 167 167
-0.017866 -0.000070 0.006107 167 167 167
-0.017858 -0.000070 0.006104 167 167 167
-0.017842 -0.000070 0.006099 167 167 167
-0.017818 -0.000070 0.006091 167 167 167
-0.017818 -0.000070 0.006091 167 167 167
-0.017841 -0.000070 0.006099 167 167 167
-0.017841 -0.000070 0.006099 167 167 167
-0.017857 -0.000070 0.006104 167 167 167
-0.017864 -0.000070 0.006107 168 168 168
-0.017864 -0.000070 0.006107 168 168 168
-0.017864 -0.000070 0.006107 168 168 168
-0.017864 -0.000070 0.006107 168 168 168
-0.017864 -0.000070 0.006107 168 168 168
-0.017863 -0.000070 0.006107 167 167 167
-0.017871 -0.000070 0.006110 167 167 167
-0.017863 -0.000070 0.006107 167 167 167
-0.017863 -0.000070 0.006107 168 168 168
-0.017863 -0.000070 0.006107 168 168 168
-0.017863 -0.000070 0.006107 168 168 168
-0.017870 -0.000070 0.006110 168 168 168
-0.017870 -0.000070 0.006110 168 168 168
-0.017878 -0.000070 0.006112 168 168 168
-0.017878 -0.000070 0.006112 168 168 168
-0.017886 -0.000070 0.006115 168 168 168
-0.017886 -0.000070 0.006115 168 168 168
-0.017894 -0.000070 0.006118 168 168 168
-0.017902 -0.000070 0.006121 168 168 168
-0.017910 -0.000071 0.006124 168 168 168
-0.017909 -0.000071 0.006124 168 168 168
-0.017909 -0.000071 0.006124 168 168 168
-0.017909 -0.000071 0.006124 168 168 168
-0.017893 -0.000070 0.006118 168 168 168
-0.017892 -0.000070 0.006118 168 168 168
-0.017884 -0.000070 0.006115 168 168 168
-0.017884 -0.000070 0.006115 168 168 168
-0.017884 -0.000070 0.006115 168 168 168
-0.017892 -0.000070 0.006118 168 168 168
-0.017891 -0.000070 0.006118 168 168 168
-0.017891 -0.000070 0.006118 168 168 168
-0.017891 -0.000070 0.006118 168 168 168
-0.017891 -0.000070 0.006118 168 168 168
-0.017891 -0.000070 0.006118 169 169 169
-0.017891 -0.000070 0.006118 168 168 168
-0.017882 -0.000070 0.006115 169 169 169
-0.017882 -0.000070 0.006115 169 169 169
-0.017874 -0.000070 0.006112 168 168 168
-0.017866 -0.000070 0.006110 169 169 169
-0.017857 -0.000070 0.006107 169 169 169
-0.017865 -0.000070 0.006110 169 169 169
-0.017865 -0.000070 0.006110 169 169 169
-0.017865 -0.000070 0.006110 169 169 169
-0.017865 -0.000070 0.006110 169 169 169
-0.017865 -0.000070 0.006110 168 168 168
-0.017946 -0.000071 0.006138 169 169 169
-0.017896 -0.000070 0.006121 169 169 169
-0.017904 -0.000071 0.006124 169 169 169
-0.017904 -0.000071 0.006124 169 169 169
-0.017904 -0.000071 0.006124 169 169 169
-0.017887 -0.000070 0.006118 169 169 169
-0.017879 -0.000070 0.006115 169 169 169
-0.017879 -0.000070 0.006115 169 169 169
-0.017878 -0.000070 0.006115 169 169 169
-0.017878 -0.000070 0.006115 169 169 169
-0.017878 -0.000070 0.006115 169 169 169
-0.017878 -0.000070 0.006115 169 169 169
-0.017877 -0.000070 0.006115 169 169 169
-0.017869 -0.000070 0.006112 170 170 170
-0.017869 -0.000070 0.006112 170 170 170
-0.017853 -0.000070 0.006107 170 170 170
-0.017853 -0.000070 0.006107 170 170 170
-0.017853 -0.000070 0.006107 169 169 169
-0.017852 -0.000070 0.006107 169 169 169
-0.017876 -0.000070 0.006115 169 169 169
-0.017884 -0.000070 0.006118 169 169 169
-0.017917 -0.000071 0.006129 170 170 170
-0.017925 -0.000071 0.006132 170 170 170
-0.017925 -0.000071 0.006132 169 169 169
-0.017985 -0.000071 0.006153 170 170 170
-0.017984 -0.000071 0.006153 170 170 170
-0.018002 -0.000072 0.006159 170 170 170
-0.018473 -0.000076 0.006321 170 170 170
-0.018496 -0.000076 0.006329 170 170 170
-0.018496 -0.000076 0.006329 170 170 170
-0.018496 -0.000076 0.006329 169 169 169
-0.018496 -0.000076 0.006329 170 170 170
-0.017849 -0.000070 0.006107 170 170 170
-0.017849 -0.000070 0.006107 170 170 170
-0.017856 -0.000070 0.006110 170 170 170
-0.017864 -0.000070 0.006112 170 170 170
-0.017864 -0.000070 0.006112 170 170 170
-0.017864 -0.000070 0.006112 170 170 170
-0.017896 -0.000071 0.006124 170 170 170
-0.017892 -0.000070 0.006110 164 164 164
-0.017891 -0.000070 0.006110 164 164 164
-0.017883 -0.000070 0.006107 164 164 164
-0.017875 -0.000070 0.006104 164 164 164
-0.017875 -0.000070 0.006104 164 164 164
-0.017867 -0.000070 0.006101 164 164 164
-0.017866 -0.000070 0.006101 164 164 164
-0.017653 -0.000068 0.006029 164 164 164
-0.017646 -0.000068 0.006027 164 164 164
-0.017890 -0.000070 0.006110 164 164 164
-0.017906 -0.000070 0.006115 164 164 164
-0.017906 -0.000070 0.006115 164 164 164
-0.017873 -0.000070 0.006104 164 164 164
-0.017849 -0.000070 0.006096 165 165 165
-0.017666 -0.000068 0.006034 164 164 164
-0.017849 -0.000070 0.006096 164 164 164
-0.017881 -0.000070 0.006107 164 164 164
-0.017937 -0.000070 0.006126 165 165 165
-0.017937 -0.000070 0.006126 165 165 165
-0.017920 -0.000070 0.006121 165 165 165
-0.017979 -0.000071 0.006141 165 165 165
-0.017953 -0.000071 0.006132 165 165 165
-0.017953 -0.000071 0.006132 165 165 165
-0.017953 -0.000071 0.006132 165 165 165
-0.017953 -0.000071 0.006132 165 165 165
-0.017961 -0.000071 0.006135 165 165 165
-0.017952 -0.000071 0.006132 165 165 165
-0.017969 -0.000071 0.006138 165 165 165
-0.017978 -0.000071 0.006141 165 165 165
-0.018012 -0.000071 0.006153 165 165 165
-0.017986 -0.000071 0.006144 165 165 165
-0.017986 -0.000071 0.006144 165 165 165
-0.017893 -0.000070 0.006112 165 165 165
-0.017830 -0.000070 0.006091 165 165 165
-0.017754 -0.000069 0.006065 165 165 165
-0.017725 -0.000069 0.006055 165 165 165
-0.017682 -0.000068 0.006041 165 165 165
-0.017661 -0.000068 0.006034 165 165 165
-0.017654 -0.000068 0.006031 165 165 165
-0.017654 -0.000068 0.006031 165 165 165
-0.017654 -0.000068 0.006031 165 165 165
-0.017654 -0.000068 0.006031 165 165 165
-0.017647 -0.000068 0.006029 165 165 165
-0.017654 -0.000068 0.006031 166 166 166
-0.017867 -0.000070 0.006104 166 166 166
-0.017875 -0.000070 0.006107 165 165 165
-0.017883 -0.000070 0.006110 165 165 165
-0.017883 -0.000070 0.006110 166 166 166
-0.017890 -0.000070 0.006112 166 166 166
-0.017898 -0.000070 0.006115 166 166 166
-0.017915 -0.000070 0.006121 166 166 166
-0.017939 -0.000071 0.006129 166 166 166
-0.017982 -0.000071 0.006144 166 166 166
-0.017982 -0.000071 0.006144 166 166 166
-0.017981 -0.000071 0.006144 166 166 166
-0.017981 -0.000071 0.006144 166 166 166
-0.017989 -0.000071 0.006147 166 166 166
-0.017989 -0.000071 0.006147 166 166 166
-0.017963 -0.000071 0.006138 166 166 166
-0.017963 -0.000071 0.006138 166 166 166
-0.017954 -0.000071 0.006135 166 166 166
-0.017888 -0.000070 0.006112 166 166 166
-0.017879 -0.000070 0.006110 166 166 166
-0.017871 -0.000070 0.006107 166 166 166
-0.017863 -0.000070 0.006104 166 166 166
-0.017863 -0.000070 0.006104 166 166 166
-0.017863 -0.000070 0.006104 166 166 166
-0.017870 -0.000070 0.006107 166 166 166
-0.017870 -0.000070 0.006107 167 167 167
-0.017878 -0.000070 0.006110 167 167 167
-0.017911 -0.000070 0.006121 167 167 167
-0.017978 -0.000071 0.006144 167 167 167
-0.018004 -0.000071 0.006153 167 167 167
-0.018004 -0.000071 0.006153 167 167 167
-0.017943 -0.000071 0.006132 167 167 167
-0.017634 -0.000068 0.006027 166 166 166
-0.017627 -0.000068 0.006024 166 166 166
-0.017634 -0.000068 0.006027 166 166 166
-0.017634 -0.000068 0.006027 166 166 166
-0.017634 -0.000068 0.006027 166 166 166
-0.017634 -0.000068 0.006027 167 167 167
-0.017654 -0.000068 0.006034 167 167 167
-0.017654 -0.000068 0.006034 167 167 167
-0.017653 -0.000068 0.006034 167 167 167
-0.017646 -0.000068 0.006031 167 167 167
-0.017639 -0.000068 0.006029 167 167 167
-0.017633 -0.000068 0.006027 167 167 167
-0.017619 -0.000068 0.006022 167 167 167
-0.017606 -0.000068 0.006018 167 167 167
-0.017586 -0.000067 0.006011 167 167 167
-0.017566 -0.000067 0.006004 167 167 167
-0.017890 -0.000070 0.006115 167 167 167
-0.017890 -0.000070 0.006115 167 167 167
-0.017866 -0.000070 0.006107 167 167 167
-0.017834 -0.000070 0.006096 167 167 167
-0.017743 -0.000069 0.006065 167 167 167
-0.017714 -0.000069 0.006055 167 167 167
-0.017671 -0.000068 0.006041 167 167 167
-0.017657 -0.000068 0.006036 168 168 168
-0.017657 -0.000068 0.006036 168 168 168
-0.017637 -0.000068 0.006029 167 167 167
-0.017630 -0.000068 0.006027 167 167 167
-0.017630 -0.000068 0.006027 167 167 167
-0.017630 -0.000068 0.006027 167 167 167
-0.017629 -0.000068 0.006027 167 167 167
-0.017863 -0.000070 0.006107 167 167 167
-0.017863 -0.000070 0.006107 167 167 167
-0.017863 -0.000070 0.006107 168 168 168
-0.017863 -0.000070 0.006107 168 168 168
-0.017863 -0.000070 0.006107 168 168 168
-0.017871 -0.000070 0.006110 168 168 168
-0.017870 -0.000070 0.006110 168 168 168
-0.017878 -0.000070 0.006112 168 168 168
-0.017886 -0.000070 0.006115 168 168 168
-0.017886 -0.000070 0.006115 168 168 168
-0.017886 -0.000070 0.006115 167 167 167
-0.017878 -0.000070 0.006112 168 168 168
-0.017877 -0.000070 0.006112 168 168 168
-0.017893 -0.000070 0.006118 168 168 168
-0.017893 -0.000070 0.006118 168 168 168
-0.017909 -0.000070 0.006124 168 168 168
-0.017994 -0.000071 0.006153 168 168 168
-0.017994 -0.000071 0.006153 168 168 168
-0.017967 -0.000071 0.006144 168 168 168
-0.017950 -0.000071 0.006138 168 168 168
-0.017967 -0.000071 0.006144 168 168 168
-0.017949 -0.000071 0.006138 168 168 168
-0.017949 -0.000071 0.006138 168 168 168
-0.017941 -0.000071 0.006135 168 168 168
-0.017932 -0.000071 0.006132 168 168 168
-0.017932 -0.000071 0.006132 168 168 168
-0.017898 -0.000070 0.006121 168 168 168
-0.017898 -0.000070 0.006121 168 168 168
-0.017857 -0.000070 0.006107 169 169 169
-0.017856 -0.000070 0.006107 169 169 169
-0.017989 -0.000071 0.006153 169 169 169
-0.017972 -0.000071 0.006147 169 169 169
-0.017971 -0.000071 0.006147 169 169 169
-0.017963 -0.000071 0.006144 169 169 169
-0.017945 -0.000071 0.006138 169 169 169
-0.017928 -0.000071 0.006132 169 169 169
-0.017928 -0.000071 0.006132 169 169 169
-0.017887 -0.000070 0.006118 169 169 169
-0.017878 -0.000070 0.006115 169 169 169
-0.017878 -0.000070 0.006115 169 169 169
-0.017853 -0.000070 0.006107 169 169 169
-0.017852 -0.000070 0.006107 169 169 169
-0.017619 -0.000068 0.006027 169 169 169
-0.017876 -0.000070 0.006115 169 169 169
-0.017994 -0.000071 0.006156 169 169 169
-0.017994 -0.000071 0.006156 169 169 169
-0.017985 -0.000071 0.006153 169 169 169
-0.017985 -0.000071 0.006153 170 170 170
-0.017984 -0.000071 0.006153 170 170 170
-0.017993 -0.000071 0.006156 170 170 170
-0.018461 -0.000076 0.006317 169 169 169
-0.018496 -0.000076 0.006329 170 170 170
-0.018496 -0.000076 0.006329 170 170 170
-0.018496 -0.000076 0.006329 169 169 169
-0.017930 -0.000071 0.006135 170 170 170
-0.017921 -0.000071 0.006132 170 170 170
-0.017896 -0.000070 0.006124 170 170 170
-0.017896 -0.000070 0.006124 170 170 170
-0.017875 -0.000070 0.006104 164 164 164
-0.017891 -0.000070 0.006110 164 164 164
-0.017875 -0.000070 0.006104 164 164 164
-0.017875 -0.000070 0.006104 164 164 164
-0.017875 -0.000070 0.006104 164 164 164
-0.017875 -0.000070 0.006104 164 164 164
-0.017681 -0.000068 0.006038 164 164 164
-0.017653 -0.000068 0.006029 164 164 164
-0.017646 -0.000068 0.006027 164 164 164
-0.017653 -0.000068 0.006029 164 164 164
-0.017673 -0.000068 0.006036 164 164 164
-0.017673 -0.000068 0.006036 164 164 164
-0.017673 -0.000068 0.006036 164 164 164
-0.017673 -0.000068 0.006036 164 164 164
-0.017666 -0.000068 0.006034 164 164 164
-0.017666 -0.000068 0.006034 164 164 164
-0.017841 -0.000069 0.006093 164 164 164
-0.017970 -0.000071 0.006138 165 165 165
-0.017953 -0.000070 0.006132 165 165 165
-0.017953 -0.000070 0.006132 165 165 165
-0.017961 -0.000071 0.006135 165 165 165
-0.017970 -0.000071 0.006138 165 165 165
-0.017995 -0.000071 0.006147 165 165 165
-0.018004 -0.000071 0.006150 165 165 165
-0.018038 -0.000071 0.006162 165 165 165
-0.017985 -0.000071 0.006144 165 165 165
-0.017747 -0.000069 0.006063 165 165 165
-0.017725 -0.000068 0.006055 165 165 165
-0.017725 -0.000068 0.006055 165 165 165
-0.017689 -0.000068 0.006043 165 165 165
-0.017675 -0.000068 0.006038 165 165 165
-0.017654 -0.000068 0.006031 165 165 165
-0.017654 -0.000068 0.006031 165 165 165
-0.017654 -0.000068 0.006031 165 165 165
-0.017654 -0.000068 0.006031 165 165 165
-0.017647 -0.000068 0.006029 165 165 165
-0.017654 -0.000068 0.006031 166 166 166
-0.017674 -0.000068 0.006038 166 166 166
-0.017883 -0.000070 0.006110 165 165 165
-0.017899 -0.000070 0.006115 166 166 166
-0.017899 -0.000070 0.006115 166 166 166
-0.017907 -0.000070 0.006118 166 166 166
-0.017915 -0.000070 0.006121 165 165 165
-0.017931 -0.000070 0.006126 165 165 165
-0.017973 -0.000071 0.006141 166 166 166
-0.017982 -0.000071 0.006144 166 166 166
-0.017971 -0.000071 0.006141 166 166 166
-0.017954 -0.000071 0.006135 166 166 166
-0.017871 -0.000070 0.006107 166 166 166
-0.017832 -0.000069 0.006093 166 166 166
-0.017832 -0.000069 0.006093 166 166 166
-0.017831 -0.000069 0.006093 166 166 166
-0.017863 -0.000070 0.006104 166 166 166
-0.017862 -0.000070 0.006104 166 166 166
-0.017870 -0.000070 0.006107 166 166 166
-0.017878 -0.000070 0.006110 166 166 166
-0.017978 -0.000071 0.006144 166 166 166
-0.018003 -0.000071 0.006153 166 166 166
-0.017634 -0.000068 0.006027 166 166 166
-0.017627 -0.000068 0.006024 166 166 166
-0.017634 -0.000068 0.006027 167 167 167
-0.017634 -0.000068 0.006027 166 166 166
-0.017634 -0.000068 0.006027 167 167 167
-0.017634 -0.000068 0.006027 167 167 167
-0.017654 -0.000068 0.006034 167 167 167
-0.017654 -0.000068 0.006034 167 167 167
-0.017653 -0.000068 0.006034 167 167 167
-0.017646 -0.000068 0.006031 167 167 167
-0.017639 -0.000068 0.006029 167 167 167
-0.017633 -0.000068 0.006027 167 167 167
-0.017626 -0.000068 0.006024 167 167 167
-0.017606 -0.000067 0.006018 167 167 167
-0.017592 -0.000067 0.006013 167 167 167
-0.017592 -0.000067 0.006013 167 167 167
-0.017874 -0.000070 0.006110 167 167 167
-0.017743 -0.000069 0.006065 167 167 167
-0.017728 -0.000068 0.006060 167 167 167
-0.017693 -0.000068 0.006048 167 167 167
-0.017671 -0.000068 0.006041 167 167 167
-0.017657 -0.000068 0.006036 167 167 167
-0.017644 -0.000068 0.006031 168 168 168
-0.017637 -0.000068 0.006029 167 167 167
-0.017630 -0.000068 0.006027 167 167 167
-0.017630 -0.000068 0.006027 167 167 167
-0.017630 -0.000068 0.006027 168 168 168
-0.017629 -0.000068 0.006027 168 168 168
-0.017643 -0.000068 0.006031 167 167 167
-0.017656 -0.000068 0.006036 167 167 167
-0.017670 -0.000068 0.006041 168 168 168
-0.017863 -0.000070 0.006107 167 167 167
-0.017871 -0.000070 0.006110 167 167 167
-0.017871 -0.000070 0.006110 168 168 168
-0.017878 -0.000070 0.006112 167 167 167
-0.017886 -0.000070 0.006115 167 167 167
-0.017886 -0.000070 0.006115 168 168 168
-0.017886 -0.000070 0.006115 168 168 168
-0.017641 -0.000068 0.006031 168 168 168
-0.017640 -0.000068 0.006031 168 168 168
-0.017640 -0.000068 0.006031 168 168 168
-0.017984 -0.000071 0.006150 168 168 168
-0.017984 -0.000071 0.006150 168 168 168
-0.017966 -0.000071 0.006144 168 168 168
-0.017958 -0.000071 0.006141 168 168 168
-0.017949 -0.000071 0.006138 168 168 168
-0.017949 -0.000071 0.006138 168 168 168
-0.017932 -0.000070 0.006132 168 168 168
-0.017932 -0.000070 0.006132 168 168 168
-0.017931 -0.000070 0.006132 168 168 168
-0.017727 -0.000069 0.006063 169 169 169
-0.017989 -0.000071 0.006153 169 169 169
-0.017989 -0.000071 0.006153 169 169 169
-0.017971 -0.000071 0.006147 169 169 169
-0.017962 -0.000071 0.006144 169 169 169
-0.017945 -0.000071 0.006138 169 169 169
-0.017937 -0.000071 0.006135 169 169 169
-0.017920 -0.000070 0.006129 169 169 169
-0.017878 -0.000070 0.006115 169 169 169
-0.017878 -0.000070 0.006115 169 169 169
-0.017894 -0.000070 0.006121 169 169 169
-0.017626 -0.000068 0.006029 169 169 169
-0.017619 -0.000068 0.006027 169 169 169
-0.017632 -0.000068 0.006031 169 169 169
-0.017994 -0.000071 0.006156 169 169 169
-0.018002 -0.000071 0.006159 170 170 170
-0.018002 -0.000071 0.006159 170 170 170
-0.018484 -0.000076 0.006325 169 169 169
-0.018460 -0.000075 0.006317 170 170 170
-0.018472 -0.000076 0.006321 170 170 170
-0.018472 -0.000076 0.006321 170 170 170
-0.018472 -0.000076 0.006321 170 170 170
-0.017964 -0.000071 0.006147 170 170 170
-0.017896 -0.000070 0.006124 170 170 170
-0.017875 -0.000070 0.006104 164 164 164
-0.017875 -0.000070 0.006104 164 164 164
-0.017875 -0.000070 0.006104 164 164 164
-0.017851 -0.000069 0.006096 164 164 164
-0.017774 -0.000069 0.006070 164 164 164
-0.017709 -0.000068 0.006048 164 164 164
-0.017667 -0.000068 0.006034 164 164 164
-0.017653 -0.000067 0.006029 164 164 164
-0.017653 -0.000067 0.006029 164 164 164
-0.017673 -0.000068 0.006036 164 164 164
-0.017673 -0.000068 0.006036 164 164 164
-0.017673 -0.000068 0.006036 164 164 164
-0.017694 -0.000068 0.006043 164 164 164
-0.017693 -0.000068 0.006043 164 164 164
-0.017743 -0.000068 0.006060 164 164 164
-0.017787 -0.000069 0.006075 164 164 164
-0.017970 -0.000070 0.006138 165 165 165
-0.017953 -0.000070 0.006132 165 165 165
-0.017961 -0.000070 0.006135 165 165 165
-0.017970 -0.000070 0.006138 165 165 165
-0.017995 -0.000071 0.006147 165 165 165
-0.018004 -0.000071 0.006150 165 165 165
-0.018013 -0.000071 0.006153 165 165 165
-0.018038 -0.000071 0.006162 165 165 165
-0.017762 -0.000069 0.006068 165 165 165
-0.017747 -0.000068 0.006063 165 165 165
-0.017747 -0.000068 0.006063 165 165 165
-0.017725 -0.000068 0.006055 165 165 165
-0.017717 -0.000068 0.006053 165 165 165
-0.017689 -0.000068 0.006043 165 165 165
-0.017689 -0.000068 0.006043 165 165 165
-0.017689 -0.000068 0.006043 165 165 165
-0.017696 -0.000068 0.006046 165 165 165
-0.017688 -0.000068 0.006043 165 165 165
-0.017681 -0.000068 0.006041 165 165 165
-0.017674 -0.000068 0.006038 165 165 165
-0.017681 -0.000068 0.006041 165 165 165
-0.017730 -0.000068 0.006058 165 165 165
-0.017924 -0.000070 0.006124 166 166 166
-0.017923 -0.000070 0.006124 166 166 166
-0.017923 -0.000070 0.006124 166 166 166
-0.017931 -0.000070 0.006126 165 165 165
-0.017965 -0.000070 0.006138 165 165 165
-0.017982 -0.000071 0.006144 166 166 166
-0.018008 -0.000071 0.006153 166 166 166
-0.017764 -0.000069 0.006070 166 166 166
-0.017756 -0.000069 0.006068 166 166 166
-0.017763 -0.000069 0.006070 166 166 166
-0.017778 -0.000069 0.006075 166 166 166
-0.017793 -0.000069 0.006080 166 166 166
-0.017855 -0.000069 0.006101 166 166 166
-0.017862 -0.000070 0.006104 166 166 166
-0.017862 -0.000070 0.006104 166 166 166
-0.017870 -0.000070 0.006107 166 166 166
-0.018021 -0.000071 0.006159 166 166 166
-0.017641 -0.000067 0.006029 166 166 166
-0.017641 -0.000067 0.006029 166 166 166
-0.017641 -0.000067 0.006029 166 166 166
-0.017647 -0.000068 0.006031 166 166 166
-0.017647 -0.000068 0.006031 167 167 167
-0.017654 -0.000068 0.006034 167 167 167
-0.017661 -0.000068 0.006036 166 166 166
-0.017667 -0.000068 0.006038 166 166 166
-0.017674 -0.000068 0.006041 166 166 166
-0.017667 -0.000068 0.006038 166 166 166
-0.017660 -0.000068 0.006036 166 166 166
-0.017646 -0.000068 0.006031 167 167 167
-0.017632 -0.000067 0.006027 167 167 167
-0.017626 -0.000067 0.006024 167 167 167
-0.017625 -0.000067 0.006024 167 167 167
-0.018000 -0.000071 0.006153 167 167 167
-0.018000 -0.000071 0.006153 167 167 167
-0.017743 -0.000068 0.006065 167 167 167
-0.017728 -0.000068 0.006060 167 167 167
-0.017714 -0.000068 0.006055 167 167 167
-0.017685 -0.000068 0.006046 167 167 167
-0.017671 -0.000068 0.006041 167 167 167
-0.017657 -0.000068 0.006036 167 167 167
-0.017650 -0.000068 0.006034 167 167 167
-0.017643 -0.000068 0.006031 167 167 167
-0.017650 -0.000068 0.006034 167 167 167
-0.017643 -0.000068 0.006031 168 168 168
-0.017650 -0.000068 0.006034 167 167 167
-0.017656 -0.000068 0.006036 167 167 167
-0.017656 -0.000068 0.006036 167 167 167
-0.017670 -0.000068 0.006041 167 167 167
-0.017863 -0.000070 0.006107 167 167 167
-0.017879 -0.000070 0.006112 168 168 168
-0.017879 -0.000070 0.006112 168 168 168
-0.017887 -0.000070 0.006115 168 168 168
-0.017886 -0.000070 0.006115 168 168 168
-0.017886 -0.000070 0.006115 168 168 168
-0.017886 -0.000070 0.006115 168 168 168
-0.017641 -0.000068 0.006031 168 168 168
-0.017640 -0.000068 0.006031 168 168 168
-0.017640 -0.000068 0.006031 168 168 168
-0.018002 -0.000071 0.006156 168 168 168
-0.017993 -0.000071 0.006153 168 168 168
-0.017984 -0.000071 0.006150 168 168 168
-0.017984 -0.000071 0.006150 168 168 168
-0.017966 -0.000071 0.006144 168 168 168
-0.017958 -0.000071 0.006141 168 168 168
-0.017949 -0.000070 0.006138 168 168 168
-0.017949 -0.000070 0.006138 168 168 168
-0.017932 -0.000070 0.006132 169 169 169
-0.017931 -0.000070 0.006132 168 168 168
-0.017749 -0.000069 0.006070 168 168 168
-0.017727 -0.000068 0.006063 168 168 168
-0.017756 -0.000069 0.006073 169 169 169
-0.017989 -0.000071 0.006153 168 168 168
-0.017989 -0.000071 0.006153 168 168 168
-0.017989 -0.000071 0.006153 169 169 169
-0.017962 -0.000071 0.006144 169 169 169
-0.017954 -0.000071 0.006141 169 169 169
-0.017945 -0.000070 0.006138 169 169 169
-0.017936 -0.000070 0.006135 169 169 169
-0.017878 -0.000070 0.006115 169 169 169
-0.017878 -0.000070 0.006115 169 169 169
-0.017894 -0.000070 0.006121 169 169 169
-0.017894 -0.000070 0.006121 169 169 169
-0.017894 -0.000070 0.006121 169 169 169
-0.017902 -0.000070 0.006124 169 169 169
-0.017902 -0.000070 0.006124 169 169 169
-0.017632 -0.000068 0.006031 169 169 169
-0.018011 -0.000071 0.006162 169 169 169
-0.018011 -0.000071 0.006162 169 169 169
-0.018020 -0.000071 0.006165 170 170 170
-0.017714 -0.000068 0.006060 169 169 169
-0.017679 -0.000068 0.006048 169 169 169
-0.017679 -0.000068 0.006048 170 170 170
-0.017693 -0.000068 0.006053 169 169 169
-0.017700 -0.000068 0.006055 170 170 170
-0.017656 -0.000068 0.006041 170 170 170
-0.017655 -0.000068 0.006041 170 170 170
-0.017933 -0.000070 0.006124 164 164 164
-0.017875 -0.000069 0.006104 164 164 164
-0.017875 -0.000069 0.006104 164 164 164
-0.017851 -0.000069 0.006096 164 164 164
-0.017774 -0.000068 0.006070 164 164 164
-0.017737 -0.000068 0.006058 164 164 164
-0.017681 -0.000068 0.006038 164 164 164
-0.017674 -0.000068 0.006036 164 164 164
-0.017694 -0.000068 0.006043 164 164 164
-0.017766 -0.000068 0.006068 164 164 164
-0.017751 -0.000068 0.006063 164 164 164
-0.017751 -0.000068 0.006063 164 164 164
-0.017758 -0.000068 0.006065 164 164 164
-0.017787 -0.000069 0.006075 164 164 164
-0.017825 -0.000069 0.006088 165 165 165
-0.017997 -0.000070 0.006147 164 164 164
-0.017953 -0.000070 0.006132 165 165 165
-0.017978 -0.000070 0.006141 165 165 165
-0.017978 -0.000070 0.006141 165 165 165
-0.018004 -0.000071 0.006150 165 165 165
-0.018013 -0.000071 0.006153 164 164 164
-0.018039 -0.000071 0.006162 165 165 165
-0.018057 -0.000071 0.006168 165 165 165
-0.018057 -0.000071 0.006168 165 165 165
-0.018038 -0.000071 0.006162 165 165 165
-0.018012 -0.000071 0.006153 165 165 165
-0.017762 -0.000068 0.006068 165 165 165
-0.017747 -0.000068 0.006063 165 165 165
-0.017747 -0.000068 0.006063 165 165 165
-0.017725 -0.000068 0.006055 165 165 165
-0.017717 -0.000068 0.006053 165 165 165
-0.017717 -0.000068 0.006053 165 165 165
-0.017717 -0.000068 0.006053 165 165 165
-0.017731 -0.000068 0.006058 165 165 165
-0.017731 -0.000068 0.006058 165 165 165
-0.017731 -0.000068 0.006058 165 165 165
-0.017731 -0.000068 0.006058 165 165 165
-0.017738 -0.000068 0.006060 165 165 165
-0.017957 -0.000070 0.006135 165 165 165
-0.017957 -0.000070 0.006135 166 166 166
-0.017957 -0.000070 0.006135 166 166 166
-0.017957 -0.000070 0.006135 165 165 165
-0.017965 -0.000070 0.006138 165 165 165
-0.017982 -0.000070 0.006144 166 166 166
-0.018017 -0.000071 0.006156 166 166 166
-0.018062 -0.000071 0.006171 166 166 166
-0.017771 -0.000068 0.006073 166 166 166
-0.017756 -0.000068 0.006068 166 166 166
-0.017771 -0.000068 0.006073 166 166 166
-0.017778 -0.000069 0.006075 166 166 166
-0.017831 -0.000069 0.006093 166 166 166
-0.017855 -0.000069 0.006101 166 166 166
-0.017870 -0.000069 0.006107 166 166 166
-0.017862 -0.000069 0.006104 166 166 166
-0.017978 -0.000070 0.006144 166 166 166
-0.018039 -0.000071 0.006165 166 166 166
-0.018039 -0.000071 0.006165 166 166 166
-0.018039 -0.000071 0.006165 166 166 166
-0.018039 -0.000071 0.006165 166 166 166
-0.018057 -0.000071 0.006171 166 166 166
-0.017661 -0.000068 0.006036 166 166 166
-0.017661 -0.000068 0.006036 166 166 166
-0.017674 -0.000068 0.006041 166 166 166
-0.017681 -0.000068 0.006043 166 166 166
-0.017702 -0.000068 0.006050 166 166 166
-0.017695 -0.000068 0.006048 166 166 166
-0.017695 -0.000068 0.006048 166 166 166
-0.017687 -0.000068 0.006046 166 166 166
-0.017653 -0.000067 0.006034 167 167 167
-0.017646 -0.000067 0.006031 167 167 167
-0.018009 -0.000071 0.006156 167 167 167
-0.018018 -0.000071 0.006159 167 167 167
-0.018000 -0.000071 0.006153 167 167 167
-0.018000 -0.000071 0.006153 167 167 167
-0.018000 -0.000071 0.006153 167 167 167
-0.017743 -0.000068 0.006065 167 167 167
-0.017728 -0.000068 0.006060 167 167 167
-0.017714 -0.000068 0.006055 167 167 167
-0.017707 -0.000068 0.006053 167 167 167
-0.017706 -0.000068 0.006053 167 167 167
-0.017671 -0.000068 0.006041 167 167 167
-0.017664 -0.000068 0.006038 167 167 167
-0.017650 -0.000067 0.006034 167 167 167
-0.017664 -0.000068 0.006038 167 167 167
-0.017657 -0.000068 0.006036 167 167 167
-0.017656 -0.000068 0.006036 168 168 168
-0.017656 -0.000068 0.006036 167 167 167
-0.017698 -0.000068 0.006050 167 167 167
-0.017912 -0.000070 0.006124 167 167 167
-0.017912 -0.000070 0.006124 167 167 167
-0.017928 -0.000070 0.006129 168 168 168
-0.017895 -0.000070 0.006118 168 168 168
-0.017903 -0.000070 0.006121 167 167 167
-0.017894 -0.000070 0.006118 167 167 167
-0.017894 -0.000070 0.006118 167 167 167
-0.017894 -0.000070 0.006118 168 168 168
-0.018075 -0.000071 0.006180 168 168 168
-0.018029 -0.000071 0.006165 168 168 168
-0.018020 -0.000071 0.006162 168 168 168
-0.018002 -0.000071 0.006156 168 168 168
-0.018002 -0.000071 0.006156 168 168 168
-0.017993 -0.000071 0.006153 168 168 168
-0.017984 -0.000071 0.006150 168 168 168
-0.017984 -0.000071 0.006150 168 168 168
-0.017966 -0.000070 0.006144 168 168 168
-0.017957 -0.000070 0.006141 168 168 168
-0.017949 -0.000070 0.006138 168 168 168
-0.017948 -0.000070 0.006138 168 168 168
-0.017931 -0.000070 0.006132 168 168 168
-0.017948 -0.000070 0.006138 168 168 168
-0.017757 -0.000068 0.006073 168 168 168
-0.018007 -0.000071 0.006159 169 169 169
-0.017989 -0.000071 0.006153 169 169 169
-0.017989 -0.000071 0.006153 169 169 169
-0.017980 -0.000071 0.006150 169 169 169
-0.017962 -0.000070 0.006144 169 169 169
-0.017954 -0.000070 0.006141 168 168 168
-0.017936 -0.000070 0.006135 168 168 168
-0.017919 -0.000070 0.006129 169 169 169
-0.017894 -0.000070 0.006121 169 169 169
-0.017894 -0.000070 0.006121 169 169 169
-0.017894 -0.000070 0.006121 169 169 169
-0.017894 -0.000070 0.006121 169 169 169
-0.017902 -0.000070 0.006124 169 169 169
-0.017902 -0.000070 0.006124 169 169 169
-0.017943 -0.000070 0.006138 169 169 169
-0.018284 -0.000073 0.006255 169 169 169
-0.018191 -0.000073 0.006223 169 169 169
-0.018112 -0.000072 0.006197 169 169 169
-0.018011 -0.000071 0.006162 169 169 169
-0.018011 -0.000071 0.006162 169 169 169
-0.017707 -0.000068 0.006058 169 169 169
-0.017679 -0.000068 0.006048 169 169 169
-0.017679 -0.000068 0.006048 169 169 169
-0.017686 -0.000068 0.006050 170 170 170
-0.017932 -0.000070 0.006124 164 164 164
-0.018072 -0.000071 0.006171 164 164 164
-0.017737 -0.000068 0.006058 164 164 164
-0.017758 -0.000068 0.006065 164 164 164
-0.017803 -0.000069 0.006080 164 164 164
-0.017803 -0.000069 0.006080 164 164 164
-0.018006 -0.000070 0.006150 164 164 164
-0.018006 -0.000070 0.006150 164 164 164
-0.018041 -0.000071 0.006162 164 164 164
-0.018013 -0.000070 0.006153 165 165 165
-0.018013 -0.000070 0.006153 165 165 165
-0.018004 -0.000070 0.006150 165 165 165
-0.018031 -0.000071 0.006159 165 165 165
-0.018039 -0.000071 0.006162 165 165 165
-0.018048 -0.000071 0.006165 165 165 165
-0.018057 -0.000071 0.006168 165 165 165
-0.018057 -0.000071 0.006168 165 165 165
-0.018048 -0.000071 0.006165 165 165 165
-0.018038 -0.000071 0.006162 164 164 164
-0.018029 -0.000071 0.006159 165 165 165
-0.017776 -0.000068 0.006073 165 165 165
-0.017761 -0.000068 0.006068 165 165 165
-0.017747 -0.000068 0.006063 165 165 165
-0.017739 -0.000068 0.006060 165 165 165
-0.017717 -0.000068 0.006053 165 165 165
-0.017717 -0.000068 0.006053 165 165 165
-0.017731 -0.000068 0.006058 165 165 165
-0.017738 -0.000068 0.006060 165 165 165
-0.017738 -0.000068 0.006060 165 165 165
-0.017738 -0.000068 0.006060 165 165 165
-0.017738 -0.000068 0.006060 165 165 165
-0.017992 -0.000070 0.006147 166 166 166
-0.017983 -0.000070 0.006144 166 166 166
-0.017983 -0.000070 0.006144 165 165 165
-0.018000 -0.000070 0.006150 165 165 165
-0.018017 -0.000071 0.006156 166 166 166
-0.018062 -0.000071 0.006171 166 166 166
-0.018062 -0.000071 0.006171 165 165 165
-0.018034 -0.000071 0.006162 165 165 165
-0.018025 -0.000071 0.006159 166 166 166
-0.018034 -0.000071 0.006162 166 166 166
-0.018043 -0.000071 0.006165 166 166 166
-0.018098 -0.000071 0.006184 166 166 166
-0.018097 -0.000071 0.006184 166 166 166
-0.018097 -0.000071 0.006184 166 166 166
-0.018060 -0.000071 0.006171 166 166 166
-0.018006 -0.000070 0.006153 166 166 166
-0.017979 -0.000070 0.006144 166 166 166
-0.018005 -0.000070 0.006153 166 166 166
-0.018068 -0.000071 0.006174 166 166 166
-0.018095 -0.000071 0.006184 166 166 166
-0.018095 -0.000071 0.006184 166 166 166
-0.018004 -0.000070 0.006153 166 166 166
-0.018013 -0.000071 0.006156 166 166 166
-0.018022 -0.000071 0.006159 166 166 166
-0.018022 -0.000071 0.006159 166 166 166
-0.018021 -0.000071 0.006159 166 166 166
-0.018021 -0.000071 0.006159 166 166 166
-0.018057 -0.000071 0.006171 166 166 166
-0.018057 -0.000071 0.006171 166 166 166
-0.018084 -0.000071 0.006180 166 166 166
-0.017681 -0.000068 0.006043 166 166 166
-0.017717 -0.000068 0.006055 166 166 166
-0.017716 -0.000068 0.006055 166 166 166
-0.017723 -0.000068 0.006058 166 166 166
-0.018046 -0.000071 0.006168 166 166 166
-0.018036 -0.000071 0.006165 167 167 167
-0.018027 -0.000071 0.006162 167 167 167
-0.018018 -0.000071 0.006159 167 167 167
-0.018009 -0.000071 0.006156 167 167 167
-0.018000 -0.000070 0.006153 167 167 167
-0.018009 -0.000071 0.006156 167 167 167
-0.017728 -0.000068 0.006060 167 167 167
-0.017721 -0.000068 0.006058 167 167 167
-0.017721 -0.000068 0.006058 167 167 167
-0.018108 -0.000071 0.006190 167 167 167
-0.017979 -0.000070 0.006147 167 167 167
-0.017954 -0.000070 0.006138 167 167 167
-0.017953 -0.000070 0.006138 167 167 167
-0.017945 -0.000070 0.006135 168 168 168
-0.017953 -0.000070 0.006138 167 167 167
-0.017936 -0.000070 0.006132 167 167 167
-0.017953 -0.000070 0.006138 167 167 167
-0.017952 -0.000070 0.006138 167 167 167
-0.018013 -0.000071 0.006159 167 167 167
-0.018180 -0.000072 0.006217 168 168 168
-0.018122 -0.000072 0.006197 168 168 168
-0.018047 -0.000071 0.006171 168 168 168
-0.018029 -0.000071 0.006165 168 168 168
-0.018020 -0.000071 0.006162 168 168 168
-0.018011 -0.000071 0.006159 168 168 168
-0.018002 -0.000071 0.006156 168 168 168
-0.017993 -0.000070 0.006153 168 168 168
-0.017992 -0.000070 0.006153 168 168 168
-0.017992 -0.000070 0.006153 168 168 168
-0.017983 -0.000070 0.006150 168 168 168
-0.017975 -0.000070 0.006147 168 168 168
-0.017974 -0.000070 0.006147 168 168 168
-0.017957 -0.000070 0.006141 168 168 168
-0.017948 -0.000070 0.006138 168 168 168
-0.017957 -0.000070 0.006141 168 168 168
-0.018108 -0.000072 0.006193 169 169 169
-0.018025 -0.000071 0.006165 168 168 168
-0.018007 -0.000071 0.006159 168 168 168
-0.018006 -0.000071 0.006159 168 168 168
-0.017997 -0.000071 0.006156 169 169 169
-0.017988 -0.000070 0.006153 169 169 169
-0.017988 -0.000070 0.006153 168 168 168
-0.017979 -0.000070 0.006150 168 168 168
-0.017962 -0.000070 0.006144 168 168 168
-0.017953 -0.000070 0.006141 168 168 168
-0.017953 -0.000070 0.006141 169 169 169
-0.017953 -0.000070 0.006141 169 169 169
-0.017944 -0.000070 0.006138 169 169 169
-0.017944 -0.000070 0.006138 169 169 169
-0.017944 -0.000070 0.006138 169 169 169
-0.017944 -0.000070 0.006138 169 169 169
-0.017969 -0.000070 0.006147 169 169 169
-0.018284 -0.000073 0.006255 169 169 169
-0.018221 -0.000073 0.006234 169 169 169
-0.018181 -0.000072 0.006220 169 169 169
-0.018181 -0.000072 0.006220 169 169 169
-0.018066 -0.000071 0.006180 169 169 169
-0.018038 -0.000071 0.006171 169 169 169
-0.018020 -0.000071 0.006165 169 169 169
-0.017707 -0.000068 0.006058 169 169 169
-0.017693 -0.000068 0.006053 169 169 169
-0.018081 -0.000071 0.006187 170 170 170
-0.018053 -0.000071 0.006177 170 170 170
-0.018071 -0.000071 0.006184 170 170 170
-0.018071 -0.000071 0.006184 170 170 170
-0.018108 -0.000072 0.006197 170 170 170
-0.017766 -0.000068 0.006068 164 164 164
-0.017758 -0.000068 0.006065 164 164 164
-0.017803 -0.000068 0.006080 164 164 164
-0.018042 -0.000071 0.006162 164 164 164
-0.018115 -0.000071 0.006187 164 164 164
-0.018031 -0.000070 0.006159 165 165 165
-0.018049 -0.000071 0.006165 165 165 165
-0.018057 -0.000071 0.006168 164 164 164
-0.018057 -0.000071 0.006168 164 164 164
-0.018057 -0.000071 0.006168 164 164 164
-0.018057 -0.000071 0.006168 164 164 164
-0.018048 -0.000071 0.006165 164 164 164
-0.018047 -0.000071 0.006165 164 164 164
-0.018047 -0.000071 0.006165 165 165 165
-0.018056 -0.000071 0.006168 165 165 165
-0.018029 -0.000070 0.006159 165 165 165
-0.017761 -0.000068 0.006068 165 165 165
-0.017746 -0.000068 0.006063 165 165 165
-0.017739 -0.000068 0.006060 165 165 165
-0.018046 -0.000071 0.006165 165 165 165
-0.018046 -0.000071 0.006165 165 165 165
-0.018046 -0.000071 0.006165 165 165 165
-0.018028 -0.000070 0.006159 165 165 165
-0.018019 -0.000070 0.006156 165 165 165
-0.018027 -0.000070 0.006159 165 165 165
-0.018027 -0.000070 0.006159 165 165 165
-0.018000 -0.000070 0.006150 165 165 165
-0.018000 -0.000070 0.006150 165 165 165
-0.018000 -0.000070 0.006150 165 165 165
-0.018017 -0.000070 0.006156 165 165 165
-0.018035 -0.000071 0.006162 165 165 165
-0.018062 -0.000071 0.006171 165 165 165
-0.018062 -0.000071 0.006171 165 165 165
-0.018034 -0.000071 0.006162 165 165 165
-0.018025 -0.000070 0.006159 165 165 165
-0.018034 -0.000071 0.006162 165 165 165
-0.018043 -0.000071 0.006165 165 165 165
-0.018043 -0.000071 0.006165 165 165 165
-0.018051 -0.000071 0.006168 165 165 165
-0.018070 -0.000071 0.006174 166 166 166
-0.018060 -0.000071 0.006171 165 165 165
-0.018088 -0.000071 0.006180 166 166 166
-0.018078 -0.000071 0.006177 166 166 166
-0.018006 -0.000070 0.006153 166 166 166
-0.018006 -0.000070 0.006153 166 166 166
-0.018014 -0.000070 0.006156 166 166 166
-0.018077 -0.000071 0.006177 166 166 166
-0.018096 -0.000071 0.006184 166 166 166
-0.018095 -0.000071 0.006184 166 166 166
-0.018095 -0.000071 0.006184 166 166 166
-0.018040 -0.000071 0.006165 166 166 166
-0.018022 -0.000070 0.006159 166 166 166
-0.018022 -0.000070 0.006159 166 166 166
-0.018022 -0.000070 0.006159 166 166 166
-0.018030 -0.000071 0.006162 166 166 166
-0.018039 -0.000071 0.006165 166 166 166
-0.018057 -0.000071 0.006171 166 166 166
-0.018057 -0.000071 0.006171 166 166 166
-0.018057 -0.000071 0.006171 166 166 166
-0.018047 -0.000071 0.006168 166 166 166
-0.018084 -0.000071 0.006180 166 166 166
-0.018047 -0.000071 0.006168 166 166 166
-0.018047 -0.000071 0.006168 166 166 166
-0.018038 -0.000071 0.006165 166 166 166
-0.018046 -0.000071 0.006168 166 166 166
-0.018083 -0.000071 0.006180 166 166 166
-0.018083 -0.000071 0.006180 166 166 166
-0.018036 -0.000071 0.006165 167 167 167
-0.018036 -0.000071 0.006165 167 167 167
-0.018027 -0.000071 0.006162 167 167 167
-0.018018 -0.000070 0.006159 167 167 167
-0.018018 -0.000070 0.006159 167 167 167
-0.018035 -0.000071 0.006165 167 167 167
-0.018137 -0.000072 0.006200 167 167 167
-0.018147 -0.000072 0.006203 167 167 167
-0.018147 -0.000072 0.006203 167 167 167
-0.018137 -0.000072 0.006200 167 167 167
-0.018108 -0.000071 0.006190 167 167 167
-0.018108 -0.000071 0.006190 167 167 167
-0.018108 -0.000071 0.006190 167 167 167
-0.017997 -0.000070 0.006153 167 167 167
-0.017979 -0.000070 0.006147 167 167 167
-0.017970 -0.000070 0.006144 167 167 167
-0.017970 -0.000070 0.006144 167 167 167
-0.017970 -0.000070 0.006144 167 167 167
-0.017979 -0.000070 0.006147 167 167 167
-0.017978 -0.000070 0.006147 167 167 167
-0.017996 -0.000070 0.006153 167 167 167
-0.018031 -0.000071 0.006165 167 167 167
-0.018086 -0.000071 0.006184 167 167 167
-0.018085 -0.000071 0.006184 168 168 168
-0.018123 -0.000071 0.006197 168 168 168
-0.018142 -0.000072 0.006203 168 168 168
-0.018142 -0.000072 0.006203 167 167 167
-0.018151 -0.000072 0.006206 167 167 167
-0.018180 -0.000072 0.006217 168 168 168
-0.018151 -0.000072 0.006206 168 168 168
-0.018141 -0.000072 0.006203 168 168 168
-0.018056 -0.000071 0.006174 168 168 168
-0.018038 -0.000071 0.006168 168 168 168
-0.018038 -0.000071 0.006168 168 168 168
-0.018020 -0.000071 0.006162 168 168 168
-0.018019 -0.000071 0.006162 168 168 168
-0.018010 -0.000070 0.006159 168 168 168
-0.018010 -0.000070 0.006159 168 168 168
-0.017992 -0.000070 0.006153 168 168 168
-0.017992 -0.000070 0.006153 168 168 168
-0.017992 -0.000070 0.006153 168 168 168
-0.017992 -0.000070 0.006153 168 168 168
-0.017992 -0.000070 0.006153 168 168 168
-0.018026 -0.000071 0.006165 168 168 168
-0.018008 -0.000070 0.006159 168 168 168
-0.018026 -0.000071 0.006165 168 168 168
-0.018127 -0.000072 0.006200 168 168 168
-0.018043 -0.000071 0.006171 168 168 168
-0.018025 -0.000071 0.006165 168 168 168
-0.018024 -0.000071 0.006165 168 168 168
-0.018024 -0.000071 0.006165 168 168 168
-0.018006 -0.000070 0.006159 168 168 168
-0.018006 -0.000070 0.006159 168 168 168
-0.018006 -0.000070 0.006159 168 168 168
-0.018006 -0.000070 0.006159 168 168 168
-0.017988 -0.000070 0.006153 169 169 169
-0.017988 -0.000070 0.006153 168 168 168
-0.017996 -0.000070 0.006156 169 169 169
-0.017996 -0.000070 0.006156 169 169 169
-0.017987 -0.000070 0.006153 168 168 168
-0.017987 -0.000070 0.006153 169 169 169
-0.017987 -0.000070 0.006153 168 168 168
-0.017987 -0.000070 0.006153 169 169 169
-0.018295 -0.000073 0.006259 169 169 169
-0.018221 -0.000072 0.006234 169 169 169
-0.018191 -0.000072 0.006223 169 169 169
-0.018132 -0.000072 0.006203 169 169 169
-0.018122 -0.000072 0.006200 169 169 169
-0.018075 -0.000071 0.006184 169 169 169
-0.018065 -0.000071 0.006180 169 169 169
-0.018122 -0.000072 0.006200 169 169 169
-0.018100 -0.000071 0.006193 170 170 170
-0.018053 -0.000071 0.006177 169 169 169
-0.018053 -0.000071 0.006177 170 170 170
-0.018071 -0.000071 0.006184 170 170 170
-0.018071 -0.000071 0.006184 170 170 170
-0.018071 -0.000071 0.006184 170 170 170
-0.018062 -0.000071 0.006180 169 169 169
-0.018099 -0.000071 0.006193 170 170 170
-0.018099 -0.000071 0.006193 170 170 170
-0.018108 -0.000071 0.006197 170 170 170
-0.018117 -0.000072 0.006200 170 170 170
-0.017381 -0.000064 0.005936 163 163 163
-0.017381 -0.000064 0.005936 164 164 164
-0.018330 -0.000073 0.006259 164 164 164
-0.017384 -0.000064 0.005938 164 164 164
-0.017384 -0.000064 0.005938 164 164 164
-0.017384 -0.000064 0.005938 164 164 164
-0.018031 -0.000070 0.006159 164 164 164
-0.018058 -0.000070 0.006168 165 165 165
-0.018058 -0.000070 0.006168 164 164 164
-0.018057 -0.000070 0.006168 164 164 164
-0.018057 -0.000070 0.006168 164 164 164
-0.018057 -0.000070 0.006168 164 164 164
-0.018057 -0.000070 0.006168 165 165 165
-0.018048 -0.000070 0.006165 164 164 164
-0.018047 -0.000070 0.006165 165 165 165
-0.018047 -0.000070 0.006165 165 165 165
-0.018065 -0.000071 0.006171 165 165 165
-0.018036 -0.000070 0.006162 165 165 165
-0.018009 -0.000070 0.006153 165 165 165
-0.018009 -0.000070 0.006153 165 165 165
-0.018018 -0.000070 0.006156 165 165 165
-0.018035 -0.000070 0.006162 165 165 165
-0.018044 -0.000070 0.006165 165 165 165
-0.018071 -0.000071 0.006174 165 165 165
-0.018080 -0.000071 0.006177 165 165 165
-0.018071 -0.000071 0.006174 165 165 165
-0.018052 -0.000070 0.006168 165 165 165
-0.018098 -0.000071 0.006184 166 166 166
-0.018097 -0.000071 0.006184 166 166 166
-0.018097 -0.000071 0.006184 166 166 166
-0.018088 -0.000071 0.006180 165 165 165
-0.018116 -0.000071 0.006190 165 165 165
-0.018116 -0.000071 0.006190 165 165 165
-0.018078 -0.000071 0.006177 165 165 165
-0.018006 -0.000070 0.006153 165 165 165
-0.018014 -0.000070 0.006156 166 166 166
-0.018041 -0.000070 0.006165 166 166 166
-0.018041 -0.000070 0.006165 166 166 166
-0.018086 -0.000071 0.006180 166 166 166
-0.018086 -0.000071 0.006180 166 166 166
-0.018077 -0.000071 0.006177 166 166 166
-0.018049 -0.000070 0.006168 166 166 166
-0.018031 -0.000070 0.006162 166 166 166
-0.018031 -0.000070 0.006162 166 166 166
-0.018022 -0.000070 0.006159 166 166 166
-0.018030 -0.000070 0.006162 166 166 166
-0.018048 -0.000070 0.006168 166 166 166
-0.018057 -0.000071 0.006171 166 166 166
-0.018057 -0.000071 0.006171 166 166 166
-0.018084 -0.000071 0.006180 166 166 166
-0.018056 -0.000071 0.006171 166 166 166
-0.018084 -0.000071 0.006180 166 166 166
-0.018065 -0.000071 0.006174 166 166 166
-0.018093 -0.000071 0.006184 166 166 166
-0.018093 -0.000071 0.006184 166 166 166
-0.018092 -0.000071 0.006184 166 166 166
-0.018092 -0.000071 0.006184 166 166 166
-0.018046 -0.000070 0.006168 166 166 166
-0.018037 -0.000070 0.006165 166 166 166
-0.018046 -0.000070 0.006168 166 166 166
-0.018045 -0.000070 0.006168 166 166 166
-0.018045 -0.000070 0.006168 167 167 167
-0.018036 -0.000070 0.006165 167 167 167
-0.018036 -0.000070 0.006165 167 167 167
-0.018036 -0.000070 0.006165 167 167 167
-0.018036 -0.000070 0.006165 167 167 167
-0.018053 -0.000071 0.006171 167 167 167
-0.018147 -0.000071 0.006203 167 167 167
-0.018166 -0.000072 0.006210 167 167 167
-0.018176 -0.000072 0.006213 167 167 167
-0.018176 -0.000072 0.006213 167 167 167
-0.018176 -0.000072 0.006213 167 167 167
-0.018117 -0.000071 0.006193 167 167 167
-0.018117 -0.000071 0.006193 167 167 167
-0.018107 -0.000071 0.006190 167 167 167
-0.018135 -0.000071 0.006200 167 167 167
-0.017997 -0.000070 0.006153 167 167 167
-0.017988 -0.000070 0.006150 167 167 167
-0.017979 -0.000070 0.006147 167 167 167
-0.017988 -0.000070 0.006150 167 167 167
-0.017987 -0.000070 0.006150 167 167 167
-0.017996 -0.000070 0.006153 167 167 167
-0.017996 -0.000070 0.006153 167 167 167
-0.018013 -0.000070 0.006159 167 167 167
-0.018040 -0.000070 0.006168 167 167 167
-0.018086 -0.000071 0.006184 167 167 167
-0.018085 -0.000071 0.006184 167 167 167
-0.018104 -0.000071 0.006190 167 167 167
-0.018123 -0.000071 0.006197 167 167 167
-0.018142 -0.000071 0.006203 167 167 167
-0.018151 -0.000072 0.006206 167 167 167
-0.018180 -0.000072 0.006217 168 168 168
-0.018160 -0.000072 0.006210 167 167 167
-0.018141 -0.000071 0.006203 168 168 168
-0.018103 -0.000071 0.006190 168 168 168
-0.018056 -0.000071 0.006174 168 168 168
-0.018056 -0.000071 0.006174 168 168 168
-0.018037 -0.000070 0.006168 168 168 168
-0.018028 -0.000070 0.006165 168 168 168
-0.018019 -0.000070 0.006162 168 168 168
-0.018019 -0.000070 0.006162 168 168 168
-0.018010 -0.000070 0.006159 168 168 168
-0.018001 -0.000070 0.006156 168 168 168
-0.018001 -0.000070 0.006156 168 168 168
-0.018001 -0.000070 0.006156 168 168 168
-0.018026 -0.000070 0.006165 168 168 168
-0.018008 -0.000070 0.006159 168 168 168
-0.018008 -0.000070 0.006159 168 168 168
-0.018025 -0.000070 0.006165 168 168 168
-0.018127 -0.000071 0.006200 168 168 168
-0.018108 -0.000071 0.006193 168 168 168
-0.018043 -0.000071 0.006171 168 168 168
-0.018042 -0.000071 0.006171 168 168 168
-0.018042 -0.000071 0.006171 168 168 168
-0.018024 -0.000070 0.006165 168 168 168
-0.018015 -0.000070 0.006162 168 168 168
-0.018015 -0.000070 0.006162 168 168 168
-0.018015 -0.000070 0.006162 168 168 168
-0.018014 -0.000070 0.006162 168 168 168
-0.018005 -0.000070 0.006159 168 168 168
-0.018023 -0.000070 0.006165 168 168 168
-0.018023 -0.000070 0.006165 169 169 169
-0.018023 -0.000070 0.006165 168 168 168
-0.018068 -0.000071 0.006180 168 168 168
-0.018068 -0.000071 0.006180 168 168 168
-0.018133 -0.000071 0.006203 168 168 168
-0.018405 -0.000074 0.006297 169 169 169
-0.018305 -0.000073 0.006262 169 169 169
-0.018273 -0.000073 0.006252 169 169 169
-0.018242 -0.000072 0.006241 169 169 169
-0.018181 -0.000072 0.006220 169 169 169
-0.018151 -0.000072 0.006210 169 169 169
-0.018122 -0.000071 0.006200 169 169 169
-0.018131 -0.000071 0.006203 169 169 169
-0.018141 -0.000072 0.006206 169 169 169
-0.018110 -0.000071 0.006197 169 169 169
-0.018081 -0.000071 0.006187 169 169 169
-0.018081 -0.000071 0.006187 170 170 170
-0.018081 -0.000071 0.006187 170 170 170
-0.018081 -0.000071 0.006187 169 169 169
-0.018071 -0.000071 0.006184 169 169 169
-0.018071 -0.000071 0.006184 169 169 169
-0.018099 -0.000071 0.006193 169 169 169
-0.018118 -0.000071 0.006200 170 170 170
-0.018127 -0.000071 0.006203 169 169 169
-0.018146 -0.000072 0.006210 169 169 169
-0.017381 -0.000064 0.005936 163 163 163
-0.017381 -0.000064 0.005936 163 163 163
-0.018330 -0.000073 0.006259 164 164 164
-0.018330 -0.000073 0.006259 163 163 163
-0.018330 -0.000073 0.006259 163 163 163
-0.017418 -0.000065 0.005949 164 164 164
-0.017384 -0.000064 0.005938 164 164 164
-0.017384 -0.000064 0.005938 164 164 164
-0.017384 -0.000064 0.005938 164 164 164
-0.017389 -0.000064 0.005940 164 164 164
-0.017367 -0.000064 0.005932 164 164 164
-0.017356 -0.000064 0.005929 164 164 164
-0.017356 -0.000064 0.005929 164 164 164
-0.017361 -0.000064 0.005931 165 165 165
-0.018067 -0.000070 0.006171 164 164 164
-0.018067 -0.000070 0.006171 164 164 164
-0.018067 -0.000070 0.006171 164 164 164
-0.018066 -0.000070 0.006171 164 164 164
-0.018057 -0.000070 0.006168 164 164 164
-0.018057 -0.000070 0.006168 165 165 165
-0.018057 -0.000070 0.006168 165 165 165
-0.018066 -0.000070 0.006171 165 165 165
-0.018036 -0.000070 0.006162 165 165 165
-0.018036 -0.000070 0.006162 165 165 165
-0.018044 -0.000070 0.006165 165 165 165
-0.018035 -0.000070 0.006162 165 165 165
-0.018044 -0.000070 0.006165 165 165 165
-0.018044 -0.000070 0.006165 165 165 165
-0.018053 -0.000070 0.006168 165 165 165
-0.018071 -0.000070 0.006174 165 165 165
-0.018145 -0.000071 0.006200 166 166 166
-0.018145 -0.000071 0.006200 166 166 166
-0.018126 -0.000071 0.006193 166 166 166
-0.018116 -0.000071 0.006190 165 165 165
-0.018125 -0.000071 0.006193 165 165 165
-0.018125 -0.000071 0.006193 165 165 165
-0.018154 -0.000071 0.006203 165 165 165
-0.018041 -0.000070 0.006165 166 166 166
-0.018077 -0.000071 0.006177 166 166 166
-0.018086 -0.000071 0.006180 166 166 166
-0.018086 -0.000071 0.006180 165 165 165
-0.018095 -0.000071 0.006184 166 166 166
-0.018067 -0.000070 0.006174 166 166 166
-0.018058 -0.000070 0.006171 166 166 166
-0.018049 -0.000070 0.006168 166 166 166
-0.018039 -0.000070 0.006165 166 166 166
-0.018048 -0.000070 0.006168 166 166 166
-0.018048 -0.000070 0.006168 166 166 166
-0.018103 -0.000071 0.006187 166 166 166
-0.018112 -0.000071 0.006190 166 166 166
-0.018122 -0.000071 0.006193 166 166 166
-0.018112 -0.000071 0.006190 166 166 166
-0.018093 -0.000071 0.006184 166 166 166
-0.018084 -0.000071 0.006180 166 166 166
-0.018093 -0.000071 0.006184 166 166 166
-0.018093 -0.000071 0.006184 166 166 166
-0.018092 -0.000071 0.006184 166 166 166
-0.018083 -0.000071 0.006180 166 166 166
-0.018037 -0.000070 0.006165 166 166 166
-0.018028 -0.000070 0.006162 166 166 166
-0.018037 -0.000070 0.006165 166 166 166
-0.018045 -0.000070 0.006168 166 166 166
-0.018054 -0.000070 0.006171 166 166 166
-0.018054 -0.000070 0.006171 167 167 167
-0.018054 -0.000070 0.006171 167 167 167
-0.018186 -0.000072 0.006217 166 166 166
-0.018186 -0.000072 0.006217 166 166 166
-0.018186 -0.000072 0.006217 167 167 167
-0.018176 -0.000071 0.006213 167 167 167
-0.018176 -0.000071 0.006213 166 166 166
-0.018176 -0.000071 0.006213 166 166 166
-0.018127 -0.000071 0.006197 167 167 167
-0.018117 -0.000071 0.006193 167 167 167
-0.018136 -0.000071 0.006200 167 167 167
-0.018126 -0.000071 0.006197 167 167 167
-0.018107 -0.000071 0.006190 167 167 167
-0.018042 -0.000070 0.006168 167 167 167
-0.018015 -0.000070 0.006159 167 167 167
-0.018014 -0.000070 0.006159 167 167 167
-0.018095 -0.000071 0.006187 167 167 167
-0.018095 -0.000071 0.006187 167 167 167
-0.018095 -0.000071 0.006187 167 167 167
-0.018104 -0.000071 0.006190 167 167 167
-0.018123 -0.000071 0.006197 167 167 167
-0.018142 -0.000071 0.006203 167 167 167
-0.018151 -0.000071 0.006206 167 167 167
-0.018190 -0.000072 0.006220 168 168 168
-0.018220 -0.000072 0.006230 167 167 167
-0.018220 -0.000072 0.006230 167 167 167
-0.018180 -0.000072 0.006217 168 168 168
-0.018141 -0.000071 0.006203 168 168 168
-0.018121 -0.000071 0.006197 168 168 168
-0.018121 -0.000071 0.006197 168 168 168
-0.018028 -0.000070 0.006165 168 168 168
-0.018028 -0.000070 0.006165 168 168 168
-0.018019 -0.000070 0.006162 167 167 167
-0.018018 -0.000070 0.006162 168 168 168
-0.018062 -0.000071 0.006177 168 168 168
-0.018008 -0.000070 0.006159 168 168 168
-0.018008 -0.000070 0.006159 168 168 168
-0.018008 -0.000070 0.006159 169 169 169
-0.018025 -0.000070 0.006165 168 168 168
-0.018277 -0.000072 0.006252 168 168 168
-0.018175 -0.000072 0.006217 168 168 168
-0.018070 -0.000071 0.006180 168 168 168
-0.018069 -0.000071 0.006180 168 168 168
-0.018069 -0.000071 0.006180 168 168 168
-0.018077 -0.000071 0.006184 168 168 168
-0.018163 -0.000071 0.006213 168 168 168
-0.018163 -0.000071 0.006213 168 168 168
-0.018163 -0.000071 0.006213 168 168 168
-0.018295 -0.000073 0.006259 169 169 169
-0.018306 -0.000073 0.006262 169 169 169
-0.018405 -0.000074 0.006297 168 168 168
-0.018327 -0.000073 0.006270 169 169 169
-0.018327 -0.000073 0.006270 169 169 169
-0.018316 -0.000073 0.006266 169 169 169
-0.018283 -0.000073 0.006255 169 169 169
-0.018221 -0.000072 0.006234 169 169 169
-0.018241 -0.000072 0.006241 169 169 169
-0.018170 -0.000072 0.006217 169 169 169
-0.018241 -0.000072 0.006241 169 169 169
-0.018109 -0.000071 0.006197 169 169 169
-0.018109 -0.000071 0.006197 169 169 169
-0.018081 -0.000071 0.006187 169 169 169
-0.018090 -0.000071 0.006190 169 169 169
-0.018090 -0.000071 0.006190 169 169 169
-0.018127 -0.000071 0.006203 169 169 169
-0.018137 -0.000071 0.006206 169 169 169
-0.018146 -0.000071 0.006210 169 169 169
-0.018146 -0.000071 0.006210 169 169 169
-0.017386 -0.000064 0.005938 163 163 163
-0.017386 -0.000064 0.005938 163 163 163
-0.018330 -0.000072 0.006259 163 163 163
-0.018330 -0.000072 0.006259 163 163 163
-0.018330 -0.000072 0.006259 163 163 163
-0.017423 -0.000065 0.005951 164 164 164
-0.017395 -0.000064 0.005942 164 164 164
-0.017395 -0.000064 0.005942 164 164 164
-0.017390 -0.000064 0.005940 164 164 164
-0.017389 -0.000064 0.005940 164 164 164
-0.017389 -0.000064 0.005940 164 164 164
-0.017411 -0.000064 0.005947 164 164 164
-0.017372 -0.000064 0.005934 164 164 164
-0.017361 -0.000064 0.005931 164 164 164
-0.017356 -0.000064 0.005929 164 164 164
-0.017361 -0.000064 0.005931 164 164 164
-0.017371 -0.000064 0.005934 164 164 164
-0.018044 -0.000070 0.006165 165 165 165
-0.018044 -0.000070 0.006165 165 165 165
-0.018044 -0.000070 0.006165 165 165 165
-0.018053 -0.000070 0.006168 165 165 165
-0.018062 -0.000070 0.006171 165 165 165
-0.018154 -0.000071 0.006203 166 166 166
-0.018154 -0.000071 0.006203 166 166 166
-0.018154 -0.000071 0.006203 166 166 166
-0.018193 -0.000071 0.006217 166 166 166
-0.018086 -0.000070 0.006180 166 166 166
-0.018096 -0.000071 0.006184 166 166 166
-0.018095 -0.000071 0.006184 165 165 165
-0.018095 -0.000071 0.006184 166 166 166
-0.018076 -0.000070 0.006177 166 166 166
-0.018067 -0.000070 0.006174 166 166 166
-0.018067 -0.000070 0.006174 165 165 165
-0.018076 -0.000070 0.006177 166 166 166
-0.018121 -0.000071 0.006193 166 166 166
-0.018121 -0.000071 0.006193 166 166 166
-0.018121 -0.000071 0.006193 166 166 166
-0.018130 -0.000071 0.006197 166 166 166
-0.018130 -0.000071 0.006197 166 166 166
-0.018092 -0.000071 0.006184 166 166 166
-0.018028 -0.000070 0.006162 166 166 166
-0.018010 -0.000070 0.006156 166 166 166
-0.018028 -0.000070 0.006162 166 166 166
-0.018055 -0.000070 0.006171 166 166 166
-0.018257 -0.000072 0.006241 166 166 166
-0.018237 -0.000072 0.006234 166 166 166
-0.018236 -0.000072 0.006234 166 166 166
-0.018196 -0.000071 0.006220 167 167 167
-0.018186 -0.000071 0.006217 166 166 166
-0.018226 -0.000072 0.006230 167 167 167
-0.018135 -0.000071 0.006200 167 167 167
-0.018135 -0.000071 0.006200 167 167 167
-0.018142 -0.000071 0.006203 167 167 167
-0.018008 -0.000070 0.006159 168 168 168
-0.017999 -0.000070 0.006156 168 168 168
-0.017999 -0.000070 0.006156 168 168 168
-0.018025 -0.000070 0.006165 168 168 168
-0.018298 -0.000072 0.006259 168 168 168
-0.018266 -0.000072 0.006248 168 168 168
-0.018266 -0.000072 0.006248 168 168 168
-0.018275 -0.000072 0.006252 168 168 168
-0.018233 -0.000072 0.006237 168 168 168
-0.018274 -0.000072 0.006252 168 168 168
-0.018306 -0.000073 0.006262 169 169 169
-0.018306 -0.000073 0.006262 169 169 169
-0.018306 -0.000073 0.006262 169 169 169
-0.018327 -0.000073 0.006270 169 169 169
-0.018405 -0.000073 0.006297 169 169 169
-0.018327 -0.000073 0.006270 168 168 168
-0.018284 -0.000072 0.006255 169 169 169
-0.018304 -0.000073 0.006262 169 169 169
-0.018251 -0.000072 0.006244 169 169 169
-0.018251 -0.000072 0.006244 169 169 169
-0.018343 -0.000073 0.006277 169 169 169
-0.018321 -0.000073 0.006270 169 169 169
-0.018321 -0.000073 0.006270 169 169 169
-0.018352 -0.000072 0.006266 163 163 163
-0.017429 -0.000064 0.005953 164 164 164
-0.017429 -0.000064 0.005953 164 164 164
-0.017417 -0.000064 0.005949 164 164 164
-0.017395 -0.000064 0.005942 164 164 164
-0.017389 -0.000064 0.005940 164 164 164
-0.017389 -0.000064 0.005940 164 164 164
-0.017411 -0.000064 0.005947 164 164 164
-0.017388 -0.000064 0.005940 164 164 164
-0.017372 -0.000064 0.005934 164 164 164
-0.017372 -0.000064 0.005934 164 164 164
-0.017371 -0.000064 0.005934 164 164 164
-0.017388 -0.000064 0.005940 164 164 164
-0.017421 -0.000064 0.005951 164 164 164
-0.017917 -0.000069 0.006121 165 165 165
-0.017885 -0.000068 0.006110 165 165 165
-0.018035 -0.000070 0.006162 165 165 165
-0.018035 -0.000070 0.006162 165 165 165
-0.018035 -0.000070 0.006162 165 165 165
-0.018044 -0.000070 0.006165 165 165 165
-0.018053 -0.000070 0.006168 165 165 165
-0.017439 -0.000065 0.005959 165 165 165
-0.017439 -0.000065 0.005959 165 165 165
-0.018155 -0.000071 0.006203 165 165 165
-0.018154 -0.000071 0.006203 165 165 165
-0.018164 -0.000071 0.006206 165 165 165
-0.018193 -0.000071 0.006217 165 165 165
-0.018096 -0.000070 0.006184 165 165 165
-0.018095 -0.000070 0.006184 165 165 165
-0.018095 -0.000070 0.006184 166 166 166
-0.018067 -0.000070 0.006174 166 166 166
-0.018067 -0.000070 0.006174 166 166 166
-0.018076 -0.000070 0.006177 165 165 165
-0.018130 -0.000071 0.006197 166 166 166
-0.018130 -0.000071 0.006197 166 166 166
-0.018121 -0.000071 0.006193 166 166 166
-0.018019 -0.000070 0.006159 166 166 166
-0.017993 -0.000069 0.006150 166 166 166
-0.017984 -0.000069 0.006147 166 166 166
-0.018010 -0.000070 0.006156 166 166 166
-0.018257 -0.000072 0.006241 166 166 166
-0.018247 -0.000072 0.006237 166 166 166
-0.018226 -0.000072 0.006230 166 166 166
-0.018236 -0.000072 0.006234 166 166 166
-0.018126 -0.000071 0.006197 167 167 167
-0.018033 -0.000070 0.006165 167 167 167
-0.018303 -0.000072 0.006259 168 168 168
-0.018324 -0.000072 0.006266 167 167 167
-0.018062 -0.000070 0.006177 168 168 168
-0.017990 -0.000070 0.006153 168 168 168
-0.017973 -0.000069 0.006147 168 168 168
-0.017990 -0.000070 0.006153 168 168 168
-0.018298 -0.000072 0.006259 168 168 168
-0.018287 -0.000072 0.006255 168 168 168
-0.018430 -0.000073 0.006305 168 168 168
-0.018429 -0.000073 0.006305 168 168 168
-0.018372 -0.000073 0.006285 168 168 168
-0.018328 -0.000073 0.006270 168 168 168
-0.018328 -0.000073 0.006270 168 168 168
-0.018317 -0.000072 0.006266 168 168 168
-0.018405 -0.000073 0.006297 168 168 168
-0.018327 -0.000073 0.006270 168 168 168
-0.018283 -0.000072 0.006255 169 169 169
-0.018282 -0.000072 0.006255 169 169 169
-0.018422 -0.000073 0.006305 169 169 169
-0.017789 -0.000067 0.006075 163 163 163
-0.017797 -0.000067 0.006078 163 163 163
-0.017435 -0.000064 0.005955 164 164 164
-0.017429 -0.000064 0.005953 164 164 164
-0.017429 -0.000064 0.005953 164 164 164
-0.017429 -0.000064 0.005953 164 164 164
-0.017412 -0.000064 0.005947 164 164 164
-0.017412 -0.000064 0.005947 164 164 164
-0.017795 -0.000067 0.006078 163 163 163
-0.017411 -0.000064 0.005947 164 164 164
-0.017410 -0.000064 0.005947 164 164 164
-0.017405 -0.000064 0.005945 164 164 164
-0.017410 -0.000064 0.005947 164 164 164
-0.017410 -0.000064 0.005947 164 164 164
-0.017410 -0.000064 0.005947 164 164 164
-0.017421 -0.000064 0.005951 165 165 165
-0.017909 -0.000068 0.006118 164 164 164
-0.017877 -0.000068 0.006107 165 165 165
-0.017869 -0.000068 0.006104 165 165 165
-0.017860 -0.000068 0.006101 164 164 164
-0.017767 -0.000067 0.006070 164 164 164
-0.017767 -0.000067 0.006070 165 165 165
-0.017760 -0.000067 0.006068 165 165 165
-0.017767 -0.000067 0.006070 165 165 165
-0.017782 -0.000067 0.006075 165 165 165
-0.017789 -0.000067 0.006078 165 165 165
-0.017796 -0.000068 0.006080 165 165 165
-0.017923 -0.000069 0.006124 165 165 165
-0.017923 -0.000069 0.006124 165 165 165
-0.017439 -0.000064 0.005959 165 165 165
-0.017439 -0.000064 0.005959 165 165 165
-0.017439 -0.000064 0.005959 165 165 165
-0.017439 -0.000064 0.005959 165 165 165
-0.018095 -0.000070 0.006184 166 166 166
-0.018076 -0.000070 0.006177 166 166 166
-0.018076 -0.000070 0.006177 165 165 165
-0.018130 -0.000070 0.006197 166 166 166
-0.018028 -0.000070 0.006162 166 166 166
-0.017993 -0.000069 0.006150 166 166 166
-0.017993 -0.000069 0.006150 166 166 166
-0.017975 -0.000069 0.006144 166 166 166
-0.018268 -0.000072 0.006244 166 166 166
-0.018257 -0.000072 0.006241 166 166 166
-0.018236 -0.000071 0.006234 166 166 166
-0.018257 -0.000072 0.006241 166 166 166
-0.017998 -0.000069 0.006153 167 167 167
-0.017888 -0.000068 0.006115 167 167 167
-0.017863 -0.000068 0.006107 167 167 167
-0.017863 -0.000068 0.006107 167 167 167
-0.017863 -0.000068 0.006107 167 167 167
-0.017863 -0.000068 0.006107 167 167 167
-0.017871 -0.000068 0.006110 167 167 167
-0.017879 -0.000068 0.006112 167 167 167
-0.017878 -0.000068 0.006112 167 167 167
-0.018303 -0.000072 0.006259 168 168 168
-0.018303 -0.000072 0.006259 167 167 167
-0.018302 -0.000072 0.006259 167 167 167
-0.018356 -0.000073 0.006277 167 167 167
-0.018459 -0.000073 0.006313 168 168 168
-0.017866 -0.000068 0.006110 167 167 167
-0.017973 -0.000069 0.006147 168 168 168
-0.017922 -0.000069 0.006129 168 168 168
-0.017905 -0.000069 0.006124 168 168 168
-0.017913 -0.000069 0.006126 168 168 168
-0.018465 -0.000074 0.006317 168 168 168
-0.018453 -0.000073 0.006313 168 168 168
-0.018418 -0.000073 0.006301 168 168 168
-0.018429 -0.000073 0.006305 168 168 168
-0.018372 -0.000073 0.006285 168 168 168
-0.017425 -0.000064 0.005961 169 169 169
-0.017413 -0.000064 0.005957 169 169 169
-0.017413 -0.000064 0.005957 169 169 169
-0.017419 -0.000064 0.005959 169 169 169
-0.018458 -0.000074 0.006317 169 169 169
-0.018434 -0.000073 0.006309 169 169 169
-0.018422 -0.000073 0.006305 169 169 169
-0.017797 -0.000067 0.006078 163 163 163
-0.017789 -0.000067 0.006075 163 163 163
-0.017797 -0.000067 0.006078 163 163 163
-0.017435 -0.000064 0.005955 164 164 164
-0.017841 -0.000068 0.006093 164 164 164
-0.017865 -0.000068 0.006101 164 164 164
-0.017416 -0.000064 0.005949 164 164 164
-0.017410 -0.000064 0.005947 164 164 164
-0.017405 -0.000064 0.005945 164 164 164
-0.017410 -0.000064 0.005947 164 164 164
-0.017410 -0.000064 0.005947 164 164 164
-0.017410 -0.000064 0.005947 164 164 164
-0.017421 -0.000064 0.005951 164 164 164
-0.017951 -0.000069 0.006132 164 164 164
-0.017909 -0.000068 0.006118 164 164 164
-0.017877 -0.000068 0.006107 164 164 164
-0.017877 -0.000068 0.006107 165 165 165
-0.017860 -0.000068 0.006101 164 164 164
-0.017901 -0.000068 0.006115 165 165 165
-0.018011 -0.000069 0.006153 165 165 165
-0.018010 -0.000069 0.006153 165 165 165
-0.017775 -0.000067 0.006073 165 165 165
-0.017767 -0.000067 0.006070 165 165 165
-0.017767 -0.000067 0.006070 165 165 165
-0.017760 -0.000067 0.006068 165 165 165
-0.017760 -0.000067 0.006068 165 165 165
-0.017774 -0.000067 0.006073 165 165 165
-0.017781 -0.000067 0.006075 164 164 164
-0.017789 -0.000067 0.006078 164 164 164
-0.017789 -0.000067 0.006078 165 165 165
-0.017834 -0.000068 0.006093 165 165 165
-0.017923 -0.000068 0.006124 165 165 165
-0.017972 -0.000069 0.006141 165 165 165
-0.017439 -0.000064 0.005959 165 165 165
-0.017439 -0.000064 0.005959 165 165 165
-0.017439 -0.000064 0.005959 165 165 165
-0.018004 -0.000069 0.006153 166 166 166
-0.018004 -0.000069 0.006153 165 165 165
-0.018111 -0.000070 0.006190 166 166 166
-0.018002 -0.000069 0.006153 166 166 166
-0.017984 -0.000069 0.006147 166 166 166
-0.017967 -0.000069 0.006141 166 166 166
-0.017967 -0.000069 0.006141 166 166 166
-0.018257 -0.000071 0.006241 166 166 166
-0.018257 -0.000071 0.006241 166 166 166
-0.017980 -0.000069 0.006147 166 166 166
-0.017904 -0.000068 0.006121 167 167 167
-0.017880 -0.000068 0.006112 167 167 167
-0.017863 -0.000068 0.006107 167 167 167
-0.017863 -0.000068 0.006107 167 167 167
-0.017863 -0.000068 0.006107 167 167 167
-0.017863 -0.000068 0.006107 167 167 167
-0.017871 -0.000068 0.006110 167 167 167
-0.017871 -0.000068 0.006110 167 167 167
-0.017878 -0.000068 0.006112 167 167 167
-0.017886 -0.000068 0.006115 167 167 167
-0.018021 -0.000069 0.006162 167 167 167
-0.018335 -0.000072 0.006270 167 167 167
-0.018303 -0.000072 0.006259 167 167 167
-0.018324 -0.000072 0.006266 167 167 167
-0.018356 -0.000072 0.006277 167 167 167
-0.018424 -0.000073 0.006301 167 167 167
-0.017866 -0.000068 0.006110 167 167 167
-0.017866 -0.000068 0.006110 168 168 168
-0.017866 -0.000068 0.006110 168 168 168
-0.017873 -0.000068 0.006112 168 168 168
-0.017881 -0.000068 0.006115 168 168 168
-0.017922 -0.000069 0.006129 168 168 168
-0.017922 -0.000069 0.006129 168 168 168
-0.017897 -0.000068 0.006121 168 168 168
-0.017889 -0.000068 0.006118 168 168 168
-0.018465 -0.000073 0.006317 168 168 168
-0.018465 -0.000073 0.006317 168 168 168
-0.018453 -0.000073 0.006313 168 168 168
-0.018430 -0.000073 0.006305 168 168 168
-0.018429 -0.000073 0.006305 168 168 168
-0.017425 -0.000064 0.005961 169 169 169
-0.017419 -0.000064 0.005959 169 169 169
-0.017419 -0.000064 0.005959 169 169 169
-0.018458 -0.000073 0.006317 169 169 169
-0.018458 -0.000073 0.006317 169 169 169
-0.018446 -0.000073 0.006313 169 169 169
-0.018445 -0.000073 0.006313 169 169 169
-0.017828 -0.000067 0.006088 163 163 163
-0.017828 -0.000067 0.006088 163 163 163
-0.017789 -0.000067 0.006075 163 163 163
-0.017789 -0.000067 0.006075 163 163 163
-0.017833 -0.000067 0.006091 164 164 164
-0.017841 -0.000067 0.006093 164 164 164
-0.017864 -0.000068 0.006101 164 164 164
-0.017428 -0.000064 0.005953 164 164 164
-0.017416 -0.000064 0.005949 164 164 164
-0.017416 -0.000064 0.005949 164 164 164
-0.017410 -0.000064 0.005947 164 164 164
-0.017416 -0.000064 0.005949 164 164 164
-0.017416 -0.000064 0.005949 164 164 164
-0.017421 -0.000064 0.005951 164 164 164
-0.017994 -0.000069 0.006147 164 164 164
-0.017986 -0.000069 0.006144 164 164 164
-0.017960 -0.000069 0.006135 164 164 164
-0.017918 -0.000068 0.006121 164 164 164
-0.017901 -0.000068 0.006115 164 164 164
-0.017893 -0.000068 0.006112 164 164 164
-0.017901 -0.000068 0.006115 164 164 164
-0.017976 -0.000069 0.006141 164 164 164
-0.017993 -0.000069 0.006147 164 164 164
-0.018002 -0.000069 0.006150 164 164 164
-0.018001 -0.000069 0.006150 165 165 165
-0.017782 -0.000067 0.006075 165 165 165
-0.017767 -0.000067 0.006070 164 164 164
-0.017767 -0.000067 0.006070 164 164 164
-0.017760 -0.000067 0.006068 164 164 164
-0.017760 -0.000067 0.006068 164 164 164
-0.017767 -0.000067 0.006070 165 165 165
-0.017781 -0.000067 0.006075 165 165 165
-0.017781 -0.000067 0.006075 165 165 165
-0.017781 -0.000067 0.006075 165 165 165
-0.017819 -0.000067 0.006088 164 164 164
-0.017842 -0.000068 0.006096 164 164 164
-0.017973 -0.000069 0.006141 165 165 165
-0.017981 -0.000069 0.006144 165 165 165
-0.017981 -0.000069 0.006144 165 165 165
-0.017981 -0.000069 0.006144 165 165 165
-0.017987 -0.000069 0.006147 165 165 165
-0.018004 -0.000069 0.006153 165 165 165
-0.018004 -0.000069 0.006153 165 165 165
-0.018021 -0.000069 0.006159 165 165 165
-0.018004 -0.000069 0.006153 165 165 165
-0.018111 -0.000070 0.006190 166 166 166
-0.018002 -0.000069 0.006153 166 166 166
-0.017984 -0.000069 0.006147 166 166 166
-0.017976 -0.000069 0.006144 166 166 166
-0.017967 -0.000069 0.006141 166 166 166
-0.017967 -0.000069 0.006141 166 166 166
-0.017980 -0.000069 0.006147 166 166 166
-0.017938 -0.000068 0.006132 166 166 166
-0.017880 -0.000068 0.006112 167 167 167
-0.017871 -0.000068 0.006110 167 167 167
-0.017871 -0.000068 0.006110 167 167 167
-0.017871 -0.000068 0.006110 167 167 167
-0.017879 -0.000068 0.006112 167 167 167
-0.017887 -0.000068 0.006115 167 167 167
-0.017887 -0.000068 0.006115 167 167 167
-0.017887 -0.000068 0.006115 167 167 167
-0.017870 -0.000068 0.006110 167 167 167
-0.017911 -0.000068 0.006124 167 167 167
-0.017969 -0.000069 0.006144 167 167 167
-0.017977 -0.000069 0.006147 167 167 167
-0.017977 -0.000069 0.006147 167 167 167
-0.017977 -0.000069 0.006147 167 167 167
-0.018335 -0.000072 0.006270 167 167 167
-0.018324 -0.000072 0.006266 167 167 167
-0.018335 -0.000072 0.006270 167 167 167
-0.018413 -0.000073 0.006297 167 167 167
-0.018459 -0.000073 0.006313 167 167 167
-0.017890 -0.000068 0.006118 167 167 167
-0.017874 -0.000068 0.006112 168 168 168
-0.017874 -0.000068 0.006112 168 168 168
-0.017873 -0.000068 0.006112 168 168 168
-0.017898 -0.000068 0.006121 168 168 168
-0.017948 -0.000069 0.006138 168 168 168
-0.017947 -0.000069 0.006138 168 168 168
-0.017905 -0.000068 0.006124 168 168 168
-0.017897 -0.000068 0.006121 168 168 168
-0.017905 -0.000068 0.006124 168 168 168
-0.018465 -0.000073 0.006317 168 168 168
-0.018465 -0.000073 0.006317 168 168 168
-0.018453 -0.000073 0.006313 168 168 168
-0.018453 -0.000073 0.006313 168 168 168
-0.018453 -0.000073 0.006313 168 168 168
-0.018429 -0.000073 0.006305 168 168 168
-0.018429 -0.000073 0.006305 168 168 168
-0.018458 -0.000073 0.006317 169 169 169
-0.018458 -0.000073 0.006317 169 169 169
-0.018446 -0.000073 0.006313 169 169 169
-0.018445 -0.000073 0.006313 169 169 169
-0.017892 -0.000068 0.006110 163 163 163
-0.017892 -0.000068 0.006110 163 163 163
-0.017883 -0.000068 0.006107 163 163 163
-0.017883 -0.000068 0.006107 163 163 163
-0.017805 -0.000067 0.006080 164 164 164
-0.017828 -0.000067 0.006088 163 163 163
-0.017789 -0.000067 0.006075 163 163 163
-0.017782 -0.000067 0.006073 163 163 163
-0.017781 -0.000067 0.006073 163 163 163
-0.017788 -0.000067 0.006075 163 163 163
-0.017833 -0.000067 0.006091 163 163 163
-0.017826 -0.000067 0.006088 163 163 163
-0.017833 -0.000067 0.006091 164 164 164
-0.017864 -0.000068 0.006101 164 164 164
-0.017428 -0.000064 0.005953 164 164 164
-0.017427 -0.000064 0.005953 164 164 164
-0.017427 -0.000064 0.005953 164 164 164
-0.017962 -0.000068 0.006135 164 164 164
-0.017961 -0.000068 0.006135 164 164 164
-0.017978 -0.000069 0.006141 164 164 164
-0.017995 -0.000069 0.006147 164 164 164
-0.017986 -0.000069 0.006144 164 164 164
-0.017968 -0.000068 0.006138 164 164 164
-0.017960 -0.000068 0.006135 164 164 164
-0.017960 -0.000068 0.006135 164 164 164
-0.017951 -0.000068 0.006132 164 164 164
-0.017917 -0.000068 0.006121 164 164 164
-0.017951 -0.000068 0.006132 164 164 164
-0.017976 -0.000069 0.006141 164 164 164
-0.017993 -0.000069 0.006147 164 164 164
-0.018002 -0.000069 0.006150 164 164 164
-0.018001 -0.000069 0.006150 165 165 165
-0.017984 -0.000069 0.006144 165 165 165
-0.017775 -0.000067 0.006073 164 164 164
-0.017767 -0.000067 0.006070 164 164 164
-0.017760 -0.000067 0.006068 165 165 165
-0.017760 -0.000067 0.006068 165 165 165
-0.017767 -0.000067 0.006070 165 165 165
-0.017781 -0.000067 0.006075 164 164 164
-0.017781 -0.000067 0.006075 164 164 164
-0.017781 -0.000067 0.006075 165 165 165
-0.017788 -0.000067 0.006078 164 164 164
-0.017834 -0.000067 0.006093 165 165 165
-0.017788 -0.000067 0.006078 165 165 165
-0.017973 -0.000069 0.006141 165 165 165
-0.017998 -0.000069 0.006150 165 165 165
-0.018007 -0.000069 0.006153 165 165 165
-0.018154 -0.000070 0.006203 165 165 165
-0.017987 -0.000069 0.006147 165 165 165
-0.017987 -0.000069 0.006147 165 165 165
-0.017987 -0.000069 0.006147 165 165 165
-0.018004 -0.000069 0.006153 165 165 165
-0.018004 -0.000069 0.006153 165 165 165
-0.018004 -0.000069 0.006153 165 165 165
-0.018085 -0.000069 0.006180 165 165 165
-0.017985 -0.000069 0.006147 165 165 165
-0.017968 -0.000069 0.006141 166 166 166
-0.017967 -0.000069 0.006141 166 166 166
-0.017976 -0.000069 0.006144 166 166 166
-0.017967 -0.000069 0.006141 166 166 166
-0.017967 -0.000069 0.006141 166 166 166
-0.017967 -0.000069 0.006141 166 166 166
-0.017983 -0.000069 0.006147 166 166 166
-0.017998 -0.000069 0.006153 166 166 166
-0.017989 -0.000069 0.006150 167 167 167
-0.017980 -0.000069 0.006147 166 166 166
-0.017946 -0.000068 0.006135 166 166 166
-0.017888 -0.000068 0.006115 166 166 166
-0.017879 -0.000068 0.006112 166 166 166
-0.017879 -0.000068 0.006112 167 167 167
-0.017895 -0.000068 0.006118 167 167 167
-0.017903 -0.000068 0.006121 167 167 167
-0.017945 -0.000068 0.006135 167 167 167
-0.017903 -0.000068 0.006121 167 167 167
-0.017903 -0.000068 0.006121 167 167 167
-0.017894 -0.000068 0.006118 167 167 167
-0.017911 -0.000068 0.006124 167 167 167
-0.017911 -0.000068 0.006124 167 167 167
-0.017978 -0.000069 0.006147 167 167 167
-0.017969 -0.000069 0.006144 167 167 167
-0.017977 -0.000069 0.006147 166 166 166
-0.017968 -0.000069 0.006144 167 167 167
-0.017968 -0.000069 0.006144 167 167 167
-0.017968 -0.000069 0.006144 167 167 167
-0.017985 -0.000069 0.006150 167 167 167
-0.017985 -0.000069 0.006150 167 167 167
-0.017923 -0.000068 0.006129 167 167 167
-0.017906 -0.000068 0.006124 167 167 167
-0.017898 -0.000068 0.006121 167 167 167
-0.017906 -0.000068 0.006124 167 167 167
-0.017939 -0.000068 0.006135 167 167 167
-0.017956 -0.000069 0.006141 167 167 167
-0.017956 -0.000069 0.006141 168 168 168
-0.017922 -0.000068 0.006129 168 168 168
-0.017905 -0.000068 0.006124 168 168 168
-0.017897 -0.000068 0.006121 168 168 168
-0.017888 -0.000068 0.006118 168 168 168
-0.017946 -0.000068 0.006138 168 168 168
-0.017971 -0.000069 0.006147 167 167 167
-0.017971 -0.000069 0.006147 167 167 167
-0.017971 -0.000069 0.006147 168 168 168
-0.018465 -0.000073 0.006317 168 168 168
-0.018465 -0.000073 0.006317 168 168 168
-0.018453 -0.000073 0.006313 168 168 168
-0.018453 -0.000073 0.006313 168 168 168
-0.018453 -0.000073 0.006313 168 168 168
-0.018429 -0.000073 0.006305 168 168 168
-0.018429 -0.000073 0.006305 168 168 168
-0.018458 -0.000073 0.006317 169 169 169
-0.018457 -0.000073 0.006317 169 169 169
-0.018457 -0.000073 0.006317 169 169 169
-0.017892 -0.000068 0.006110 163 163 163
-0.017883 -0.000067 0.006107 163 163 163
-0.017883 -0.000067 0.006107 163 163 163
-0.017828 -0.000067 0.006088 163 163 163
-0.017805 -0.000067 0.006080 163 163 163
-0.017828 -0.000067 0.006088 163 163 163
-0.017782 -0.000067 0.006073 163 163 163
-0.017782 -0.000067 0.006073 163 163 163
-0.017781 -0.000067 0.006073 163 163 163
-0.018052 -0.000069 0.006165 163 163 163
-0.017788 -0.000067 0.006075 163 163 163
-0.017773 -0.000067 0.006070 163 163 163
-0.017773 -0.000067 0.006070 163 163 163
-0.017810 -0.000067 0.006083 164 164 164
-0.017833 -0.000067 0.006091 164 164 164
-0.017856 -0.000067 0.006099 164 164 164
-0.017428 -0.000064 0.005953 164 164 164
-0.017644 -0.000065 0.006027 164 164 164
-0.017961 -0.000068 0.006135 164 164 164
-0.017961 -0.000068 0.006135 164 164 164
-0.017978 -0.000068 0.006141 164 164 164
-0.017978 -0.000068 0.006141 164 164 164
-0.017986 -0.000068 0.006144 164 164 164
-0.017969 -0.000068 0.006138 164 164 164
-0.017960 -0.000068 0.006135 164 164 164
-0.017960 -0.000068 0.006135 164 164 164
-0.017960 -0.000068 0.006135 164 164 164
-0.017951 -0.000068 0.006132 164 164 164
-0.017951 -0.000068 0.006132 164 164 164
-0.017976 -0.000068 0.006141 164 164 164
-0.017993 -0.000068 0.006147 164 164 164
-0.017993 -0.000068 0.006147 164 164 164
-0.018002 -0.000069 0.006150 164 164 164
-0.018010 -0.000069 0.006153 164 164 164
-0.018010 -0.000069 0.006153 164 164 164
-0.017782 -0.000067 0.006075 164 164 164
-0.017767 -0.000067 0.006070 165 165 165
-0.017760 -0.000067 0.006068 165 165 165
-0.017760 -0.000067 0.006068 165 165 165
-0.017759 -0.000067 0.006068 165 165 165
-0.017781 -0.000067 0.006075 164 164 164
-0.017781 -0.000067 0.006075 164 164 164
-0.017781 -0.000067 0.006075 164 164 164
-0.017781 -0.000067 0.006075 164 164 164
-0.017773 -0.000067 0.006073 165 165 165
-0.017766 -0.000067 0.006070 165 165 165
-0.017751 -0.000066 0.006065 165 165 165
-0.017751 -0.000066 0.006065 165 165 165
-0.017981 -0.000068 0.006144 165 165 165
-0.017990 -0.000068 0.006147 165 165 165
-0.017998 -0.000069 0.006150 165 165 165
-0.018007 -0.000069 0.006153 165 165 165
-0.018007 -0.000069 0.006153 165 165 165
-0.018006 -0.000069 0.006153 165 165 165
-0.018015 -0.000069 0.006156 165 165 165
-0.018015 -0.000069 0.006156 165 165 165
-0.017987 -0.000068 0.006147 165 165 165
-0.017987 -0.000068 0.006147 165 165 165
-0.017987 -0.000068 0.006147 165 165 165
-0.017995 -0.000069 0.006150 165 165 165
-0.017986 -0.000068 0.006147 165 165 165
-0.017986 -0.000068 0.006147 165 165 165
-0.018003 -0.000069 0.006153 165 165 165
-0.018003 -0.000069 0.006153 166 166 166
-0.018003 -0.000069 0.006153 165 165 165
-0.017994 -0.000069 0.006150 165 165 165
-0.017968 -0.000068 0.006141 165 165 165
-0.017959 -0.000068 0.006138 165 165 165
-0.017950 -0.000068 0.006135 166 166 166
-0.017967 -0.000068 0.006141 166 166 166
-0.017967 -0.000068 0.006141 166 166 166
-0.017983 -0.000068 0.006147 166 166 166
-0.017974 -0.000068 0.006144 166 166 166
-0.017965 -0.000068 0.006141 166 166 166
-0.017765 -0.000067 0.006073 166 166 166
-0.017750 -0.000067 0.006068 166 166 166
-0.017758 -0.000067 0.006070 166 166 166
-0.017989 -0.000069 0.006150 166 166 166
-0.017989 -0.000069 0.006150 166 166 166
-0.017989 -0.000069 0.006150 166 166 166
-0.017980 -0.000068 0.006147 166 166 166
-0.017896 -0.000068 0.006118 166 166 166
-0.017888 -0.000068 0.006115 166 166 166
-0.017896 -0.000068 0.006118 166 166 166
-0.017937 -0.000068 0.006132 167 167 167
-0.017945 -0.000068 0.006135 166 166 166
-0.017953 -0.000068 0.006138 167 167 167
-0.017953 -0.000068 0.006138 167 167 167
-0.017953 -0.000068 0.006138 167 167 167
-0.017894 -0.000068 0.006118 167 167 167
-0.017878 -0.000068 0.006112 167 167 167
-0.017878 -0.000068 0.006112 167 167 167
-0.017969 -0.000068 0.006144 167 167 167
-0.017977 -0.000068 0.006147 167 167 167
-0.017977 -0.000068 0.006147 167 167 167
-0.017977 -0.000068 0.006147 167 167 167
-0.017968 -0.000068 0.006144 167 167 167
-0.017985 -0.000069 0.006150 167 167 167
-0.017985 -0.000069 0.006150 167 167 167
-0.017985 -0.000069 0.006150 167 167 167
-0.017923 -0.000068 0.006129 167 167 167
-0.017923 -0.000068 0.006129 167 167 167
-0.017923 -0.000068 0.006129 167 167 167
-0.017939 -0.000068 0.006135 167 167 167
-0.017948 -0.000068 0.006138 167 167 167
-0.017956 -0.000068 0.006141 167 167 167
-0.017956 -0.000068 0.006141 167 167 167
-0.017922 -0.000068 0.006129 167 167 167
-0.017897 -0.000068 0.006121 167 167 167
-0.017889 -0.000068 0.006118 167 167 167
-0.017880 -0.000068 0.006115 167 167 167
-0.017946 -0.000068 0.006138 168 168 168
-0.017954 -0.000068 0.006141 167 167 167
-0.017963 -0.000068 0.006144 168 168 168
-0.017963 -0.000068 0.006144 168 168 168
-0.017929 -0.000068 0.006132 167 167 167
-0.017928 -0.000068 0.006132 167 167 167
-0.018465 -0.000073 0.006317 168 168 168
-0.018465 -0.000073 0.006317 168 168 168
-0.018453 -0.000073 0.006313 168 168 168
-0.018453 -0.000073 0.006313 168 168 168
-0.018453 -0.000073 0.006313 168 168 168
-0.018429 -0.000072 0.006305 168 168 168
-0.018429 -0.000072 0.006305 168 168 168
-0.017884 -0.000067 0.006107 163 163 163
-0.017883 -0.000067 0.006107 163 163 163
-0.017875 -0.000067 0.006104 163 163 163
-0.017836 -0.000067 0.006091 163 163 163
-0.017812 -0.000067 0.006083 163 163 163
-0.017828 -0.000067 0.006088 163 163 163
-0.017774 -0.000066 0.006070 163 163 163
-0.017752 -0.000066 0.006063 163 163 163
-0.017774 -0.000066 0.006070 163 163 163
-0.018025 -0.000069 0.006156 163 163 163
-0.017788 -0.000067 0.006075 163 163 163
-0.017758 -0.000066 0.006065 163 163 163
-0.017758 -0.000066 0.006065 163 163 163
-0.017795 -0.000067 0.006078 163 163 163
-0.017818 -0.000067 0.006086 163 163 163
-0.017896 -0.000067 0.006112 163 163 163
-0.017624 -0.000065 0.006020 164 164 164
-0.017644 -0.000065 0.006027 164 164 164
-0.017962 -0.000068 0.006135 164 164 164
-0.017903 -0.000068 0.006115 164 164 164
-0.017911 -0.000068 0.006118 164 164 164
-0.017961 -0.000068 0.006135 164 164 164
-0.017961 -0.000068 0.006135 164 164 164
-0.017969 -0.000068 0.006138 164 164 164
-0.017978 -0.000068 0.006141 164 164 164
-0.017986 -0.000068 0.006144 164 164 164
-0.017969 -0.000068 0.006138 163 163 163
-0.017960 -0.000068 0.006135 163 163 163
-0.017960 -0.000068 0.006135 164 164 164
-0.017951 -0.000068 0.006132 164 164 164
-0.017934 -0.000068 0.006126 164 164 164
-0.017951 -0.000068 0.006132 164 164 164
-0.017968 -0.000068 0.006138 164 164 164
-0.017993 -0.000068 0.006147 164 164 164
-0.018011 -0.000068 0.006153 164 164 164
-0.018010 -0.000068 0.006153 164 164 164
-0.017767 -0.000066 0.006070 165 165 165
-0.017760 -0.000066 0.006068 165 165 165
-0.017752 -0.000066 0.006065 164 164 164
-0.017752 -0.000066 0.006065 165 165 165
-0.017767 -0.000066 0.006070 164 164 164
-0.017774 -0.000066 0.006073 164 164 164
-0.017774 -0.000066 0.006073 164 164 164
-0.017773 -0.000066 0.006073 165 165 165
-0.017773 -0.000066 0.006073 165 165 165
-0.017751 -0.000066 0.006065 164 164 164
-0.017743 -0.000066 0.006063 165 165 165
-0.017736 -0.000066 0.006060 165 165 165
-0.017743 -0.000066 0.006063 164 164 164
-0.017707 -0.000066 0.006050 165 165 165
-0.017990 -0.000068 0.006147 165 165 165
-0.017998 -0.000068 0.006150 165 165 165
-0.018007 -0.000068 0.006153 165 165 165
-0.018006 -0.000068 0.006153 165 165 165
-0.018006 -0.000068 0.006153 165 165 165
-0.018015 -0.000069 0.006156 165 165 165
-0.017785 -0.000067 0.006078 165 165 165
-0.017741 -0.000066 0.006063 165 165 165
-0.017970 -0.000068 0.006141 165 165 165
-0.017987 -0.000068 0.006147 165 165 165
-0.017987 -0.000068 0.006147 165 165 165
-0.017986 -0.000068 0.006147 165 165 165
-0.017986 -0.000068 0.006147 165 165 165
-0.017977 -0.000068 0.006144 165 165 165
-0.017986 -0.000068 0.006147 165 165 165
-0.018003 -0.000068 0.006153 165 165 165
-0.018048 -0.000069 0.006168 165 165 165
-0.018003 -0.000068 0.006153 165 165 165
-0.017994 -0.000068 0.006150 165 165 165
-0.017968 -0.000068 0.006141 165 165 165
-0.017968 -0.000068 0.006141 165 165 165
-0.017950 -0.000068 0.006135 166 166 166
-0.017940 -0.000068 0.006132 166 166 166
-0.017882 -0.000067 0.006112 166 166 166
-0.017842 -0.000067 0.006099 166 166 166
-0.017758 -0.000066 0.006070 166 166 166
-0.017743 -0.000066 0.006065 166 166 166
-0.017758 -0.000066 0.006070 166 166 166
-0.017998 -0.000068 0.006153 166 166 166
-0.017989 -0.000068 0.006150 166 166 166
-0.017945 -0.000068 0.006135 166 166 166
-0.017945 -0.000068 0.006135 166 166 166
-0.017945 -0.000068 0.006135 166 166 166
-0.017945 -0.000068 0.006135 166 166 166
-0.017970 -0.000068 0.006144 166 166 166
-0.017969 -0.000068 0.006144 167 167 167
-0.017977 -0.000068 0.006147 167 167 167
-0.017985 -0.000068 0.006150 167 167 167
-0.017923 -0.000068 0.006129 167 167 167
-0.017923 -0.000068 0.006129 167 167 167
-0.017931 -0.000068 0.006132 167 167 167
-0.017948 -0.000068 0.006138 167 167 167
-0.017956 -0.000068 0.006141 167 167 167
-0.017956 -0.000068 0.006141 167 167 167
-0.017939 -0.000068 0.006135 167 167 167
-0.017889 -0.000068 0.006118 167 167 167
-0.017881 -0.000068 0.006115 167 167 167
-0.017897 -0.000068 0.006121 167 167 167
-0.017954 -0.000068 0.006141 168 168 168
-0.017963 -0.000068 0.006144 167 167 167
-0.017963 -0.000068 0.006144 168 168 168
-0.017962 -0.000068 0.006144 168 168 168
-0.018466 -0.000072 0.006317 168 168 168
-0.018465 -0.000072 0.006317 168 168 168
-0.018465 -0.000072 0.006317 168 168 168
-0.018453 -0.000072 0.006313 168 168 168
-0.018465 -0.000072 0.006317 168 168 168
-0.018453 -0.000072 0.006313 168 168 168
-0.018453 -0.000072 0.006313 168 168 168
-0.018441 -0.000072 0.006309 168 168 168
-0.017884 -0.000067 0.006107 163 163 163
-0.017875 -0.000067 0.006104 163 163 163
-0.017867 -0.000067 0.006101 163 163 163
-0.017836 -0.000067 0.006091 163 163 163
-0.017820 -0.000067 0.006086 163 163 163
-0.017775 -0.000066 0.006070 163 163 163
-0.017752 -0.000066 0.006063 163 163 163
-0.017702 -0.000066 0.006046 163 163 163
-0.017709 -0.000066 0.006048 163 163 163
-0.018025 -0.000068 0.006156 163 163 163
-0.017788 -0.000066 0.006075 163 163 163
-0.017758 -0.000066 0.006065 163 163 163
-0.017758 -0.000066 0.006065 163 163 163
-0.017765 -0.000066 0.006068 163 163 163
-0.017795 -0.000066 0.006078 163 163 163
-0.017856 -0.000067 0.006099 163 163 163
-0.017644 -0.000065 0.006027 163 163 163
-0.017644 -0.000065 0.006027 164 164 164
-0.017855 -0.000067 0.006099 164 164 164
-0.017879 -0.000067 0.006107 164 164 164
-0.017879 -0.000067 0.006107 164 164 164
-0.017887 -0.000067 0.006110 164 164 164
-0.017936 -0.000068 0.006126 164 164 164
-0.017936 -0.000068 0.006126 164 164 164
-0.017927 -0.000068 0.006124 164 164 164
-0.017927 -0.000068 0.006124 164 164 164
-0.017960 -0.000068 0.006135 164 164 164
-0.017934 -0.000068 0.006126 164 164 164
-0.017926 -0.000068 0.006124 164 164 164
-0.017909 -0.000067 0.006118 164 164 164
-0.017942 -0.000068 0.006129 164 164 164
-0.017985 -0.000068 0.006144 164 164 164
-0.017767 -0.000066 0.006070 164 164 164
-0.017760 -0.000066 0.006068 164 164 164
-0.017752 -0.000066 0.006065 164 164 164
-0.017752 -0.000066 0.006065 164 164 164
-0.017767 -0.000066 0.006070 164 164 164
-0.017766 -0.000066 0.006070 164 164 164
-0.017766 -0.000066 0.006070 164 164 164
-0.017773 -0.000066 0.006073 165 165 165
-0.017773 -0.000066 0.006073 165 165 165
-0.017751 -0.000066 0.006065 164 164 164
-0.017743 -0.000066 0.006063 164 164 164
-0.017736 -0.000066 0.006060 164 164 164
-0.017707 -0.000066 0.006050 164 164 164
-0.017658 -0.000065 0.006034 165 165 165
-0.017651 -0.000065 0.006031 164 164 164
-0.017651 -0.000065 0.006031 164 164 164
-0.017989 -0.000068 0.006147 165 165 165
-0.017998 -0.000068 0.006150 165 165 165
-0.017998 -0.000068 0.006150 165 165 165
-0.017786 -0.000066 0.006078 165 165 165
-0.017748 -0.000066 0.006065 165 165 165
-0.017741 -0.000066 0.006063 165 165 165
-0.017741 -0.000066 0.006063 165 165 165
-0.017785 -0.000066 0.006078 165 165 165
-0.017870 -0.000067 0.006107 165 165 165
-0.017987 -0.000068 0.006147 165 165 165
-0.017986 -0.000068 0.006147 165 165 165
-0.017977 -0.000068 0.006144 165 165 165
-0.017986 -0.000068 0.006147 165 165 165
-0.017986 -0.000068 0.006147 165 165 165
-0.018048 -0.000069 0.006168 165 165 165
-0.018003 -0.000068 0.006153 165 165 165
-0.017985 -0.000068 0.006147 165 165 165
-0.017760 -0.000066 0.006070 166 166 166
-0.017709 -0.000066 0.006053 166 166 166
-0.017701 -0.000066 0.006050 166 166 166
-0.017666 -0.000065 0.006038 166 166 166
-0.017940 -0.000068 0.006132 165 165 165
-0.017842 -0.000067 0.006099 166 166 166
-0.017751 -0.000066 0.006068 166 166 166
-0.017751 -0.000066 0.006068 166 166 166
-0.017743 -0.000066 0.006065 166 166 166
-0.017750 -0.000066 0.006068 166 166 166
-0.017945 -0.000068 0.006135 166 166 166
-0.017641 -0.000065 0.006031 167 167 167
-0.017641 -0.000065 0.006031 167 167 167
-0.017640 -0.000065 0.006031 166 166 166
-0.017948 -0.000068 0.006138 167 167 167
-0.017948 -0.000068 0.006138 167 167 167
-0.017889 -0.000067 0.006118 167 167 167
-0.017881 -0.000067 0.006115 167 167 167
-0.017881 -0.000067 0.006115 167 167 167
-0.018477 -0.000072 0.006321 168 168 168
-0.018465 -0.000072 0.006317 167 167 167
-0.018465 -0.000072 0.006317 167 167 167
-0.018465 -0.000072 0.006317 167 167 167
-0.018465 -0.000072 0.006317 167 167 167
-0.018453 -0.000072 0.006313 167 167 167
-0.018441 -0.000072 0.006309 167 167 167
-0.018452 -0.000072 0.006313 168 168 168
-0.260996 -0.002112 0.089795 168 168 168
-0.260980 -0.002112 0.089795 168 168 168
-0.017875 -0.000067 0.006104 163 163 163
-0.017859 -0.000067 0.006099 163 163 163
-0.017836 -0.000067 0.006091 163 163 163
-0.017820 -0.000066 0.006086 162 162 162
-0.017760 -0.000066 0.006065 163 163 163
-0.017702 -0.000065 0.006046 163 163 163
-0.017653 -0.000065 0.006029 163 163 163
-0.017653 -0.000065 0.006029 163 163 163
-0.017857 -0.000067 0.006099 163 163 163
-0.017780 -0.000066 0.006073 163 163 163
-0.017751 -0.000066 0.006063 163 163 163
-0.017751 -0.000066 0.006063 163 163 163
-0.017758 -0.000066 0.006065 163 163 163
-0.017758 -0.000066 0.006065 163 163 163
-0.017787 -0.000066 0.006075 163 163 163
-0.017644 -0.000065 0.006027 164 164 164
-0.017644 -0.000065 0.006027 164 164 164
-0.017879 -0.000067 0.006107 164 164 164
-0.017879 -0.000067 0.006107 164 164 164
-0.017879 -0.000067 0.006107 164 164 164
-0.017911 -0.000067 0.006118 164 164 164
-0.017910 -0.000067 0.006118 163 163 163
-0.017910 -0.000067 0.006118 164 164 164
-0.017909 -0.000067 0.006118 164 164 164
-0.017909 -0.000067 0.006118 164 164 164
-0.017909 -0.000067 0.006118 164 164 164
-0.017967 -0.000068 0.006138 164 164 164
-0.017767 -0.000066 0.006070 164 164 164
-0.017752 -0.000066 0.006065 164 164 164
-0.017752 -0.000066 0.006065 164 164 164
-0.017752 -0.000066 0.006065 164 164 164
-0.017752 -0.000066 0.006065 164 164 164
-0.017766 -0.000066 0.006070 164 164 164
-0.017766 -0.000066 0.006070 165 165 165
-0.017773 -0.000066 0.006073 164 164 164
-0.017773 -0.000066 0.006073 164 164 164
-0.017751 -0.000066 0.006065 165 165 165
-0.017736 -0.000066 0.006060 165 165 165
-0.017736 -0.000066 0.006060 164 164 164
-0.017693 -0.000065 0.006046 164 164 164
-0.017658 -0.000065 0.006034 164 164 164
-0.017651 -0.000065 0.006031 164 164 164
-0.017651 -0.000065 0.006031 164 164 164
-0.017644 -0.000065 0.006029 165 165 165
-0.017644 -0.000065 0.006029 165 165 165
-0.017637 -0.000065 0.006027 164 164 164
-0.017637 -0.000065 0.006027 165 165 165
-0.017644 -0.000065 0.006029 165 165 165
-0.017786 -0.000066 0.006078 165 165 165
-0.017756 -0.000066 0.006068 165 165 165
-0.017748 -0.000066 0.006065 165 165 165
-0.017755 -0.000066 0.006068 165 165 165
-0.017755 -0.000066 0.006068 165 165 165
-0.017785 -0.000066 0.006078 165 165 165
-0.017846 -0.000067 0.006099 165 165 165
-0.017730 -0.000066 0.006060 165 165 165
-0.017702 -0.000066 0.006050 166 166 166
-0.017666 -0.000065 0.006038 166 166 166
-0.017653 -0.000065 0.006034 166 166 166
-0.017652 -0.000065 0.006034 166 166 166
-0.017819 -0.000067 0.006091 166 166 166
-0.017751 -0.000066 0.006068 166 166 166
-0.017751 -0.000066 0.006068 166 166 166
-0.017743 -0.000066 0.006065 166 166 166
-0.017758 -0.000066 0.006070 166 166 166
-0.017641 -0.000065 0.006031 166 166 166
-0.017634 -0.000065 0.006029 166 166 166
-0.017627 -0.000065 0.006027 166 166 166
-0.017627 -0.000065 0.006027 167 167 167
-0.017889 -0.000067 0.006118 167 167 167
-0.018477 -0.000072 0.006321 168 168 168
-0.018465 -0.000072 0.006317 167 167 167
-0.018465 -0.000072 0.006317 167 167 167
-0.018465 -0.000072 0.006317 168 168 168
-0.018465 -0.000072 0.006317 167 167 167
-0.018453 -0.000072 0.006313 167 167 167
-0.018452 -0.000072 0.006313 167 167 167
-0.018452 -0.000072 0.006313 167 167 167
-0.260996 -0.002097 0.089795 168 168 168
-0.260980 -0.002097 0.089795 168 168 168
-0.017867 -0.000067 0.006101 163 163 163
-0.017859 -0.000067 0.006099 163 163 163
-0.017859 -0.000067 0.006099 163 163 163
-0.017820 -0.000066 0.006086 162 162 162
-0.017760 -0.000066 0.006065 163 163 163
-0.017660 -0.000065 0.006031 163 163 163
-0.017640 -0.000065 0.006024 163 163 163
-0.017646 -0.000065 0.006027 163 163 163
-0.017646 -0.000065 0.006027 163 163 163
-0.017780 -0.000066 0.006073 163 163 163
-0.017736 -0.000066 0.006058 163 163 163
-0.017736 -0.000066 0.006058 163 163 163
-0.017736 -0.000066 0.006058 163 163 163
-0.017707 -0.000065 0.006048 163 163 163
-0.017735 -0.000066 0.006058 163 163 163
-0.017644 -0.000065 0.006027 164 164 164
-0.017644 -0.000065 0.006027 164 164 164
-0.017855 -0.000067 0.006099 163 163 163
-0.017893 -0.000067 0.006112 164 164 164
-0.017892 -0.000067 0.006112 164 164 164
-0.017760 -0.000066 0.006068 164 164 164
-0.017723 -0.000066 0.006055 164 164 164
-0.017716 -0.000065 0.006053 164 164 164
-0.017737 -0.000066 0.006060 164 164 164
-0.017752 -0.000066 0.006065 164 164 164
-0.017752 -0.000066 0.006065 164 164 164
-0.017751 -0.000066 0.006065 164 164 164
-0.017781 -0.000066 0.006075 164 164 164
-0.017773 -0.000066 0.006073 164 164 164
-0.017751 -0.000066 0.006065 165 165 165
-0.017736 -0.000066 0.006060 165 165 165
-0.017729 -0.000066 0.006058 165 165 165
-0.017693 -0.000065 0.006046 165 165 165
-0.017658 -0.000065 0.006034 164 164 164
-0.017651 -0.000065 0.006031 164 164 164
-0.017651 -0.000065 0.006031 164 164 164
-0.017644 -0.000065 0.006029 165 165 165
-0.017637 -0.000065 0.006027 164 164 164
-0.017637 -0.000065 0.006027 164 164 164
-0.017637 -0.000065 0.006027 164 164 164
-0.017637 -0.000065 0.006027 165 165 165
-0.017778 -0.000066 0.006075 165 165 165
-0.017755 -0.000066 0.006068 165 165 165
-0.017755 -0.000066 0.006068 165 165 165
-0.017755 -0.000066 0.006068 165 165 165
-0.017755 -0.000066 0.006068 165 165 165
-0.017747 -0.000066 0.006065 165 165 165
-0.017709 -0.000065 0.006053 165 165 165
-0.017667 -0.000065 0.006038 165 165 165
-0.017653 -0.000065 0.006034 165 165 165
-0.017639 -0.000065 0.006029 166 166 166
-0.017632 -0.000065 0.006027 166 166 166
-0.017639 -0.000065 0.006029 166 166 166
-0.017819 -0.000066 0.006091 166 166 166
-0.017751 -0.000066 0.006068 166 166 166
-0.017751 -0.000066 0.006068 166 166 166
-0.017743 -0.000066 0.006065 166 166 166
-0.017743 -0.000066 0.006065 166 166 166
-0.017743 -0.000066 0.006065 166 166 166
-0.017637 -0.000065 0.006029 166 166 166
-0.017630 -0.000065 0.006027 166 166 166
-0.017630 -0.000065 0.006027 166 166 166
-0.017623 -0.000065 0.006024 166 166 166
-0.017623 -0.000065 0.006024 166 166 166
-0.017623 -0.000065 0.006024 166 166 166
-0.017622 -0.000065 0.006024 166 166 166
-0.017642 -0.000065 0.006031 166 166 166
-0.017641 -0.000065 0.006031 166 166 166
-0.017627 -0.000065 0.006027 166 166 166
-0.017627 -0.000065 0.006027 166 166 166
-0.017627 -0.000065 0.006027 166 166 166
-0.018489 -0.000072 0.006325 167 167 167
-0.018477 -0.000072 0.006321 167 167 167
-0.018465 -0.000072 0.006317 167 167 167
-0.018465 -0.000072 0.006317 167 167 167
-0.018465 -0.000072 0.006317 167 167 167
-0.018453 -0.000072 0.006313 167 167 167
-0.018452 -0.000072 0.006313 167 167 167
-0.018441 -0.000072 0.006309 167 167 167
-0.018464 -0.000072 0.006317 168 168 168
-0.260996 -0.002081 0.089795 168 168 168
-0.260980 -0.002081 0.089795 169 169 169
-0.017875 -0.000067 0.006104 163 163 163
-0.017745 -0.000065 0.006060 163 163 163
-0.017647 -0.000065 0.006027 163 163 163
-0.017640 -0.000065 0.006024 163 163 163
-0.017646 -0.000065 0.006027 163 163 163
-0.017640 -0.000065 0.006024 163 163 163
-0.017780 -0.000066 0.006073 163 163 163
-0.017722 -0.000065 0.006053 163 163 163
-0.017714 -0.000065 0.006050 163 163 163
-0.017707 -0.000065 0.006048 163 163 163
-0.017672 -0.000065 0.006036 163 163 163
-0.017707 -0.000065 0.006048 163 163 163
-0.017624 -0.000065 0.006020 163 163 163
-0.017624 -0.000065 0.006020 163 163 163
-0.017630 -0.000065 0.006022 163 163 163
-0.017952 -0.000067 0.006132 164 164 164
-0.017952 -0.000067 0.006132 163 163 163
-0.017752 -0.000066 0.006065 164 164 164
-0.017674 -0.000065 0.006038 164 164 164
-0.017674 -0.000065 0.006038 164 164 164
-0.017681 -0.000065 0.006041 164 164 164
-0.017752 -0.000066 0.006065 164 164 164
-0.017766 -0.000066 0.006070 164 164 164
-0.017811 -0.000066 0.006086 164 164 164
-0.017819 -0.000066 0.006088 164 164 164
-0.017781 -0.000066 0.006075 164 164 164
-0.017751 -0.000066 0.006065 164 164 164
-0.017736 -0.000065 0.006060 164 164 164
-0.017729 -0.000065 0.006058 165 165 165
-0.017693 -0.000065 0.006046 164 164 164
-0.017665 -0.000065 0.006036 164 164 164
-0.017658 -0.000065 0.006034 164 164 164
-0.017651 -0.000065 0.006031 164 164 164
-0.017644 -0.000065 0.006029 165 165 165
-0.017644 -0.000065 0.006029 165 165 165
-0.017637 -0.000065 0.006027 165 165 165
-0.017637 -0.000065 0.006027 164 164 164
-0.017637 -0.000065 0.006027 164 164 164
-0.017637 -0.000065 0.006027 164 164 164
-0.017871 -0.000067 0.006107 165 165 165
-0.017824 -0.000066 0.006091 164 164 164
-0.017778 -0.000066 0.006075 165 165 165
-0.017763 -0.000066 0.006070 164 164 164
-0.017763 -0.000066 0.006070 164 164 164
-0.017755 -0.000066 0.006068 165 165 165
-0.017747 -0.000066 0.006065 165 165 165
-0.017716 -0.000065 0.006055 165 165 165
-0.017667 -0.000065 0.006038 165 165 165
-0.017646 -0.000065 0.006031 165 165 165
-0.017639 -0.000065 0.006029 165 165 165
-0.017632 -0.000065 0.006027 165 165 165
-0.017632 -0.000065 0.006027 166 166 166
-0.017773 -0.000066 0.006075 165 165 165
-0.017758 -0.000066 0.006070 165 165 165
-0.017758 -0.000066 0.006070 165 165 165
-0.017758 -0.000066 0.006070 166 166 166
-0.017637 -0.000065 0.006029 166 166 166
-0.017630 -0.000065 0.006027 166 166 166
-0.017630 -0.000065 0.006027 166 166 166
-0.017623 -0.000065 0.006024 166 166 166
-0.017623 -0.000065 0.006024 166 166 166
-0.017623 -0.000065 0.006024 166 166 166
-0.017616 -0.000065 0.006022 166 166 166
-0.017622 -0.000065 0.006024 166 166 166
-0.017627 -0.000065 0.006027 166 166 166
-0.017627 -0.000065 0.006027 166 166 166
-0.017627 -0.000065 0.006027 166 166 166
-0.018477 -0.000072 0.006321 167 167 167
-0.018477 -0.000072 0.006321 168 168 168
-0.018477 -0.000072 0.006321 167 167 167
-0.018465 -0.000072 0.006317 167 167 167
-0.018464 -0.000072 0.006317 167 167 167
-0.018452 -0.000072 0.006313 167 167 167
-0.018452 -0.000072 0.006313 167 167 167
-0.260996 -0.002066 0.089795 168 168 168
-0.260980 -0.002066 0.089795 168 168 168
-0.017674 -0.000065 0.006036 163 163 163
-0.017653 -0.000065 0.006029 163 163 163
-0.017653 -0.000065 0.006029 163 163 163
-0.017640 -0.000064 0.006024 163 163 163
-0.017639 -0.000064 0.006024 162 162 162
-0.017722 -0.000065 0.006053 163 163 163
-0.017672 -0.000065 0.006036 163 163 163
-0.017665 -0.000065 0.006034 163 163 163
-0.017652 -0.000065 0.006029 163 163 163
-0.017672 -0.000065 0.006036 163 163 163
-0.017637 -0.000064 0.006024 163 163 163
-0.017624 -0.000064 0.006020 163 163 163
-0.017624 -0.000064 0.006020 163 163 163
-0.017630 -0.000064 0.006022 163 163 163
-0.017644 -0.000065 0.006027 163 163 163
-0.017936 -0.000067 0.006126 163 163 163
-0.017935 -0.000067 0.006126 164 164 164
-0.017952 -0.000067 0.006132 164 164 164
-0.017969 -0.000067 0.006138 163 163 163
-0.017960 -0.000067 0.006135 164 164 164
-0.017943 -0.000067 0.006129 164 164 164
-0.017918 -0.000067 0.006121 163 163 163
-0.017885 -0.000066 0.006110 163 163 163
-0.017885 -0.000066 0.006110 164 164 164
-0.018001 -0.000067 0.006150 164 164 164
-0.017667 -0.000065 0.006036 164 164 164
-0.017667 -0.000065 0.006036 164 164 164
-0.017667 -0.000065 0.006036 164 164 164
-0.017752 -0.000065 0.006065 164 164 164
-0.017796 -0.000066 0.006080 164 164 164
-0.017811 -0.000066 0.006086 164 164 164
-0.017827 -0.000066 0.006091 164 164 164
-0.017819 -0.000066 0.006088 164 164 164
-0.017766 -0.000066 0.006070 164 164 164
-0.017743 -0.000065 0.006063 164 164 164
-0.017729 -0.000065 0.006058 164 164 164
-0.017700 -0.000065 0.006048 164 164 164
-0.017665 -0.000065 0.006036 164 164 164
-0.017658 -0.000065 0.006034 164 164 164
-0.017651 -0.000065 0.006031 164 164 164
-0.017651 -0.000065 0.006031 164 164 164
-0.017651 -0.000065 0.006031 165 165 165
-0.017644 -0.000065 0.006029 165 165 165
-0.017637 -0.000065 0.006027 164 164 164
-0.017637 -0.000065 0.006027 164 164 164
-0.017637 -0.000065 0.006027 164 164 164
-0.017871 -0.000066 0.006107 165 165 165
-0.017855 -0.000066 0.006101 165 165 165
-0.017839 -0.000066 0.006096 165 165 165
-0.017839 -0.000066 0.006096 165 165 165
-0.017846 -0.000066 0.006099 165 165 165
-0.017987 -0.000067 0.006147 165 165 165
-0.017660 -0.000065 0.006036 165 165 165
-0.017646 -0.000065 0.006031 165 165 165
-0.017639 -0.000065 0.006029 165 165 165
-0.017632 -0.000065 0.006027 165 165 165
-0.017803 -0.000066 0.006086 165 165 165
-0.017758 -0.000066 0.006070 165 165 165
-0.017758 -0.000066 0.006070 166 166 166
-0.017629 -0.000065 0.006027 166 166 166
-0.017629 -0.000065 0.006027 166 166 166
-0.017616 -0.000064 0.006022 166 166 166
-0.017629 -0.000065 0.006027 166 166 166
-0.017945 -0.000067 0.006135 166 166 166
-0.017936 -0.000067 0.006132 166 166 166
-0.017944 -0.000067 0.006135 166 166 166
-0.017952 -0.000067 0.006138 166 166 166
-0.017958 -0.000067 0.006141 167 167 167
-0.017958 -0.000067 0.006141 167 167 167
-0.017958 -0.000067 0.006141 167 167 167
-0.017958 -0.000067 0.006141 167 167 167
-0.017949 -0.000067 0.006138 166 166 166
-0.017949 -0.000067 0.006138 167 167 167
-0.017948 -0.000067 0.006138 167 167 167
-0.018489 -0.000072 0.006325 167 167 167
-0.018477 -0.000071 0.006321 167 167 167
-0.018477 -0.000071 0.006321 167 167 167
-0.260996 -0.002050 0.089795 168 168 168
-0.260980 -0.002050 0.089795 168 168 168
-0.017875 -0.000066 0.006104 162 162 162
-0.017731 -0.000065 0.006055 162 162 162
-0.017667 -0.000065 0.006034 162 162 162
-0.017667 -0.000065 0.006034 162 162 162
-0.017667 -0.000065 0.006034 163 163 163
-0.017660 -0.000064 0.006031 163 163 163
-0.017660 -0.000064 0.006031 163 163 163
-0.017660 -0.000064 0.006031 163 163 163
-0.017700 -0.000065 0.006046 163 163 163
-0.017659 -0.000064 0.006031 163 163 163
-0.017645 -0.000064 0.006027 163 163 163
-0.017645 -0.000064 0.006027 163 163 163
-0.017645 -0.000064 0.006027 163 163 163
-0.017645 -0.000064 0.006027 163 163 163
-0.017644 -0.000064 0.006027 163 163 163
-0.017637 -0.000064 0.006024 163 163 163
-0.017637 -0.000064 0.006024 163 163 163
-0.017637 -0.000064 0.006024 163 163 163
-0.017637 -0.000064 0.006024 163 163 163
-0.017650 -0.000064 0.006029 163 163 163
-0.017969 -0.000067 0.006138 163 163 163
-0.017952 -0.000067 0.006132 164 164 164
-0.017969 -0.000067 0.006138 164 164 164
-0.017969 -0.000067 0.006138 163 163 163
-0.017952 -0.000067 0.006132 163 163 163
-0.017918 -0.000067 0.006121 164 164 164
-0.017885 -0.000066 0.006110 163 163 163
-0.017885 -0.000066 0.006110 163 163 163
-0.017869 -0.000066 0.006104 164 164 164
-0.017869 -0.000066 0.006104 164 164 164
-0.017660 -0.000065 0.006034 164 164 164
-0.017660 -0.000065 0.006034 164 164 164
-0.017667 -0.000065 0.006036 164 164 164
-0.017789 -0.000066 0.006078 164 164 164
-0.017812 -0.000066 0.006086 164 164 164
-0.017835 -0.000066 0.006093 164 164 164
-0.017834 -0.000066 0.006093 164 164 164
-0.017827 -0.000066 0.006091 164 164 164
-0.017766 -0.000065 0.006070 164 164 164
-0.017743 -0.000065 0.006063 164 164 164
-0.017707 -0.000065 0.006050 164 164 164
-0.017700 -0.000065 0.006048 164 164 164
-0.017665 -0.000065 0.006036 164 164 164
-0.017658 -0.000065 0.006034 164 164 164
-0.017651 -0.000064 0.006031 164 164 164
-0.017651 -0.000064 0.006031 164 164 164
-0.017651 -0.000064 0.006031 164 164 164
-0.017651 -0.000064 0.006031 164 164 164
-0.017650 -0.000064 0.006031 164 164 164
-0.017644 -0.000064 0.006029 164 164 164
-0.017643 -0.000064 0.006029 164 164 164
-0.017650 -0.000064 0.006031 164 164 164
-0.017871 -0.000066 0.006107 165 165 165
-0.017871 -0.000066 0.006107 165 165 165
-0.017855 -0.000066 0.006101 165 165 165
-0.017855 -0.000066 0.006101 165 165 165
-0.018004 -0.000067 0.006153 165 165 165
-0.017653 -0.000065 0.006034 165 165 165
-0.017646 -0.000064 0.006031 165 165 165
-0.017639 -0.000064 0.006029 165 165 165
-0.017639 -0.000064 0.006029 165 165 165
-0.017811 -0.000066 0.006088 166 166 166
-0.017803 -0.000066 0.006086 166 166 166
-0.017629 -0.000064 0.006027 166 166 166
-0.017629 -0.000064 0.006027 166 166 166
-0.017629 -0.000064 0.006027 166 166 166
-0.017629 -0.000064 0.006027 166 166 166
-0.017945 -0.000067 0.006135 166 166 166
-0.017936 -0.000067 0.006132 166 166 166
-0.017944 -0.000067 0.006135 166 166 166
-0.017952 -0.000067 0.006138 166 166 166
-0.017969 -0.000067 0.006144 166 166 166
-0.017633 -0.000064 0.006029 166 166 166
-0.017633 -0.000064 0.006029 166 166 166
-0.017984 -0.000067 0.006150 166 166 166
-0.017967 -0.000067 0.006144 166 166 166
-0.017958 -0.000067 0.006141 166 166 166
-0.017958 -0.000067 0.006141 166 166 166
-0.017958 -0.000067 0.006141 167 167 167
-0.017958 -0.000067 0.006141 167 167 167
-0.017958 -0.000067 0.006141 166 166 166
-0.017949 -0.000067 0.006138 166 166 166
-0.017949 -0.000067 0.006138 167 167 167
-0.017948 -0.000067 0.006138 167 167 167
-0.017629 -0.000064 0.006029 167 167 167
-0.017622 -0.000064 0.006027 167 167 167
-0.017622 -0.000064 0.006027 167 167 167
-0.017980 -0.000067 0.006150 167 167 167
-0.017954 -0.000067 0.006141 167 167 167
-0.017954 -0.000067 0.006141 167 167 167
-0.017953 -0.000067 0.006141 167 167 167
-0.017928 -0.000067 0.006132 167 167 167
-0.260996 -0.002035 0.089795 168 168 168
-0.260980 -0.002035 0.089795 168 168 168
-0.017668 -0.000064 0.006034 162 162 162
-0.017668 -0.000064 0.006034 162 162 162
-0.017661 -0.000064 0.006031 162 162 162
-0.017674 -0.000064 0.006036 163 163 163
-0.017674 -0.000064 0.006036 163 163 163
-0.017667 -0.000064 0.006034 163 163 163
-0.017667 -0.000064 0.006034 163 163 163
-0.017667 -0.000064 0.006034 163 163 163
-0.017729 -0.000065 0.006055 163 163 163
-0.017673 -0.000064 0.006036 163 163 163
-0.017645 -0.000064 0.006027 163 163 163
-0.017645 -0.000064 0.006027 163 163 163
-0.017638 -0.000064 0.006024 163 163 163
-0.017645 -0.000064 0.006027 163 163 163
-0.017638 -0.000064 0.006024 163 163 163
-0.017644 -0.000064 0.006027 163 163 163
-0.017644 -0.000064 0.006027 163 163 163
-0.017644 -0.000064 0.006027 163 163 163
-0.017644 -0.000064 0.006027 163 163 163
-0.017644 -0.000064 0.006027 163 163 163
-0.017650 -0.000064 0.006029 163 163 163
-0.017969 -0.000067 0.006138 163 163 163
-0.017969 -0.000067 0.006138 163 163 163
-0.017969 -0.000067 0.006138 163 163 163
-0.017969 -0.000067 0.006138 163 163 163
-0.017960 -0.000067 0.006135 163 163 163
-0.017918 -0.000066 0.006121 163 163 163
-0.017885 -0.000066 0.006110 163 163 163
-0.017877 -0.000066 0.006107 164 164 164
-0.017869 -0.000066 0.006104 164 164 164
-0.017861 -0.000066 0.006101 163 163 163
-0.017660 -0.000064 0.006034 164 164 164
-0.017653 -0.000064 0.006031 164 164 164
-0.017660 -0.000064 0.006034 164 164 164
-0.017797 -0.000065 0.006080 164 164 164
-0.017940 -0.000067 0.006129 164 164 164
-0.017866 -0.000066 0.006104 164 164 164
-0.017842 -0.000066 0.006096 164 164 164
-0.017751 -0.000065 0.006065 164 164 164
-0.017715 -0.000065 0.006053 164 164 164
-0.017700 -0.000065 0.006048 164 164 164
-0.017679 -0.000065 0.006041 164 164 164
-0.017665 -0.000064 0.006036 164 164 164
-0.017651 -0.000064 0.006031 164 164 164
-0.017651 -0.000064 0.006031 164 164 164
-0.017651 -0.000064 0.006031 164 164 164
-0.017651 -0.000064 0.006031 164 164 164
-0.017651 -0.000064 0.006031 164 164 164
-0.017657 -0.000064 0.006034 164 164 164
-0.017650 -0.000064 0.006031 164 164 164
-0.017650 -0.000064 0.006031 164 164 164
-0.017650 -0.000064 0.006031 164 164 164
-0.017871 -0.000066 0.006107 164 164 164
-0.017996 -0.000067 0.006150 164 164 164
-0.017995 -0.000067 0.006150 164 164 164
-0.018004 -0.000067 0.006153 165 165 165
-0.018004 -0.000067 0.006153 165 165 165
-0.017660 -0.000064 0.006036 165 165 165
-0.017653 -0.000064 0.006034 165 165 165
-0.017653 -0.000064 0.006034 165 165 165
-0.017646 -0.000064 0.006031 165 165 165
-0.017652 -0.000064 0.006034 165 165 165
-0.017758 -0.000065 0.006070 165 165 165
-0.017735 -0.000065 0.006063 165 165 165
-0.017636 -0.000064 0.006029 165 165 165
-0.017629 -0.000064 0.006027 166 166 166
-0.017629 -0.000064 0.006027 166 166 166
-0.017629 -0.000064 0.006027 166 166 166
-0.017970 -0.000067 0.006144 165 165 165
-0.017970 -0.000067 0.006144 166 166 166
-0.017970 -0.000067 0.006144 166 166 166
-0.017969 -0.000067 0.006144 166 166 166
-0.017987 -0.000067 0.006150 166 166 166
-0.017640 -0.000064 0.006031 166 166 166
-0.017640 -0.000064 0.006031 166 166 166
-0.017640 -0.000064 0.006031 166 166 166
-0.017967 -0.000067 0.006144 166 166 166
-0.017967 -0.000067 0.006144 166 166 166
-0.017967 -0.000067 0.006144 166 166 166
-0.017967 -0.000067 0.006144 166 166 166
-0.017958 -0.000067 0.006141 166 166 166
-0.017958 -0.000067 0.006141 166 166 166
-0.017949 -0.000067 0.006138 166 166 166
-0.017949 -0.000067 0.006138 166 166 166
-0.017949 -0.000067 0.006138 167 167 167
-0.017636 -0.000064 0.006031 166 166 166
-0.017629 -0.000064 0.006029 167 167 167
-0.017622 -0.000064 0.006027 167 167 167
-0.017622 -0.000064 0.006027 167 167 167
-0.017622 -0.000064 0.006027 167 167 167
-0.017989 -0.000067 0.006153 167 167 167
-0.017989 -0.000067 0.006153 167 167 167
-0.017954 -0.000067 0.006141 167 167 167
-0.017945 -0.000067 0.006138 167 167 167
-0.017937 -0.000067 0.006135 167 167 167
-0.017928 -0.000067 0.006132 167 167 167
-0.017878 -0.000066 0.006115 167 167 167
-0.017878 -0.000066 0.006115 167 167 167
-0.017870 -0.000066 0.006112 167 167 167
-0.017985 -0.000067 0.006153 167 167 167
-0.260996 -0.002019 0.089795 168 168 168
-0.017900 -0.000066 0.006112 162 162 162
-0.017900 -0.000066 0.006112 162 162 162
-0.017975 -0.000067 0.006138 162 162 162
-0.017767 -0.000065 0.006068 162 162 162
-0.017668 -0.000064 0.006034 162 162 162
-0.017667 -0.000064 0.006034 162 162 162
-0.017667 -0.000064 0.006034 162 162 162
-0.017667 -0.000064 0.006034 162 162 162
-0.017674 -0.000064 0.006036 162 162 162
-0.017680 -0.000064 0.006038 162 162 162
-0.017729 -0.000065 0.006055 163 163 163
-0.017673 -0.000064 0.006036 163 163 163
-0.017645 -0.000064 0.006027 163 163 163
-0.017645 -0.000064 0.006027 163 163 163
-0.017645 -0.000064 0.006027 163 163 163
-0.017645 -0.000064 0.006027 163 163 163
-0.017645 -0.000064 0.006027 163 163 163
-0.017644 -0.000064 0.006027 163 163 163
-0.017644 -0.000064 0.006027 163 163 163
-0.017644 -0.000064 0.006027 163 163 163
-0.017651 -0.000064 0.006029 163 163 163
-0.017650 -0.000064 0.006029 163 163 163
-0.017664 -0.000064 0.006034 163 163 163
-0.017969 -0.000067 0.006138 163 163 163
-0.017969 -0.000067 0.006138 163 163 163
-0.017978 -0.000067 0.006141 163 163 163
-0.017977 -0.000067 0.006141 163 163 163
-0.017960 -0.000067 0.006135 163 163 163
-0.017902 -0.000066 0.006115 163 163 163
-0.017877 -0.000066 0.006107 163 163 163
-0.017869 -0.000066 0.006104 163 163 163
-0.017869 -0.000066 0.006104 163 163 163
-0.017853 -0.000066 0.006099 163 163 163
-0.017876 -0.000066 0.006107 163 163 163
-0.017660 -0.000064 0.006034 164 164 164
-0.017883 -0.000066 0.006110 164 164 164
-0.017883 -0.000066 0.006110 164 164 164
-0.017940 -0.000066 0.006129 164 164 164
-0.017923 -0.000066 0.006124 164 164 164
-0.017874 -0.000066 0.006107 164 164 164
-0.017751 -0.000065 0.006065 164 164 164
-0.017729 -0.000065 0.006058 164 164 164
-0.017700 -0.000065 0.006048 164 164 164
-0.017679 -0.000064 0.006041 164 164 164
-0.017658 -0.000064 0.006034 164 164 164
-0.017651 -0.000064 0.006031 164 164 164
-0.017651 -0.000064 0.006031 164 164 164
-0.017651 -0.000064 0.006031 164 164 164
-0.017658 -0.000064 0.006034 164 164 164
-0.017657 -0.000064 0.006034 164 164 164
-0.017657 -0.000064 0.006034 164 164 164
-0.017657 -0.000064 0.006034 164 164 164
-0.017657 -0.000064 0.006034 164 164 164
-0.017657 -0.000064 0.006034 164 164 164
-0.017670 -0.000064 0.006038 164 164 164
-0.017978 -0.000067 0.006144 164 164 164
-0.017995 -0.000067 0.006150 164 164 164
-0.017995 -0.000067 0.006150 165 165 165
-0.018004 -0.000067 0.006153 165 165 165
-0.017653 -0.000064 0.006034 165 165 165
-0.017653 -0.000064 0.006034 165 165 165
-0.017653 -0.000064 0.006034 165 165 165
-0.017652 -0.000064 0.006034 165 165 165
-0.017758 -0.000065 0.006070 165 165 165
-0.017735 -0.000065 0.006063 165 165 165
-0.017757 -0.000065 0.006070 165 165 165
-0.017643 -0.000064 0.006031 165 165 165
-0.017629 -0.000064 0.006027 166 166 166
-0.017643 -0.000064 0.006031 166 166 166
-0.017979 -0.000067 0.006147 166 166 166
-0.017970 -0.000067 0.006144 165 165 165
-0.017970 -0.000067 0.006144 166 166 166
-0.017970 -0.000067 0.006144 166 166 166
-0.017978 -0.000067 0.006147 166 166 166
-0.017978 -0.000067 0.006147 166 166 166
-0.017995 -0.000067 0.006153 166 166 166
-0.017647 -0.000064 0.006034 166 166 166
-0.017640 -0.000064 0.006031 166 166 166
-0.017967 -0.000067 0.006144 166 166 166
-0.017967 -0.000067 0.006144 166 166 166
-0.017967 -0.000067 0.006144 166 166 166
-0.017967 -0.000067 0.006144 166 166 166
-0.017967 -0.000067 0.006144 166 166 166
-0.017958 -0.000067 0.006141 166 166 166
-0.017958 -0.000067 0.006141 166 166 166
-0.017949 -0.000067 0.006138 166 166 166
-0.017949 -0.000067 0.006138 166 166 166
-0.017949 -0.000067 0.006138 166 166 166
-0.017629 -0.000064 0.006029 167 167 167
-0.017629 -0.000064 0.006029 167 167 167
-0.017622 -0.000064 0.006027 167 167 167
-0.017989 -0.000067 0.006153 167 167 167
-0.017989 -0.000067 0.006153 167 167 167
-0.017954 -0.000067 0.006141 166 166 166
-0.017945 -0.000067 0.006138 167 167 167
-0.017928 -0.000066 0.006132 167 167 167
-0.017903 -0.000066 0.006124 167 167 167
-0.017870 -0.000066 0.006112 167 167 167
-0.017870 -0.000066 0.006112 167 167 167
-0.017870 -0.000066 0.006112 167 167 167
-0.017886 -0.000066 0.006118 167 167 167
-0.017985 -0.000067 0.006153 168 168 168
-0.017976 -0.000067 0.006150 168 168 168
-0.017976 -0.000067 0.006150 168 168 168
-0.017983 -0.000067 0.006141 162 162 162
-0.017983 -0.000067 0.006141 162 162 162
-0.017738 -0.000065 0.006058 162 162 162
-0.017688 -0.000064 0.006041 162 162 162
-0.017681 -0.000064 0.006038 163 163 163
-0.017674 -0.000064 0.006036 162 162 162
-0.017681 -0.000064 0.006038 162 162 162
-0.017680 -0.000064 0.006038 162 162 162
-0.017729 -0.000065 0.006055 162 162 162
-0.017673 -0.000064 0.006036 163 163 163
-0.017666 -0.000064 0.006034 163 163 163
-0.017645 -0.000064 0.006027 163 163 163
-0.017645 -0.000064 0.006027 163 163 163
-0.017645 -0.000064 0.006027 163 163 163
-0.017644 -0.000064 0.006027 163 163 163
-0.017644 -0.000064 0.006027 163 163 163
-0.017713 -0.000064 0.006050 163 163 163
-0.017713 -0.000064 0.006050 163 163 163
-0.017713 -0.000064 0.006050 163 163 163
-0.017995 -0.000067 0.006147 163 163 163
-0.017978 -0.000067 0.006141 163 163 163
-0.017995 -0.000067 0.006147 163 163 163
-0.017995 -0.000067 0.006147 163 163 163
-0.017960 -0.000066 0.006135 163 163 163
-0.017902 -0.000066 0.006115 163 163 163
-0.017885 -0.000066 0.006110 163 163 163
-0.017869 -0.000066 0.006104 163 163 163
-0.017869 -0.000066 0.006104 163 163 163
-0.017845 -0.000065 0.006096 163 163 163
-0.017845 -0.000065 0.006096 163 163 163
-0.017982 -0.000067 0.006144 164 164 164
-0.017923 -0.000066 0.006124 164 164 164
-0.017923 -0.000066 0.006124 164 164 164
-0.017850 -0.000066 0.006099 163 163 163
-0.017729 -0.000065 0.006058 164 164 164
-0.017693 -0.000064 0.006046 164 164 164
-0.017679 -0.000064 0.006041 164 164 164
-0.017658 -0.000064 0.006034 164 164 164
-0.017651 -0.000064 0.006031 164 164 164
-0.017658 -0.000064 0.006034 164 164 164
-0.017658 -0.000064 0.006034 164 164 164
-0.017664 -0.000064 0.006036 164 164 164
-0.017671 -0.000064 0.006038 164 164 164
-0.017671 -0.000064 0.006038 164 164 164
-0.017671 -0.000064 0.006038 164 164 164
-0.017678 -0.000064 0.006041 164 164 164
-0.017671 -0.000064 0.006038 164 164 164
-0.017670 -0.000064 0.006038 164 164 164
-0.017663 -0.000064 0.006036 164 164 164
-0.018004 -0.000067 0.006153 165 165 165
-0.017996 -0.000067 0.006150 165 165 165
-0.017995 -0.000067 0.006150 164 164 164
-0.018004 -0.000067 0.006153 164 164 164
-0.018004 -0.000067 0.006153 164 164 164
-0.018021 -0.000067 0.006159 164 164 164
-0.017660 -0.000064 0.006036 165 165 165
-0.017666 -0.000064 0.006038 165 165 165
-0.017659 -0.000064 0.006036 165 165 165
-0.017652 -0.000064 0.006034 165 165 165
-0.017974 -0.000067 0.006144 165 165 165
-0.017974 -0.000067 0.006144 165 165 165
-0.017841 -0.000066 0.006099 165 165 165
-0.017757 -0.000065 0.006070 165 165 165
-0.017997 -0.000067 0.006153 165 165 165
-0.017996 -0.000067 0.006153 166 166 166
-0.017996 -0.000067 0.006153 166 166 166
-0.017996 -0.000067 0.006153 165 165 165
-0.017970 -0.000067 0.006144 166 166 166
-0.017978 -0.000067 0.006147 166 166 166
-0.017978 -0.000067 0.006147 166 166 166
-0.017987 -0.000067 0.006150 166 166 166
-0.018004 -0.000067 0.006156 166 166 166
-0.017976 -0.000067 0.006147 166 166 166
-0.017976 -0.000067 0.006147 166 166 166
-0.017976 -0.000067 0.006147 166 166 166
-0.017967 -0.000067 0.006144 166 166 166
-0.017967 -0.000067 0.006144 166 166 166
-0.017966 -0.000067 0.006144 166 166 166
-0.017958 -0.000067 0.006141 166 166 166
-0.017949 -0.000066 0.006138 166 166 166
-0.017949 -0.000066 0.006138 166 166 166
-0.017949 -0.000066 0.006138 166 166 166
-0.018186 -0.000068 0.006220 166 166 166
-0.017989 -0.000067 0.006153 167 167 167
-0.017937 -0.000066 0.006135 167 167 167
-0.017937 -0.000066 0.006135 167 167 167
-0.017920 -0.000066 0.006129 167 167 167
-0.017903 -0.000066 0.006124 167 167 167
-0.017870 -0.000066 0.006112 167 167 167
-0.017870 -0.000066 0.006112 167 167 167
-0.017886 -0.000066 0.006118 167 167 167
-0.017886 -0.000066 0.006118 167 167 167
-0.017994 -0.000067 0.006156 167 167 167
-0.017985 -0.000067 0.006153 167 167 167
-0.017985 -0.000067 0.006153 167 167 167
-0.018002 -0.000067 0.006159 167 167 167
-0.260996 -0.001988 0.089795 168 168 168
-0.260980 -0.001988 0.089795 168 168 168
-0.017983 -0.000066 0.006141 162 162 162
-0.017974 -0.000066 0.006138 162 162 162
-0.017775 -0.000065 0.006070 162 162 162
-0.017738 -0.000064 0.006058 162 162 162
-0.017681 -0.000064 0.006038 162 162 162
-0.017681 -0.000064 0.006038 162 162 162
-0.017681 -0.000064 0.006038 162 162 162
-0.018117 -0.000067 0.006187 162 162 162
-0.018145 -0.000068 0.006197 162 162 162
-0.018145 -0.000068 0.006197 162 162 162
-0.017729 -0.000064 0.006055 162 162 162
-0.017673 -0.000064 0.006036 162 162 162
-0.017673 -0.000064 0.006036 162 162 162
-0.017645 -0.000064 0.006027 162 162 162
-0.017645 -0.000064 0.006027 163 163 163
-0.017652 -0.000064 0.006029 163 163 163
-0.017651 -0.000064 0.006029 163 163 163
-0.017631 -0.000064 0.006022 163 163 163
-0.017651 -0.000064 0.006029 163 163 163
-0.017764 -0.000065 0.006068 163 163 163
-0.017764 -0.000065 0.006068 163 163 163
-0.018022 -0.000067 0.006156 163 163 163
-0.018104 -0.000067 0.006184 163 163 163
-0.017995 -0.000066 0.006147 163 163 163
-0.017893 -0.000066 0.006112 163 163 163
-0.017877 -0.000066 0.006107 163 163 163
-0.017869 -0.000065 0.006104 163 163 163
-0.017869 -0.000065 0.006104 163 163 163
-0.018120 -0.000067 0.006190 163 163 163
-0.018044 -0.000067 0.006165 164 164 164
-0.017982 -0.000066 0.006144 164 164 164
-0.018044 -0.000067 0.006165 163 163 163
-0.017882 -0.000066 0.006110 163 163 163
-0.017729 -0.000064 0.006058 164 164 164
-0.017679 -0.000064 0.006041 164 164 164
-0.017665 -0.000064 0.006036 164 164 164
-0.017658 -0.000064 0.006034 164 164 164
-0.017651 -0.000064 0.006031 164 164 164
-0.017665 -0.000064 0.006036 164 164 164
-0.017665 -0.000064 0.006036 164 164 164
-0.017664 -0.000064 0.006036 164 164 164
-0.017671 -0.000064 0.006038 164 164 164
-0.017685 -0.000064 0.006043 164 164 164
-0.017685 -0.000064 0.006043 164 164 164
-0.017720 -0.000064 0.006055 164 164 164
-0.017720 -0.000064 0.006055 164 164 164
-0.017663 -0.000064 0.006036 164 164 164
-0.017656 -0.000064 0.006034 164 164 164
-0.018013 -0.000067 0.006156 165 165 165
-0.018004 -0.000067 0.006153 164 164 164
-0.018004 -0.000067 0.006153 164 164 164
-0.018004 -0.000067 0.006153 164 164 164
-0.018021 -0.000067 0.006159 164 164 164
-0.018021 -0.000067 0.006159 165 165 165
-0.018113 -0.000067 0.006190 164 164 164
-0.017667 -0.000064 0.006038 165 165 165
-0.017673 -0.000064 0.006041 165 165 165
-0.017673 -0.000064 0.006041 165 165 165
-0.017966 -0.000066 0.006141 165 165 165
-0.017965 -0.000066 0.006141 165 165 165
-0.017965 -0.000066 0.006141 165 165 165
-0.018023 -0.000067 0.006162 165 165 165
-0.017997 -0.000067 0.006153 165 165 165
-0.017996 -0.000067 0.006153 166 166 166
-0.017996 -0.000067 0.006153 166 166 166
-0.017996 -0.000067 0.006153 166 166 166
-0.017996 -0.000067 0.006153 165 165 165
-0.017996 -0.000067 0.006153 166 166 166
-0.018004 -0.000067 0.006156 165 165 165
-0.018031 -0.000067 0.006165 165 165 165
-0.018031 -0.000067 0.006165 166 166 166
-0.018085 -0.000067 0.006184 166 166 166
-0.018113 -0.000068 0.006193 165 165 165
-0.018131 -0.000068 0.006200 166 166 166
-0.018112 -0.000068 0.006193 166 166 166
-0.017976 -0.000066 0.006147 166 166 166
-0.017984 -0.000067 0.006150 166 166 166
-0.017976 -0.000066 0.006147 166 166 166
-0.017975 -0.000066 0.006147 166 166 166
-0.017975 -0.000066 0.006147 166 166 166
-0.017966 -0.000066 0.006144 166 166 166
-0.017958 -0.000066 0.006141 166 166 166
-0.017949 -0.000066 0.006138 166 166 166
-0.017949 -0.000066 0.006138 166 166 166
-0.017949 -0.000066 0.006138 166 166 166
-0.018187 -0.000068 0.006220 166 166 166
-0.018186 -0.000068 0.006220 166 166 166
-0.018166 -0.000068 0.006213 166 166 166
-0.018166 -0.000068 0.006213 167 167 167
-0.018247 -0.000069 0.006241 167 167 167
-0.017971 -0.000066 0.006147 167 167 167
-0.017937 -0.000066 0.006135 167 167 167
-0.017903 -0.000066 0.006124 167 167 167
-0.017886 -0.000066 0.006118 167 167 167
-0.017886 -0.000066 0.006118 167 167 167
-0.018122 -0.000068 0.006200 167 167 167
-0.018066 -0.000067 0.006180 167 167 167
-0.018002 -0.000067 0.006159 167 167 167
-0.018002 -0.000067 0.006159 167 167 167
-0.018002 -0.000067 0.006159 167 167 167
-0.018093 -0.000067 0.006190 167 167 167
-0.018170 -0.000068 0.006217 168 168 168
-0.018119 -0.000068 0.006200 167 167 167
-0.018100 -0.000068 0.006193 167 167 167
-0.018099 -0.000068 0.006193 167 167 167
-0.018099 -0.000068 0.006193 167 167 167
-0.260996 -0.001973 0.089795 168 168 168
-0.260980 -0.001973 0.089795 168 168 168
-0.017983 -0.000066 0.006141 162 162 162
-0.017899 -0.000065 0.006112 162 162 162
-0.017775 -0.000065 0.006070 162 162 162
-0.017738 -0.000064 0.006058 162 162 162
-0.017681 -0.000064 0.006038 162 162 162
-0.017681 -0.000064 0.006038 162 162 162
-0.017681 -0.000064 0.006038 162 162 162
-0.018165 -0.000068 0.006203 162 162 162
-0.018155 -0.000067 0.006200 162 162 162
-0.018145 -0.000067 0.006197 162 162 162
-0.018145 -0.000067 0.006197 162 162 162
-0.018126 -0.000067 0.006190 162 162 162
-0.017673 -0.000064 0.006036 162 162 162
-0.017659 -0.000064 0.006031 162 162 162
-0.017652 -0.000064 0.006029 162 162 162
-0.017652 -0.000064 0.006029 163 163 163
-0.017631 -0.000063 0.006022 163 163 163
-0.017624 -0.000063 0.006020 163 163 163
-0.017771 -0.000065 0.006070 163 163 163
-0.018123 -0.000067 0.006190 163 163 163
-0.018094 -0.000067 0.006180 163 163 163
-0.018122 -0.000067 0.006190 163 163 163
-0.018141 -0.000067 0.006197 163 163 163
-0.017885 -0.000065 0.006110 163 163 163
-0.018121 -0.000067 0.006190 163 163 163
-0.018109 -0.000067 0.006187 164 164 164
-0.018071 -0.000067 0.006174 164 164 164
-0.018127 -0.000067 0.006193 164 164 164
-0.018127 -0.000067 0.006193 164 164 164
-0.017693 -0.000064 0.006046 164 164 164
-0.017672 -0.000064 0.006038 164 164 164
-0.017665 -0.000064 0.006036 163 163 163
-0.017651 -0.000064 0.006031 164 164 164
-0.017651 -0.000064 0.006031 164 164 164
-0.017665 -0.000064 0.006036 164 164 164
-0.017665 -0.000064 0.006036 164 164 164
-0.017678 -0.000064 0.006041 164 164 164
-0.017706 -0.000064 0.006050 164 164 164
-0.017706 -0.000064 0.006050 164 164 164
-0.017706 -0.000064 0.006050 164 164 164
-0.017720 -0.000064 0.006055 164 164 164
-0.017713 -0.000064 0.006053 164 164 164
-0.017657 -0.000064 0.006034 164 164 164
-0.017656 -0.000064 0.006034 164 164 164
-0.018049 -0.000067 0.006168 164 164 164
-0.018013 -0.000066 0.006156 164 164 164
-0.018022 -0.000067 0.006159 164 164 164
-0.018030 -0.000067 0.006162 164 164 164
-0.018048 -0.000067 0.006168 164 164 164
-0.018048 -0.000067 0.006168 164 164 164
-0.018122 -0.000067 0.006193 164 164 164
-0.018141 -0.000067 0.006200 164 164 164
-0.018141 -0.000067 0.006200 164 164 164
-0.018141 -0.000067 0.006200 164 164 164
-0.018140 -0.000067 0.006200 164 164 164
-0.017667 -0.000064 0.006038 164 164 164
-0.018018 -0.000067 0.006159 165 165 165
-0.017983 -0.000066 0.006147 165 165 165
-0.017982 -0.000066 0.006147 165 165 165
-0.018096 -0.000067 0.006187 165 165 165
-0.018023 -0.000067 0.006162 165 165 165
-0.018041 -0.000067 0.006168 165 165 165
-0.018023 -0.000067 0.006162 166 166 166
-0.018040 -0.000067 0.006168 166 166 166
-0.018068 -0.000067 0.006177 166 166 166
-0.018114 -0.000067 0.006193 166 166 166
-0.018104 -0.000067 0.006190 165 165 165
-0.018104 -0.000067 0.006190 165 165 165
-0.018085 -0.000067 0.006184 165 165 165
-0.018094 -0.000067 0.006187 165 165 165
-0.018104 -0.000067 0.006190 165 165 165
-0.018113 -0.000067 0.006193 166 166 166
-0.018113 -0.000067 0.006193 166 166 166
-0.018122 -0.000067 0.006197 166 166 166
-0.018122 -0.000067 0.006197 166 166 166
-0.018112 -0.000067 0.006193 166 166 166
-0.018112 -0.000067 0.006193 166 166 166
-0.018020 -0.000067 0.006162 166 166 166
-0.018038 -0.000067 0.006168 166 166 166
-0.017993 -0.000066 0.006153 166 166 166
-0.017993 -0.000066 0.006153 166 166 166
-0.017993 -0.000066 0.006153 166 166 166
-0.017992 -0.000066 0.006153 166 166 166
-0.017984 -0.000066 0.006150 166 166 166
-0.017958 -0.000066 0.006141 166 166 166
-0.017966 -0.000066 0.006144 166 166 166
-0.017983 -0.000066 0.006150 166 166 166
-0.018147 -0.000068 0.006206 166 166 166
-0.018157 -0.000068 0.006210 166 166 166
-0.018167 -0.000068 0.006213 166 166 166
-0.018166 -0.000068 0.006213 166 166 166
-0.018166 -0.000068 0.006213 166 166 166
-0.018176 -0.000068 0.006217 166 166 166
-0.018226 -0.000068 0.006234 166 166 166
-0.018226 -0.000068 0.006234 167 167 167
-0.018205 -0.000068 0.006227 167 167 167
-0.018136 -0.000068 0.006203 167 167 167
-0.018103 -0.000067 0.006193 167 167 167
-0.018065 -0.000067 0.006180 167 167 167
-0.018084 -0.000067 0.006187 167 167 167
-0.018093 -0.000067 0.006190 167 167 167
-0.018121 -0.000067 0.006200 167 167 167
-0.018140 -0.000068 0.006206 167 167 167
-0.018160 -0.000068 0.006213 167 167 167
-0.018159 -0.000068 0.006213 167 167 167
-0.018140 -0.000068 0.006206 168 168 168
-0.018111 -0.000067 0.006197 167 167 167
-0.018128 -0.000068 0.006203 167 167 167
-0.018109 -0.000067 0.006197 167 167 167
-0.018099 -0.000067 0.006193 167 167 167
-0.018109 -0.000067 0.006197 167 167 167
-0.018127 -0.000068 0.006203 167 167 167
-0.260996 -0.001957 0.089795 168 168 168
-0.017941 -0.000066 0.006126 162 162 162
-0.017916 -0.000065 0.006118 162 162 162
-0.017883 -0.000065 0.006107 162 162 162
-0.017775 -0.000064 0.006070 162 162 162
-0.017738 -0.000064 0.006058 162 162 162
-0.017654 -0.000063 0.006029 162 162 162
-0.017653 -0.000063 0.006029 162 162 162
-0.018155 -0.000067 0.006200 162 162 162
-0.018136 -0.000067 0.006193 162 162 162
-0.018126 -0.000067 0.006190 162 162 162
-0.018126 -0.000067 0.006190 162 162 162
-0.017638 -0.000063 0.006024 163 163 163
-0.017579 -0.000063 0.006004 162 162 162
-0.017579 -0.000063 0.006004 163 163 163
-0.017578 -0.000063 0.006004 163 163 163
-0.018095 -0.000067 0.006180 163 163 163
-0.018095 -0.000067 0.006180 163 163 163
-0.018094 -0.000067 0.006180 163 163 163
-0.018113 -0.000067 0.006187 163 163 163
-0.018094 -0.000067 0.006180 163 163 163
-0.018140 -0.000067 0.006197 163 163 163
-0.018140 -0.000067 0.006197 163 163 163
-0.018139 -0.000067 0.006197 163 163 163
-0.017266 -0.000061 0.005899 163 163 163
-0.018109 -0.000067 0.006187 163 163 163
-0.018108 -0.000067 0.006187 164 164 164
-0.018127 -0.000067 0.006193 164 164 164
-0.017679 -0.000064 0.006041 164 164 164
-0.017665 -0.000064 0.006036 164 164 164
-0.017665 -0.000064 0.006036 164 164 164
-0.017651 -0.000064 0.006031 164 164 164
-0.017679 -0.000064 0.006041 164 164 164
-0.017750 -0.000064 0.006065 164 164 164
-0.017749 -0.000064 0.006065 164 164 164
-0.017735 -0.000064 0.006060 164 164 164
-0.017720 -0.000064 0.006055 164 164 164
-0.017720 -0.000064 0.006055 164 164 164
-0.017720 -0.000064 0.006055 164 164 164
-0.017712 -0.000064 0.006053 164 164 164
-0.018049 -0.000067 0.006168 164 164 164
-0.018040 -0.000066 0.006165 164 164 164
-0.018040 -0.000066 0.006165 164 164 164
-0.018048 -0.000067 0.006168 164 164 164
-0.018076 -0.000067 0.006177 164 164 164
-0.018113 -0.000067 0.006190 164 164 164
-0.018132 -0.000067 0.006197 164 164 164
-0.018131 -0.000067 0.006197 164 164 164
-0.018141 -0.000067 0.006200 164 164 164
-0.018131 -0.000067 0.006197 164 164 164
-0.018140 -0.000067 0.006200 164 164 164
-0.018140 -0.000067 0.006200 164 164 164
-0.018037 -0.000066 0.006165 164 164 164
-0.018045 -0.000067 0.006168 164 164 164
-0.018054 -0.000067 0.006171 165 165 165
-0.018027 -0.000066 0.006162 165 165 165
-0.018000 -0.000066 0.006153 165 165 165
-0.018000 -0.000066 0.006153 165 165 165
-0.018147 -0.000067 0.006203 165 165 165
-0.018146 -0.000067 0.006203 165 165 165
-0.018146 -0.000067 0.006203 165 165 165
-0.018115 -0.000067 0.006193 165 165 165
-0.018087 -0.000067 0.006184 165 165 165
-0.018096 -0.000067 0.006187 165 165 165
-0.018050 -0.000067 0.006171 165 165 165
-0.018096 -0.000067 0.006187 165 165 165
-0.018114 -0.000067 0.006193 165 165 165
-0.018114 -0.000067 0.006193 166 166 166
-0.018114 -0.000067 0.006193 165 165 165
-0.018104 -0.000067 0.006190 165 165 165
-0.018095 -0.000067 0.006187 165 165 165
-0.018094 -0.000067 0.006187 165 165 165
-0.018094 -0.000067 0.006187 165 165 165
-0.018103 -0.000067 0.006190 165 165 165
-0.018113 -0.000067 0.006193 165 165 165
-0.018113 -0.000067 0.006193 166 166 166
-0.018112 -0.000067 0.006193 166 166 166
-0.018093 -0.000067 0.006187 166 166 166
-0.018093 -0.000067 0.006187 166 166 166
-0.018038 -0.000067 0.006168 166 166 166
-0.018038 -0.000067 0.006168 166 166 166
-0.018011 -0.000066 0.006159 166 166 166
-0.018010 -0.000066 0.006159 166 166 166
-0.018010 -0.000066 0.006159 166 166 166
-0.018001 -0.000066 0.006156 166 166 166
-0.017992 -0.000066 0.006153 166 166 166
-0.017992 -0.000066 0.006153 166 166 166
-0.017992 -0.000066 0.006153 166 166 166
-0.017992 -0.000066 0.006153 166 166 166
-0.017992 -0.000066 0.006153 166 166 166
-0.018148 -0.000067 0.006206 166 166 166
-0.018138 -0.000067 0.006203 166 166 166
-0.018138 -0.000067 0.006203 166 166 166
-0.018157 -0.000068 0.006210 166 166 166
-0.018157 -0.000068 0.006210 166 166 166
-0.018166 -0.000068 0.006213 166 166 166
-0.018166 -0.000068 0.006213 166 166 166
-0.018176 -0.000068 0.006217 166 166 166
-0.018175 -0.000068 0.006217 166 166 166
-0.018136 -0.000067 0.006203 166 166 166
-0.018098 -0.000067 0.006190 166 166 166
-0.018033 -0.000067 0.006168 166 166 166
-0.018103 -0.000067 0.006193 167 167 167
-0.018122 -0.000067 0.006200 167 167 167
-0.018112 -0.000067 0.006197 167 167 167
-0.018121 -0.000067 0.006200 167 167 167
-0.018131 -0.000067 0.006203 167 167 167
-0.018140 -0.000067 0.006206 167 167 167
-0.018140 -0.000067 0.006206 167 167 167
-0.018111 -0.000067 0.006197 167 167 167
-0.018082 -0.000067 0.006187 167 167 167
-0.018064 -0.000067 0.006180 167 167 167
-0.018128 -0.000067 0.006203 167 167 167
-0.018119 -0.000067 0.006200 167 167 167
-0.018109 -0.000067 0.006197 167 167 167
-0.018109 -0.000067 0.006197 167 167 167
-0.018109 -0.000067 0.006197 167 167 167
-0.018118 -0.000067 0.006200 167 167 167
-0.018127 -0.000067 0.006203 167 167 167
-0.018137 -0.000067 0.006206 168 168 168
-0.260996 -0.001942 0.089795 168 168 168
-0.017975 -0.000066 0.006138 162 162 162
-0.017966 -0.000066 0.006135 162 162 162
-0.017941 -0.000065 0.006126 162 162 162
-0.017883 -0.000065 0.006107 162 162 162
-0.017745 -0.000064 0.006060 162 162 162
-0.017654 -0.000063 0.006029 162 162 162
-0.017647 -0.000063 0.006027 162 162 162
-0.017681 -0.000063 0.006038 162 162 162
-0.018165 -0.000067 0.006203 162 162 162
-0.018155 -0.000067 0.006200 162 162 162
-0.018136 -0.000067 0.006193 162 162 162
-0.018126 -0.000067 0.006190 162 162 162
-0.018116 -0.000067 0.006187 162 162 162
-0.017632 -0.000063 0.006022 162 162 162
-0.017638 -0.000063 0.006024 163 163 163
-0.018095 -0.000067 0.006180 163 163 163
-0.018095 -0.000067 0.006180 163 163 163
-0.018094 -0.000067 0.006180 163 163 163
-0.018104 -0.000067 0.006184 163 163 163
-0.018094 -0.000067 0.006180 163 163 163
-0.018141 -0.000067 0.006197 162 162 162
-0.018159 -0.000067 0.006203 163 163 163
-0.018140 -0.000067 0.006197 163 163 163
-0.018139 -0.000067 0.006197 163 163 163
-0.017266 -0.000060 0.005899 163 163 163
-0.017261 -0.000060 0.005897 163 163 163
-0.017261 -0.000060 0.005897 164 164 164
-0.018071 -0.000067 0.006174 163 163 163
-0.018108 -0.000067 0.006187 163 163 163
-0.018127 -0.000067 0.006193 164 164 164
-0.017712 -0.000064 0.006053 164 164 164
-0.017656 -0.000063 0.006034 164 164 164
-0.018049 -0.000066 0.006168 164 164 164
-0.018040 -0.000066 0.006165 164 164 164
-0.018040 -0.000066 0.006165 164 164 164
-0.018048 -0.000066 0.006168 164 164 164
-0.018076 -0.000067 0.006177 164 164 164
-0.018094 -0.000067 0.006184 164 164 164
-0.018132 -0.000067 0.006197 164 164 164
-0.018131 -0.000067 0.006197 164 164 164
-0.018131 -0.000067 0.006197 164 164 164
-0.018122 -0.000067 0.006193 164 164 164
-0.018121 -0.000067 0.006193 164 164 164
-0.018140 -0.000067 0.006200 164 164 164
-0.018083 -0.000067 0.006180 164 164 164
-0.018019 -0.000066 0.006159 164 164 164
-0.018010 -0.000066 0.006156 164 164 164
-0.018036 -0.000066 0.006165 164 164 164
-0.018036 -0.000066 0.006165 165 165 165
-0.018027 -0.000066 0.006162 165 165 165
-0.018045 -0.000066 0.006168 165 165 165
-0.018027 -0.000066 0.006162 165 165 165
-0.018009 -0.000066 0.006156 165 165 165
-0.018009 -0.000066 0.006156 165 165 165
-0.018118 -0.000067 0.006193 165 165 165
-0.018147 -0.000067 0.006203 165 165 165
-0.018137 -0.000067 0.006200 165 165 165
-0.018137 -0.000067 0.006200 165 165 165
-0.018127 -0.000067 0.006197 165 165 165
-0.018117 -0.000067 0.006193 165 165 165
-0.018115 -0.000067 0.006193 165 165 165
-0.018087 -0.000067 0.006184 165 165 165
-0.018096 -0.000067 0.006187 165 165 165
-0.018068 -0.000067 0.006177 165 165 165
-0.018096 -0.000067 0.006187 165 165 165
-0.018095 -0.000067 0.006187 165 165 165
-0.018114 -0.000067 0.006193 165 165 165
-0.018095 -0.000067 0.006187 166 166 166
-0.018104 -0.000067 0.006190 165 165 165
-0.018095 -0.000067 0.006187 165 165 165
-0.018094 -0.000067 0.006187 165 165 165
-0.018085 -0.000067 0.006184 165 165 165
-0.018085 -0.000067 0.006184 166 166 166
-0.018085 -0.000067 0.006184 166 166 166
-0.018084 -0.000067 0.006184 166 166 166
-0.018094 -0.000067 0.006187 166 166 166
-0.018056 -0.000067 0.006174 166 166 166
-0.018065 -0.000067 0.006177 165 165 165
-0.018038 -0.000066 0.006168 166 166 166
-0.018047 -0.000066 0.006171 166 166 166
-0.018037 -0.000066 0.006168 166 166 166
-0.018046 -0.000066 0.006171 166 166 166
-0.018010 -0.000066 0.006159 166 166 166
-0.018001 -0.000066 0.006156 166 166 166
-0.018001 -0.000066 0.006156 166 166 166
-0.017992 -0.000066 0.006153 166 166 166
-0.017992 -0.000066 0.006153 166 166 166
-0.017992 -0.000066 0.006153 166 166 166
-0.017992 -0.000066 0.006153 166 166 166
-0.018009 -0.000066 0.006159 166 166 166
-0.018036 -0.000066 0.006168 166 166 166
-0.018109 -0.000067 0.006193 166 166 166
-0.018128 -0.000067 0.006200 166 166 166
-0.018128 -0.000067 0.006200 166 166 166
-0.018137 -0.000067 0.006203 166 166 166
-0.018137 -0.000067 0.006203 166 166 166
-0.018137 -0.000067 0.006203 166 166 166
-0.018137 -0.000067 0.006203 166 166 166
-0.018156 -0.000067 0.006210 166 166 166
-0.018156 -0.000067 0.006210 166 166 166
-0.018136 -0.000067 0.006203 166 166 166
-0.018098 -0.000067 0.006190 166 166 166
-0.018033 -0.000066 0.006168 166 166 166
-0.018134 -0.000067 0.006203 167 167 167
-0.018114 -0.000067 0.006197 167 167 167
-0.018133 -0.000067 0.006203 167 167 167
-0.018131 -0.000067 0.006203 167 167 167
-0.018112 -0.000067 0.006197 167 167 167
-0.018121 -0.000067 0.006200 167 167 167
-0.018131 -0.000067 0.006203 167 167 167
-0.018130 -0.000067 0.006203 167 167 167
-0.018130 -0.000067 0.006203 167 167 167
-0.018111 -0.000067 0.006197 167 167 167
-0.018064 -0.000067 0.006180 167 167 167
-0.018045 -0.000067 0.006174 167 167 167
-0.018128 -0.000067 0.006203 168 168 168
-0.018109 -0.000067 0.006197 167 167 167
-0.018099 -0.000067 0.006193 167 167 167
-0.018099 -0.000067 0.006193 167 167 167
-0.018118 -0.000067 0.006200 167 167 167
-0.018118 -0.000067 0.006200 167 167 167
-0.018118 -0.000067 0.006200 167 167 167
-0.018137 -0.000067 0.006206 167 167 167
-0.017975 -0.000066 0.006138 162 162 162
-0.017958 -0.000065 0.006132 162 162 162
-0.017966 -0.000065 0.006135 162 162 162
-0.017966 -0.000065 0.006135 162 162 162
-0.017966 -0.000065 0.006135 162 162 162
-0.017738 -0.000064 0.006058 162 162 162
-0.017633 -0.000063 0.006022 162 162 162
-0.017620 -0.000063 0.006018 162 162 162
-0.017600 -0.000063 0.006011 162 162 162
-0.017600 -0.000063 0.006011 162 162 162
-0.018136 -0.000067 0.006193 162 162 162
-0.018107 -0.000067 0.006184 162 162 162
-0.018098 -0.000066 0.006180 162 162 162
-0.018098 -0.000066 0.006180 162 162 162
-0.018116 -0.000067 0.006187 162 162 162
-0.017632 -0.000063 0.006022 162 162 162
-0.017963 -0.000065 0.006135 162 162 162
-0.018015 -0.000066 0.006153 162 162 162
-0.018058 -0.000066 0.006168 163 163 163
-0.018067 -0.000066 0.006171 162 162 162
-0.018058 -0.000066 0.006168 162 162 162
-0.018094 -0.000066 0.006180 162 162 162
-0.018094 -0.000066 0.006180 162 162 162
-0.018113 -0.000067 0.006187 162 162 162
-0.017276 -0.000060 0.005902 163 163 163
-0.017271 -0.000060 0.005901 163 163 163
-0.017261 -0.000060 0.005897 163 163 163
-0.017261 -0.000060 0.005897 163 163 163
-0.018108 -0.000067 0.006187 163 163 163
-0.018044 -0.000066 0.006165 163 163 163
-0.018040 -0.000066 0.006165 164 164 164
-0.018031 -0.000066 0.006162 164 164 164
-0.018031 -0.000066 0.006162 164 164 164
-0.018039 -0.000066 0.006165 164 164 164
-0.018057 -0.000066 0.006171 164 164 164
-0.018057 -0.000066 0.006171 164 164 164
-0.018113 -0.000067 0.006190 164 164 164
-0.018112 -0.000067 0.006190 164 164 164
-0.018112 -0.000067 0.006190 164 164 164
-0.018093 -0.000067 0.006184 164 164 164
-0.018121 -0.000067 0.006193 164 164 164
-0.018055 -0.000066 0.006171 164 164 164
-0.018019 -0.000066 0.006159 164 164 164
-0.018001 -0.000066 0.006153 164 164 164
-0.018001 -0.000066 0.006153 164 164 164
-0.018001 -0.000066 0.006153 164 164 164
-0.018018 -0.000066 0.006159 164 164 164
-0.018018 -0.000066 0.006159 165 165 165
-0.018027 -0.000066 0.006162 165 165 165
-0.018027 -0.000066 0.006162 164 164 164
-0.018027 -0.000066 0.006162 164 164 164
-0.018026 -0.000066 0.006162 165 165 165
-0.018109 -0.000067 0.006190 165 165 165
-0.018147 -0.000067 0.006203 165 165 165
-0.018147 -0.000067 0.006203 165 165 165
-0.018146 -0.000067 0.006203 165 165 165
-0.018137 -0.000067 0.006200 165 165 165
-0.018117 -0.000067 0.006193 165 165 165
-0.018117 -0.000067 0.006193 165 165 165
-0.018126 -0.000067 0.006197 165 165 165
-0.018125 -0.000067 0.006197 165 165 165
-0.018115 -0.000067 0.006193 165 165 165
-0.018096 -0.000067 0.006187 165 165 165
-0.018050 -0.000066 0.006171 165 165 165
-0.018096 -0.000067 0.006187 165 165 165
-0.018049 -0.000066 0.006171 165 165 165
-0.018095 -0.000067 0.006187 165 165 165
-0.018049 -0.000066 0.006171 165 165 165
-0.018086 -0.000067 0.006184 165 165 165
-0.018049 -0.000066 0.006171 165 165 165
-0.018048 -0.000066 0.006171 165 165 165
-0.018048 -0.000066 0.006171 165 165 165
-0.018048 -0.000066 0.006171 165 165 165
-0.018048 -0.000066 0.006171 165 165 165
-0.018039 -0.000066 0.006168 165 165 165
-0.018038 -0.000066 0.006168 165 165 165
-0.018038 -0.000066 0.006168 165 165 165
-0.018056 -0.000066 0.006174 165 165 165
-0.018038 -0.000066 0.006168 166 166 166
-0.018065 -0.000066 0.006177 166 166 166
-0.018037 -0.000066 0.006168 166 166 166
-0.018046 -0.000066 0.006171 166 166 166
-0.018019 -0.000066 0.006162 165 165 165
-0.018001 -0.000066 0.006156 166 166 166
-0.018001 -0.000066 0.006156 166 166 166
-0.017992 -0.000066 0.006153 166 166 166
-0.017992 -0.000066 0.006153 166 166 166
-0.017992 -0.000066 0.006153 166 166 166
-0.017992 -0.000066 0.006153 166 166 166
-0.017991 -0.000066 0.006153 166 166 166
-0.018009 -0.000066 0.006159 166 166 166
-0.018035 -0.000066 0.006168 166 166 166
-0.018100 -0.000067 0.006190 166 166 166
-0.018109 -0.000067 0.006193 166 166 166
-0.018128 -0.000067 0.006200 166 166 166
-0.018128 -0.000067 0.006200 166 166 166
-0.018127 -0.000067 0.006200 166 166 166
-0.018127 -0.000067 0.006200 166 166 166
-0.018127 -0.000067 0.006200 166 166 166
-0.018136 -0.000067 0.006203 166 166 166
-0.018127 -0.000067 0.006200 166 166 166
-0.018098 -0.000067 0.006190 166 166 166
-0.018033 -0.000066 0.006168 166 166 166
-0.018115 -0.000067 0.006197 167 167 167
-0.018105 -0.000067 0.006193 167 167 167
-0.018105 -0.000067 0.006193 167 167 167
-0.018112 -0.000067 0.006197 167 167 167
-0.018093 -0.000067 0.006190 167 167 167
-0.018102 -0.000067 0.006193 167 167 167
-0.018121 -0.000067 0.006200 167 167 167
-0.018121 -0.000067 0.006200 167 167 167
-0.018111 -0.000067 0.006197 167 167 167
-0.018064 -0.000066 0.006180 167 167 167
-0.018037 -0.000066 0.006171 167 167 167
-0.018001 -0.000066 0.006159 167 167 167
-0.018000 -0.000066 0.006159 167 167 167
-0.018100 -0.000067 0.006193 167 167 167
-0.018081 -0.000067 0.006187 167 167 167
-0.018080 -0.000067 0.006187 167 167 167
-0.018099 -0.000067 0.006193 167 167 167
-0.018099 -0.000067 0.006193 167 167 167
-0.018108 -0.000067 0.006197 167 167 167
-0.018117 -0.000067 0.006200 167 167 167
-0.017958 -0.000065 0.006132 162 162 162
-0.017949 -0.000065 0.006129 162 162 162
-0.017966 -0.000065 0.006135 162 162 162
-0.017966 -0.000065 0.006135 162 162 162
-0.017627 -0.000063 0.006020 162 162 162
-0.017581 -0.000062 0.006004 162 162 162
-0.017581 -0.000062 0.006004 162 162 162
-0.017543 -0.000062 0.005991 162 162 162
-0.017600 -0.000063 0.006011 162 162 162
-0.018098 -0.000066 0.006180 162 162 162
-0.018098 -0.000066 0.006180 162 162 162
-0.018098 -0.000066 0.006180 162 162 162
-0.018116 -0.000066 0.006187 162 162 162
-0.017989 -0.000065 0.006144 162 162 162
-0.017955 -0.000065 0.006132 162 162 162
-0.017963 -0.000065 0.006135 162 162 162
-0.018015 -0.000066 0.006153 162 162 162
-0.018015 -0.000066 0.006153 162 162 162
-0.018059 -0.000066 0.006168 162 162 162
-0.018059 -0.000066 0.006168 162 162 162
-0.018058 -0.000066 0.006168 162 162 162
-0.018058 -0.000066 0.006168 162 162 162
-0.018058 -0.000066 0.006168 162 162 162
-0.018058 -0.000066 0.006168 162 162 162
-0.018067 -0.000066 0.006171 162 162 162
-0.018057 -0.000066 0.006168 162 162 162
-0.018094 -0.000066 0.006180 162 162 162
-0.017291 -0.000060 0.005908 163 163 163
-0.017276 -0.000060 0.005902 163 163 163
-0.017271 -0.000060 0.005901 163 163 163
-0.017270 -0.000060 0.005901 163 163 163
0.047021 0.000419 -0.016018 163 163 163
-0.018044 -0.000066 0.006165 163 163 163
-0.018044 -0.000066 0.006165 163 163 163
-0.018044 -0.000066 0.006165 163 163 163
-0.018043 -0.000066 0.006165 163 163 163
-0.018126 -0.000067 0.006193 163 163 163
-0.018126 -0.000067 0.006193 163 163 163
-0.018126 -0.000067 0.006193 163 163 163
-0.018022 -0.000066 0.006159 164 164 164
-0.018022 -0.000066 0.006159 164 164 164
-0.018022 -0.000066 0.006159 164 164 164
-0.018039 -0.000066 0.006165 164 164 164
-0.018039 -0.000066 0.006165 164 164 164
-0.018039 -0.000066 0.006165 164 164 164
-0.018085 -0.000066 0.006180 164 164 164
-0.018094 -0.000066 0.006184 164 164 164
-0.018103 -0.000066 0.006187 164 164 164
-0.018093 -0.000066 0.006184 164 164 164
-0.018056 -0.000066 0.006171 164 164 164
-0.018046 -0.000066 0.006168 164 164 164
-0.018010 -0.000066 0.006156 164 164 164
-0.018001 -0.000066 0.006153 164 164 164
-0.018001 -0.000066 0.006153 164 164 164
-0.018001 -0.000066 0.006153 164 164 164
-0.018001 -0.000066 0.006153 165 165 165
-0.018009 -0.000066 0.006156 165 165 165
-0.018018 -0.000066 0.006159 165 165 165
-0.018027 -0.000066 0.006162 164 164 164
-0.018036 -0.000066 0.006165 164 164 164
-0.018035 -0.000066 0.006165 165 165 165
-0.018109 -0.000066 0.006190 165 165 165
-0.018109 -0.000066 0.006190 164 164 164
-0.018117 -0.000067 0.006193 165 165 165
-0.018117 -0.000067 0.006193 165 165 165
-0.018107 -0.000066 0.006190 165 165 165
-0.018034 -0.000066 0.006165 165 165 165
-0.018144 -0.000067 0.006203 165 165 165
-0.018105 -0.000066 0.006190 165 165 165
-0.018086 -0.000066 0.006184 165 165 165
-0.018096 -0.000066 0.006187 165 165 165
-0.018049 -0.000066 0.006171 165 165 165
-0.018086 -0.000066 0.006184 165 165 165
-0.018040 -0.000066 0.006168 165 165 165
-0.018049 -0.000066 0.006171 165 165 165
-0.018040 -0.000066 0.006168 165 165 165
-0.018039 -0.000066 0.006168 165 165 165
-0.018039 -0.000066 0.006168 165 165 165
-0.018039 -0.000066 0.006168 165 165 165
-0.018030 -0.000066 0.006165 165 165 165
-0.018012 -0.000066 0.006159 165 165 165
-0.018020 -0.000066 0.006162 165 165 165
-0.018011 -0.000066 0.006159 165 165 165
-0.018038 -0.000066 0.006168 165 165 165
-0.018065 -0.000066 0.006177 165 165 165
-0.018065 -0.000066 0.006177 165 165 165
-0.018047 -0.000066 0.006171 166 166 166
-0.018074 -0.000066 0.006180 166 166 166
-0.018019 -0.000066 0.006162 165 165 165
-0.018001 -0.000066 0.006156 166 166 166
-0.017992 -0.000066 0.006153 166 166 166
-0.017992 -0.000066 0.006153 166 166 166
-0.017975 -0.000066 0.006147 166 166 166
-0.017974 -0.000066 0.006147 166 166 166
-0.017983 -0.000066 0.006150 166 166 166
-0.017991 -0.000066 0.006153 166 166 166
-0.018000 -0.000066 0.006156 166 166 166
-0.018026 -0.000066 0.006165 166 166 166
-0.018090 -0.000066 0.006187 166 166 166
-0.018099 -0.000066 0.006190 166 166 166
-0.018099 -0.000066 0.006190 166 166 166
-0.018109 -0.000067 0.006193 166 166 166
-0.018108 -0.000067 0.006193 166 166 166
-0.018108 -0.000067 0.006193 166 166 166
-0.018117 -0.000067 0.006197 166 166 166
-0.018077 -0.000066 0.006184 166 166 166
-0.018077 -0.000066 0.006184 166 166 166
-0.018004 -0.000066 0.006159 167 167 167
-0.018004 -0.000066 0.006159 166 166 166
-0.018102 -0.000067 0.006193 167 167 167
-0.018102 -0.000067 0.006193 167 167 167
-0.018111 -0.000067 0.006197 167 167 167
-0.018111 -0.000067 0.006197 167 167 167
-0.018102 -0.000067 0.006193 167 167 167
-0.018037 -0.000066 0.006171 167 167 167
-0.018010 -0.000066 0.006162 167 167 167
-0.017992 -0.000066 0.006156 166 166 166
-0.017992 -0.000066 0.006156 167 167 167
-0.018000 -0.000066 0.006159 167 167 167
-0.018081 -0.000066 0.006187 167 167 167
-0.018090 -0.000066 0.006190 167 167 167
-0.018099 -0.000067 0.006193 167 167 167
-0.018099 -0.000067 0.006193 167 167 167
-0.018099 -0.000067 0.006193 167 167 167
-0.018117 -0.000067 0.006200 168 168 168
-0.017924 -0.000065 0.006121 162 162 162
-0.017924 -0.000065 0.006121 162 162 162
-0.017958 -0.000065 0.006132 162 162 162
-0.017966 -0.000065 0.006135 162 162 162
-0.017627 -0.000063 0.006020 161 161 161
-0.017581 -0.000062 0.006004 161 161 161
-0.017555 -0.000062 0.005996 162 162 162
-0.017530 -0.000062 0.005987 162 162 162
-0.017549 -0.000062 0.005994 162 162 162
-0.018079 -0.000066 0.006174 162 162 162
-0.018098 -0.000066 0.006180 162 162 162
-0.018107 -0.000066 0.006184 162 162 162
-0.017989 -0.000065 0.006144 162 162 162
-0.017963 -0.000065 0.006135 162 162 162
-0.017963 -0.000065 0.006135 162 162 162
-0.018015 -0.000065 0.006153 162 162 162
-0.018015 -0.000065 0.006153 162 162 162
-0.018015 -0.000065 0.006153 162 162 162
-0.018014 -0.000065 0.006153 162 162 162
-0.018041 -0.000066 0.006162 162 162 162
-0.018014 -0.000065 0.006153 163 163 163
-0.018031 -0.000066 0.006159 162 162 162
-0.018031 -0.000066 0.006159 162 162 162
-0.018031 -0.000066 0.006159 162 162 162
-0.018058 -0.000066 0.006168 162 162 162
-0.018049 -0.000066 0.006165 162 162 162
-0.018048 -0.000066 0.006165 163 163 163
-0.018039 -0.000066 0.006162 163 163 163
-0.018075 -0.000066 0.006174 163 163 163
-0.017364 -0.000061 0.005932 163 163 163
-0.017291 -0.000060 0.005908 163 163 163
-0.017280 -0.000060 0.005904 163 163 163
0.047033 0.000415 -0.016018 163 163 163
0.047029 0.000415 -0.016018 163 163 163
0.047025 0.000415 -0.016018 163 163 163
0.047021 0.000415 -0.016018 163 163 163
-0.018044 -0.000066 0.006165 163 163 163
-0.018026 -0.000066 0.006159 163 163 163
-0.018017 -0.000066 0.006156 163 163 163
-0.018017 -0.000066 0.006156 163 163 163
-0.018016 -0.000066 0.006156 163 163 163
-0.018016 -0.000066 0.006156 163 163 163
-0.018016 -0.000066 0.006156 163 163 163
-0.018043 -0.000066 0.006165 163 163 163
-0.018126 -0.000066 0.006193 163 163 163
-0.018126 -0.000066 0.006193 163 163 163
-0.017871 -0.000064 0.006107 164 164 164
-0.018022 -0.000066 0.006159 164 164 164
-0.018022 -0.000066 0.006159 164 164 164
-0.018022 -0.000066 0.006159 164 164 164
-0.018039 -0.000066 0.006165 164 164 164
-0.018039 -0.000066 0.006165 164 164 164
-0.018057 -0.000066 0.006171 164 164 164
-0.018084 -0.000066 0.006180 164 164 164
-0.018056 -0.000066 0.006171 164 164 164
-0.018046 -0.000066 0.006168 164 164 164
-0.018019 -0.000066 0.006159 164 164 164
-0.018002 -0.000065 0.006153 164 164 164
-0.017984 -0.000065 0.006147 164 164 164
-0.017984 -0.000065 0.006147 164 164 164
-0.017992 -0.000065 0.006150 164 164 164
-0.018001 -0.000065 0.006153 164 164 164
-0.018009 -0.000066 0.006156 164 164 164
-0.018018 -0.000066 0.006159 165 165 165
-0.018036 -0.000066 0.006165 164 164 164
-0.018054 -0.000066 0.006171 164 164 164
-0.018053 -0.000066 0.006171 165 165 165
-0.018109 -0.000066 0.006190 164 164 164
-0.018109 -0.000066 0.006190 164 164 164
-0.018117 -0.000066 0.006193 165 165 165
-0.018034 -0.000066 0.006165 165 165 165
-0.018007 -0.000066 0.006156 165 165 165
-0.018007 -0.000066 0.006156 165 165 165
-0.018144 -0.000067 0.006203 165 165 165
-0.018096 -0.000066 0.006187 165 165 165
-0.018040 -0.000066 0.006168 165 165 165
-0.018040 -0.000066 0.006168 165 165 165
-0.018022 -0.000066 0.006162 165 165 165
-0.018031 -0.000066 0.006165 165 165 165
-0.018022 -0.000066 0.006162 165 165 165
-0.018021 -0.000066 0.006162 165 165 165
-0.018021 -0.000066 0.006162 165 165 165
-0.018021 -0.000066 0.006162 165 165 165
-0.018012 -0.000066 0.006159 165 165 165
-0.018003 -0.000066 0.006156 165 165 165
-0.018003 -0.000066 0.006156 165 165 165
-0.017994 -0.000065 0.006153 165 165 165
-0.018011 -0.000066 0.006159 165 165 165
-0.018029 -0.000066 0.006165 165 165 165
-0.018065 -0.000066 0.006177 165 165 165
-0.018065 -0.000066 0.006177 165 165 165
-0.018074 -0.000066 0.006180 165 165 165
-0.018010 -0.000066 0.006159 165 165 165
-0.017992 -0.000065 0.006153 165 165 165
-0.017984 -0.000065 0.006150 166 166 166
-0.017966 -0.000065 0.006144 166 166 166
-0.017966 -0.000065 0.006144 166 166 166
-0.017966 -0.000065 0.006144 166 166 166
-0.017974 -0.000065 0.006147 165 165 165
-0.017983 -0.000065 0.006150 165 165 165
-0.018000 -0.000066 0.006156 165 165 165
-0.018026 -0.000066 0.006165 166 166 166
-0.018090 -0.000066 0.006187 166 166 166
-0.018090 -0.000066 0.006187 166 166 166
-0.018090 -0.000066 0.006187 166 166 166
-0.018062 -0.000066 0.006177 166 166 166
-0.018062 -0.000066 0.006177 166 166 166
-0.018080 -0.000066 0.006184 166 166 166
-0.018099 -0.000066 0.006190 166 166 166
-0.017962 -0.000065 0.006144 166 166 166
-0.017988 -0.000065 0.006153 166 166 166
-0.018077 -0.000066 0.006184 166 166 166
-0.018077 -0.000066 0.006184 167 167 167
-0.017995 -0.000066 0.006156 166 166 166
-0.017995 -0.000066 0.006156 166 166 166
-0.017986 -0.000065 0.006153 166 166 166
-0.017884 -0.000065 0.006118 166 166 166
-0.018102 -0.000066 0.006193 166 166 166
-0.018112 -0.000066 0.006197 166 166 166
-0.018111 -0.000066 0.006197 166 166 166
-0.018111 -0.000066 0.006197 167 167 167
-0.018092 -0.000066 0.006190 167 167 167
-0.018019 -0.000066 0.006165 167 167 167
-0.017992 -0.000066 0.006156 167 167 167
-0.017992 -0.000066 0.006156 166 166 166
-0.017992 -0.000066 0.006156 167 167 167
-0.017991 -0.000066 0.006156 167 167 167
-0.018099 -0.000066 0.006193 167 167 167
-0.018108 -0.000066 0.006197 167 167 167
-0.260996 -0.001880 0.089795 167 167 167
-0.017908 -0.000064 0.006115 161 161 161
-0.017908 -0.000064 0.006115 161 161 161
-0.017916 -0.000065 0.006118 162 162 162
-0.017957 -0.000065 0.006132 162 162 162
-0.017613 -0.000062 0.006015 162 162 162
-0.017555 -0.000062 0.005996 161 161 161
-0.017549 -0.000062 0.005994 162 162 162
-0.017524 -0.000062 0.005985 162 162 162
-0.017524 -0.000062 0.005985 162 162 162
-0.017524 -0.000062 0.005985 162 162 162
-0.017981 -0.000065 0.006141 162 162 162
-0.017946 -0.000065 0.006129 162 162 162
-0.017955 -0.000065 0.006132 162 162 162
-0.018006 -0.000065 0.006150 162 162 162
-0.018015 -0.000065 0.006153 162 162 162
-0.018015 -0.000065 0.006153 162 162 162
-0.018014 -0.000065 0.006153 162 162 162
-0.018032 -0.000065 0.006159 162 162 162
-0.018058 -0.000066 0.006168 162 162 162
-0.018049 -0.000066 0.006165 162 162 162
-0.018049 -0.000066 0.006165 162 162 162
-0.018040 -0.000065 0.006162 162 162 162
-0.018039 -0.000065 0.006162 162 162 162
-0.018013 -0.000065 0.006153 162 162 162
-0.018012 -0.000065 0.006153 163 163 163
-0.018021 -0.000065 0.006156 162 162 162
-0.017753 -0.000063 0.006065 163 163 163
0.047033 0.000412 -0.016018 163 163 163
0.047029 0.000412 -0.016018 163 163 163
0.047025 0.000412 -0.016018 163 163 163
0.047021 0.000412 -0.016018 163 163 163
0.047017 0.000412 -0.016018 163 163 163
-0.018026 -0.000065 0.006159 163 163 163
-0.018008 -0.000065 0.006153 163 163 163
-0.018008 -0.000065 0.006153 163 163 163
-0.017999 -0.000065 0.006150 163 163 163
-0.017999 -0.000065 0.006150 163 163 163
-0.017998 -0.000065 0.006150 163 163 163
-0.018016 -0.000065 0.006156 163 163 163
-0.017840 -0.000064 0.006096 164 164 164
-0.017832 -0.000064 0.006093 163 163 163
-0.017832 -0.000064 0.006093 164 164 164
-0.017755 -0.000063 0.006068 164 164 164
-0.017748 -0.000063 0.006065 163 163 163
-0.018040 -0.000066 0.006165 164 164 164
-0.018022 -0.000065 0.006159 164 164 164
-0.018021 -0.000065 0.006159 164 164 164
-0.018021 -0.000065 0.006159 164 164 164
-0.018039 -0.000066 0.006165 164 164 164
-0.018038 -0.000066 0.006165 164 164 164
-0.018028 -0.000065 0.006162 164 164 164
-0.018002 -0.000065 0.006153 164 164 164
-0.017993 -0.000065 0.006150 164 164 164
-0.017967 -0.000065 0.006141 164 164 164
-0.017975 -0.000065 0.006144 164 164 164
-0.017992 -0.000065 0.006150 164 164 164
-0.018072 -0.000066 0.006177 164 164 164
-0.018036 -0.000066 0.006165 164 164 164
-0.018054 -0.000066 0.006171 164 164 164
-0.018053 -0.000066 0.006171 164 164 164
-0.018109 -0.000066 0.006190 164 164 164
-0.018109 -0.000066 0.006190 165 165 165
-0.017765 -0.000064 0.006073 164 164 164
-0.018025 -0.000065 0.006162 165 165 165
-0.018016 -0.000065 0.006159 165 165 165
-0.018007 -0.000065 0.006156 165 165 165
-0.018007 -0.000065 0.006156 165 165 165
-0.018040 -0.000066 0.006168 165 165 165
-0.018022 -0.000065 0.006162 165 165 165
-0.018022 -0.000065 0.006162 165 165 165
-0.018004 -0.000065 0.006156 165 165 165
-0.018004 -0.000065 0.006156 165 165 165
-0.018021 -0.000065 0.006162 165 165 165
-0.018021 -0.000065 0.006162 165 165 165
-0.018021 -0.000065 0.006162 165 165 165
-0.017994 -0.000065 0.006153 165 165 165
-0.017994 -0.000065 0.006153 165 165 165
-0.017994 -0.000065 0.006153 165 165 165
-0.017994 -0.000065 0.006153 165 165 165
-0.018029 -0.000066 0.006165 165 165 165
-0.018065 -0.000066 0.006177 165 165 165
-0.018065 -0.000066 0.006177 165 165 165
-0.018083 -0.000066 0.006184 165 165 165
-0.018010 -0.000065 0.006159 165 165 165
-0.017984 -0.000065 0.006150 165 165 165
-0.017949 -0.000065 0.006138 165 165 165
-0.017932 -0.000065 0.006132 165 165 165
-0.017940 -0.000065 0.006135 165 165 165
-0.017940 -0.000065 0.006135 166 166 166
-0.017957 -0.000065 0.006141 166 166 166
-0.017983 -0.000065 0.006150 166 166 166
-0.018009 -0.000065 0.006159 166 166 166
-0.018090 -0.000066 0.006187 166 166 166
-0.018026 -0.000066 0.006165 166 166 166
-0.017990 -0.000065 0.006153 165 165 165
-0.017990 -0.000065 0.006153 166 166 166
-0.017990 -0.000065 0.006153 166 166 166
-0.017999 -0.000065 0.006156 166 166 166
-0.018016 -0.000065 0.006162 166 166 166
-0.017962 -0.000065 0.006144 166 166 166
-0.017903 -0.000065 0.006124 166 166 166
-0.017903 -0.000065 0.006124 166 166 166
-0.017903 -0.000065 0.006124 166 166 166
-0.017953 -0.000065 0.006141 166 166 166
-0.018040 -0.000066 0.006171 166 166 166
-0.017996 -0.000065 0.006156 166 166 166
-0.018040 -0.000066 0.006171 166 166 166
-0.017986 -0.000065 0.006153 166 166 166
-0.017986 -0.000065 0.006153 166 166 166
-0.017977 -0.000065 0.006150 166 166 166
-0.017934 -0.000065 0.006135 166 166 166
-0.017884 -0.000065 0.006118 166 166 166
-0.017934 -0.000065 0.006135 166 166 166
-0.018121 -0.000066 0.006200 166 166 166
-0.018121 -0.000066 0.006200 167 167 167
-0.018121 -0.000066 0.006200 167 167 167
-0.018092 -0.000066 0.006190 167 167 167
-0.017992 -0.000065 0.006156 167 167 167
-0.017983 -0.000065 0.006153 167 167 167
-0.017983 -0.000065 0.006153 166 166 166
-0.017983 -0.000065 0.006153 167 167 167
-0.017983 -0.000065 0.006153 167 167 167
-0.017991 -0.000065 0.006156 167 167 167
-0.017881 -0.000065 0.006118 167 167 167
-0.017881 -0.000065 0.006118 167 167 167
-0.261011 -0.001865 0.089795 167 167 167
-0.260996 -0.001865 0.089795 167 167 167
-0.260980 -0.001865 0.089795 167 167 167
-0.017900 -0.000064 0.006112 161 161 161
-0.017883 -0.000064 0.006107 161 161 161
-0.017883 -0.000064 0.006107 161 161 161
-0.017883 -0.000064 0.006107 161 161 161
-0.017760 -0.000063 0.006065 161 161 161
-0.017607 -0.000062 0.006013 161 161 161
-0.017549 -0.000062 0.005994 162 162 162
-0.017524 -0.000062 0.005985 162 162 162
-0.017524 -0.000062 0.005985 162 162 162
-0.017947 -0.000065 0.006129 162 162 162
-0.017905 -0.000064 0.006115 162 162 162
-0.017921 -0.000064 0.006121 162 162 162
-0.017997 -0.000065 0.006147 162 162 162
-0.018006 -0.000065 0.006150 162 162 162
-0.018032 -0.000065 0.006159 162 162 162
-0.018032 -0.000065 0.006159 162 162 162
-0.018041 -0.000065 0.006162 162 162 162
-0.018031 -0.000065 0.006159 162 162 162
-0.018031 -0.000065 0.006159 162 162 162
-0.018031 -0.000065 0.006159 162 162 162
-0.018022 -0.000065 0.006156 162 162 162
-0.018013 -0.000065 0.006153 163 163 163
-0.018013 -0.000065 0.006153 163 163 163
-0.018012 -0.000065 0.006153 162 162 162
-0.018003 -0.000065 0.006150 162 162 162
-0.018003 -0.000065 0.006150 162 162 162
-0.017829 -0.000064 0.006091 163 163 163
-0.017784 -0.000063 0.006075 163 163 163
-0.017776 -0.000063 0.006073 163 163 163
-0.017768 -0.000063 0.006070 163 163 163
-0.017776 -0.000063 0.006073 163 163 163
-0.017768 -0.000063 0.006070 163 163 163
0.047044 0.000408 -0.016018 163 163 163
0.047040 0.000408 -0.016018 163 163 163
0.047036 0.000408 -0.016018 163 163 163
0.047033 0.000408 -0.016018 162 162 162
0.047029 0.000408 -0.016018 163 163 163
0.047025 0.000408 -0.016018 163 163 163
0.047021 0.000408 -0.016018 163 163 163
0.047017 0.000408 -0.016018 163 163 163
0.047013 0.000408 -0.016018 163 163 163
-0.018008 -0.000065 0.006153 163 163 163
-0.017990 -0.000065 0.006147 163 163 163
-0.017964 -0.000065 0.006138 163 163 163
-0.017964 -0.000065 0.006138 163 163 163
-0.017981 -0.000065 0.006144 163 163 163
-0.017981 -0.000065 0.006144 163 163 163
-0.017856 -0.000064 0.006101 163 163 163
-0.017832 -0.000064 0.006093 163 163 163
-0.017824 -0.000064 0.006091 163 163 163
-0.017816 -0.000064 0.006088 163 163 163
-0.017808 -0.000064 0.006086 163 163 163
-0.017755 -0.000063 0.006068 163 163 163
-0.017755 -0.000063 0.006068 163 163 163
-0.018021 -0.000065 0.006159 164 164 164
-0.018012 -0.000065 0.006156 164 164 164
-0.018021 -0.000065 0.006159 164 164 164
-0.018291 -0.000067 0.006252 164 164 164
-0.018020 -0.000065 0.006159 164 164 164
-0.018002 -0.000065 0.006153 164 164 164
-0.017958 -0.000065 0.006138 164 164 164
-0.017916 -0.000064 0.006124 164 164 164
-0.017941 -0.000065 0.006132 164 164 164
-0.018054 -0.000066 0.006171 164 164 164
-0.018054 -0.000066 0.006171 164 164 164
-0.018090 -0.000066 0.006184 164 164 164
-0.018137 -0.000066 0.006200 164 164 164
-0.017773 -0.000063 0.006075 164 164 164
-0.017758 -0.000063 0.006070 164 164 164
-0.017787 -0.000064 0.006080 165 165 165
-0.017787 -0.000064 0.006080 165 165 165
-0.017999 -0.000065 0.006153 164 164 164
-0.017998 -0.000065 0.006153 164 164 164
-0.017998 -0.000065 0.006153 165 165 165
-0.017998 -0.000065 0.006153 164 164 164
-0.017998 -0.000065 0.006153 165 165 165
-0.017998 -0.000065 0.006153 165 165 165
-0.018040 -0.000065 0.006168 165 165 165
-0.018022 -0.000065 0.006162 165 165 165
-0.018004 -0.000065 0.006156 165 165 165
-0.017995 -0.000065 0.006153 165 165 165
-0.017995 -0.000065 0.006153 165 165 165
-0.018003 -0.000065 0.006156 165 165 165
-0.017994 -0.000065 0.006153 165 165 165
-0.017994 -0.000065 0.006153 165 165 165
-0.017985 -0.000065 0.006150 165 165 165
-0.017994 -0.000065 0.006153 165 165 165
-0.018011 -0.000065 0.006159 165 165 165
-0.017993 -0.000065 0.006153 165 165 165
-0.017932 -0.000065 0.006132 166 166 166
-0.017907 -0.000064 0.006124 165 165 165
-0.017891 -0.000064 0.006118 165 165 165
-0.017899 -0.000064 0.006121 165 165 165
-0.017899 -0.000064 0.006121 165 165 165
-0.017957 -0.000065 0.006141 165 165 165
-0.017991 -0.000065 0.006153 165 165 165
-0.017956 -0.000065 0.006141 165 165 165
-0.017956 -0.000065 0.006141 165 165 165
-0.017897 -0.000064 0.006121 166 166 166
-0.017880 -0.000064 0.006115 166 166 166
-0.017833 -0.000064 0.006099 166 166 166
-0.017801 -0.000064 0.006088 166 166 166
-0.017895 -0.000064 0.006121 166 166 166
-0.017870 -0.000064 0.006112 166 166 166
-0.017878 -0.000064 0.006115 166 166 166
-0.017878 -0.000064 0.006115 166 166 166
-0.017878 -0.000064 0.006115 166 166 166
-0.017902 -0.000064 0.006124 166 166 166
-0.017995 -0.000065 0.006156 166 166 166
-0.017884 -0.000064 0.006118 166 166 166
-0.017860 -0.000064 0.006110 166 166 166
-0.017860 -0.000064 0.006110 166 166 166
-0.017900 -0.000064 0.006124 166 166 166
-0.017992 -0.000065 0.006156 166 166 166
-0.017975 -0.000065 0.006150 167 167 167
-0.017949 -0.000065 0.006141 166 166 166
-0.017966 -0.000065 0.006147 166 166 166
-0.017965 -0.000065 0.006147 166 166 166
-0.017965 -0.000065 0.006147 166 166 166
-0.017881 -0.000064 0.006118 167 167 167
-0.017865 -0.000064 0.006112 167 167 167
-0.017864 -0.000064 0.006112 167 167 167
-0.017864 -0.000064 0.006112 167 167 167
-0.017872 -0.000064 0.006115 167 167 167
-0.343018 -0.002451 0.118012 167 167 167
-0.261011 -0.001849 0.089795 167 167 167
-0.260996 -0.001849 0.089795 167 167 167
-0.260980 -0.001849 0.089795 167 167 167
-0.017892 -0.000064 0.006110 161 161 161
-0.017883 -0.000064 0.006107 161 161 161
-0.017859 -0.000064 0.006099 161 161 161
-0.017859 -0.000064 0.006099 161 161 161
-0.017820 -0.000064 0.006086 161 161 161
-0.017549 -0.000062 0.005994 162 162 162
-0.017518 -0.000061 0.005983 162 162 162
-0.017905 -0.000064 0.006115 162 162 162
-0.017989 -0.000065 0.006144 162 162 162
-0.017997 -0.000065 0.006147 162 162 162
-0.018006 -0.000065 0.006150 162 162 162
-0.018032 -0.000065 0.006159 162 162 162
-0.018005 -0.000065 0.006150 162 162 162
-0.017439 -0.000061 0.005957 162 162 162
-0.017416 -0.000061 0.005949 162 162 162
-0.017383 -0.000060 0.005938 162 162 162
-0.017388 -0.000060 0.005940 162 162 162
-0.017388 -0.000060 0.005940 162 162 162
-0.018022 -0.000065 0.006156 162 162 162
-0.018022 -0.000065 0.006156 162 162 162
-0.018013 -0.000065 0.006153 162 162 162
-0.018004 -0.000065 0.006150 163 163 163
-0.018004 -0.000065 0.006150 163 163 163
-0.018003 -0.000065 0.006150 162 162 162
-0.018003 -0.000065 0.006150 162 162 162
-0.017829 -0.000064 0.006091 162 162 162
-0.017784 -0.000063 0.006075 163 163 163
-0.017776 -0.000063 0.006073 163 163 163
-0.017768 -0.000063 0.006070 162 162 162
-0.017776 -0.000063 0.006073 162 162 162
-0.017753 -0.000063 0.006065 162 162 162
-0.017752 -0.000063 0.006065 163 163 163
-0.017752 -0.000063 0.006065 163 163 163
0.047025 0.000404 -0.016018 163 163 163
0.047021 0.000404 -0.016018 163 163 163
0.047017 0.000404 -0.016018 163 163 163
0.047013 0.000404 -0.016018 163 163 163
-0.017964 -0.000065 0.006138 163 163 163
-0.017947 -0.000064 0.006132 163 163 163
-0.017897 -0.000064 0.006115 163 163 163
-0.017972 -0.000065 0.006141 163 163 163
-0.017972 -0.000065 0.006141 163 163 163
-0.017848 -0.000064 0.006099 163 163 163
-0.017824 -0.000064 0.006091 163 163 163
-0.017816 -0.000064 0.006088 163 163 163
-0.017808 -0.000064 0.006086 164 164 164
-0.017763 -0.000063 0.006070 163 163 163
-0.017755 -0.000063 0.006068 163 163 163
-0.017755 -0.000063 0.006068 163 163 163
-0.017755 -0.000063 0.006068 163 163 163
-0.018004 -0.000065 0.006153 163 163 163
-0.018313 -0.000067 0.006259 164 164 164
-0.018313 -0.000067 0.006259 164 164 164
-0.017967 -0.000065 0.006141 164 164 164
-0.017900 -0.000064 0.006118 164 164 164
-0.017867 -0.000064 0.006107 164 164 164
-0.017867 -0.000064 0.006107 164 164 164
-0.018109 -0.000066 0.006190 164 164 164
-0.017773 -0.000063 0.006075 164 164 164
-0.017750 -0.000063 0.006068 164 164 164
-0.017750 -0.000063 0.006068 164 164 164
-0.017757 -0.000063 0.006070 164 164 164
-0.017757 -0.000063 0.006070 164 164 164
-0.017833 -0.000064 0.006096 164 164 164
-0.017989 -0.000065 0.006150 165 165 165
-0.017980 -0.000065 0.006147 165 165 165
-0.017863 -0.000064 0.006107 165 165 165
-0.017832 -0.000064 0.006096 164 164 164
-0.017862 -0.000064 0.006107 165 165 165
-0.017995 -0.000065 0.006153 165 165 165
-0.017969 -0.000065 0.006144 165 165 165
-0.017960 -0.000065 0.006141 165 165 165
-0.017986 -0.000065 0.006150 165 165 165
-0.017968 -0.000065 0.006144 165 165 165
-0.017959 -0.000065 0.006141 165 165 165
-0.017959 -0.000065 0.006141 165 165 165
-0.017950 -0.000065 0.006138 165 165 165
-0.017875 -0.000064 0.006112 165 165 165
-0.017875 -0.000064 0.006112 165 165 165
-0.017866 -0.000064 0.006110 165 165 165
-0.017866 -0.000064 0.006110 165 165 165
-0.017890 -0.000064 0.006118 165 165 165
-0.017956 -0.000065 0.006141 165 165 165
-0.017881 -0.000064 0.006115 165 165 165
-0.017865 -0.000064 0.006110 165 165 165
-0.017857 -0.000064 0.006107 165 165 165
-0.017833 -0.000064 0.006099 166 166 166
-0.017825 -0.000064 0.006096 166 166 166
-0.017801 -0.000064 0.006088 166 166 166
-0.017862 -0.000064 0.006110 166 166 166
-0.017854 -0.000064 0.006107 166 166 166
-0.017854 -0.000064 0.006107 166 166 166
-0.017854 -0.000064 0.006107 166 166 166
-0.017853 -0.000064 0.006107 166 166 166
-0.017902 -0.000064 0.006124 166 166 166
-0.017852 -0.000064 0.006107 166 166 166
-0.017852 -0.000064 0.006107 166 166 166
-0.017852 -0.000064 0.006107 166 166 166
-0.017852 -0.000064 0.006107 166 166 166
-0.017900 -0.000064 0.006124 166 166 166
-0.017983 -0.000065 0.006153 166 166 166
-0.017932 -0.000065 0.006135 166 166 166
-0.017890 -0.000064 0.006121 166 166 166
-0.017890 -0.000064 0.006121 166 166 166
-0.017965 -0.000065 0.006147 166 166 166
-0.017873 -0.000064 0.006115 167 167 167
-0.017857 -0.000064 0.006110 167 167 167
-0.017848 -0.000064 0.006107 167 167 167
-0.017848 -0.000064 0.006107 167 167 167
-0.017848 -0.000064 0.006107 166 166 166
-0.017848 -0.000064 0.006107 166 166 166
-0.261026 -0.001834 0.089795 167 167 167
-0.342997 -0.002430 0.118012 167 167 167
-0.260996 -0.001834 0.089795 167 167 167
-0.260980 -0.001834 0.089795 167 167 167
-0.017883 -0.000064 0.006107 161 161 161
-0.017859 -0.000064 0.006099 161 161 161
-0.017859 -0.000064 0.006099 161 161 161
-0.017859 -0.000064 0.006099 161 161 161
-0.017881 -0.000064 0.006107 162 162 162
-0.017881 -0.000064 0.006107 162 162 162
-0.017980 -0.000065 0.006141 162 162 162
-0.017989 -0.000065 0.006144 162 162 162
-0.017416 -0.000060 0.005949 162 162 162
-0.017383 -0.000060 0.005938 162 162 162
-0.017372 -0.000060 0.005934 162 162 162
-0.017372 -0.000060 0.005934 162 162 162
-0.017371 -0.000060 0.005934 162 162 162
-0.018022 -0.000065 0.006156 162 162 162
0.047114 0.000400 -0.016018 162 162 162
0.047110 0.000400 -0.016018 162 162 162
-0.018004 -0.000065 0.006150 162 162 162
-0.018004 -0.000065 0.006150 162 162 162
0.047098 0.000400 -0.016018 162 162 162
-0.017845 -0.000064 0.006096 162 162 162
-0.017829 -0.000063 0.006091 162 162 162
-0.017791 -0.000063 0.006078 163 163 163
-0.017783 -0.000063 0.006075 163 163 163
-0.017776 -0.000063 0.006073 162 162 162
-0.017753 -0.000063 0.006065 162 162 162
-0.017752 -0.000063 0.006065 162 162 162
-0.017752 -0.000063 0.006065 162 162 162
0.047025 0.000400 -0.016018 163 163 163
0.047021 0.000400 -0.016018 163 163 163
0.047017 0.000400 -0.016018 163 163 163
-0.017947 -0.000064 0.006132 163 163 163
-0.017873 -0.000064 0.006107 163 163 163
-0.017881 -0.000064 0.006110 163 163 163
-0.017848 -0.000064 0.006099 163 163 163
-0.017824 -0.000063 0.006091 163 163 163
-0.017816 -0.000063 0.006088 163 163 163
-0.017808 -0.000063 0.006086 163 163 163
-0.017770 -0.000063 0.006073 163 163 163
-0.017763 -0.000063 0.006070 163 163 163
-0.017763 -0.000063 0.006070 163 163 163
-0.017763 -0.000063 0.006070 163 163 163
-0.017838 -0.000064 0.006096 164 164 164
-0.017960 -0.000064 0.006138 163 163 163
-0.018379 -0.000067 0.006281 164 164 164
-0.018345 -0.000067 0.006270 164 164 164
-0.018345 -0.000067 0.006270 164 164 164
-0.017900 -0.000064 0.006118 164 164 164
-0.017875 -0.000064 0.006110 164 164 164
-0.017859 -0.000064 0.006104 164 164 164
-0.017828 -0.000064 0.006093 164 164 164
-0.017828 -0.000064 0.006093 164 164 164
-0.017773 -0.000063 0.006075 164 164 164
-0.017758 -0.000063 0.006070 164 164 164
-0.017757 -0.000063 0.006070 164 164 164
-0.017757 -0.000063 0.006070 164 164 164
-0.017787 -0.000063 0.006080 164 164 164
-0.017841 -0.000064 0.006099 164 164 164
-0.017863 -0.000064 0.006107 164 164 164
-0.017832 -0.000064 0.006096 165 165 165
-0.017863 -0.000064 0.006107 165 165 165
-0.017862 -0.000064 0.006107 165 165 165
-0.017862 -0.000064 0.006107 165 165 165
-0.017862 -0.000064 0.006107 165 165 165
-0.017944 -0.000064 0.006135 165 165 165
-0.017943 -0.000064 0.006135 165 165 165
-0.017943 -0.000064 0.006135 165 165 165
-0.017960 -0.000065 0.006141 165 165 165
-0.017876 -0.000064 0.006112 165 165 165
-0.017876 -0.000064 0.006112 165 165 165
-0.017876 -0.000064 0.006112 165 165 165
-0.017875 -0.000064 0.006112 165 165 165
-0.017883 -0.000064 0.006115 165 165 165
-0.017867 -0.000064 0.006110 165 165 165
-0.017867 -0.000064 0.006110 165 165 165
-0.017866 -0.000064 0.006110 165 165 165
-0.017866 -0.000064 0.006110 165 165 165
-0.017881 -0.000064 0.006115 166 166 166
-0.017857 -0.000064 0.006107 166 166 166
-0.017857 -0.000064 0.006107 165 165 165
-0.017841 -0.000064 0.006101 165 165 165
-0.017833 -0.000064 0.006099 166 166 166
-0.017862 -0.000064 0.006110 165 165 165
-0.017854 -0.000064 0.006107 166 166 166
-0.017854 -0.000064 0.006107 166 166 166
-0.017845 -0.000064 0.006104 166 166 166
-0.017853 -0.000064 0.006107 166 166 166
-0.017852 -0.000064 0.006107 166 166 166
-0.017852 -0.000064 0.006107 166 166 166
-0.017852 -0.000064 0.006107 166 166 166
-0.017852 -0.000064 0.006107 166 166 166
-0.017859 -0.000064 0.006110 166 166 166
-0.017890 -0.000064 0.006121 166 166 166
-0.017890 -0.000064 0.006121 167 167 167
-0.017857 -0.000064 0.006110 166 166 166
-0.017848 -0.000064 0.006107 167 167 167
-0.017848 -0.000064 0.006107 167 167 167
-0.017848 -0.000064 0.006107 166 166 166
-0.017848 -0.000064 0.006107 167 167 167
-0.343018 -0.002410 0.118012 167 167 167
-0.342997 -0.002410 0.118012 167 167 167
-0.342977 -0.002410 0.118012 167 167 167
-0.342956 -0.002410 0.118012 167 167 167
-0.017875 -0.000064 0.006104 161 161 161
-0.017875 -0.000064 0.006104 161 161 161
-0.017883 -0.000064 0.006107 161 161 161
-0.017883 -0.000064 0.006107 161 161 161
-0.017882 -0.000064 0.006107 161 161 161
-0.017866 -0.000064 0.006101 162 162 162
-0.017874 -0.000064 0.006104 161 161 161
-0.017873 -0.000064 0.006104 162 162 162
-0.017842 -0.000063 0.006093 162 162 162
-0.017849 -0.000063 0.006096 162 162 162
-0.017873 -0.000064 0.006104 162 162 162
-0.017881 -0.000064 0.006107 162 162 162
-0.017980 -0.000064 0.006141 162 162 162
-0.017416 -0.000060 0.005949 162 162 162
-0.017383 -0.000060 0.005938 162 162 162
-0.017393 -0.000060 0.005942 162 162 162
0.047121 0.000396 -0.016018 162 162 162
0.047118 0.000396 -0.016018 162 162 162
0.047114 0.000396 -0.016018 162 162 162
0.047110 0.000396 -0.016018 162 162 162
0.047106 0.000396 -0.016018 162 162 162
0.047102 0.000396 -0.016018 162 162 162
0.047098 0.000396 -0.016018 162 162 162
-0.017845 -0.000063 0.006096 162 162 162
-0.017829 -0.000063 0.006091 162 162 162
0.047056 0.000396 -0.016018 162 162 162
0.047048 0.000396 -0.016018 162 162 162
0.047044 0.000396 -0.016018 163 163 163
0.047040 0.000396 -0.016018 163 163 163
0.047029 0.000396 -0.016018 162 162 162
0.047025 0.000396 -0.016018 163 163 163
0.047021 0.000396 -0.016018 163 163 163
0.047017 0.000396 -0.016018 162 162 162
-0.017873 -0.000064 0.006107 163 163 163
0.046998 0.000396 -0.016018 163 163 163
-0.017840 -0.000063 0.006096 163 163 163
-0.017824 -0.000063 0.006091 163 163 163
-0.017816 -0.000063 0.006088 163 163 163
-0.017801 -0.000063 0.006083 163 163 163
-0.017770 -0.000063 0.006073 163 163 163
-0.017763 -0.000063 0.006070 163 163 163
-0.017830 -0.000063 0.006093 163 163 163
-0.017861 -0.000064 0.006104 164 164 164
-0.018379 -0.000067 0.006281 164 164 164
-0.018379 -0.000067 0.006281 164 164 164
-0.017876 -0.000064 0.006110 164 164 164
-0.017867 -0.000064 0.006107 164 164 164
-0.017859 -0.000064 0.006104 164 164 164
-0.017828 -0.000063 0.006093 164 164 164
-0.017828 -0.000063 0.006093 164 164 164
-0.017772 -0.000063 0.006075 164 164 164
-0.017757 -0.000063 0.006070 164 164 164
-0.017854 -0.000064 0.006104 165 165 165
-0.017846 -0.000064 0.006101 165 165 165
-0.017846 -0.000064 0.006101 165 165 165
-0.017862 -0.000064 0.006107 164 164 164
-0.017894 -0.000064 0.006118 165 165 165
-0.017894 -0.000064 0.006118 164 164 164
-0.017902 -0.000064 0.006121 164 164 164
-0.017918 -0.000064 0.006126 165 165 165
-0.017876 -0.000064 0.006112 165 165 165
-0.017876 -0.000064 0.006112 165 165 165
-0.017876 -0.000064 0.006112 165 165 165
-0.017875 -0.000064 0.006112 165 165 165
-0.017867 -0.000064 0.006110 165 165 165
-0.017875 -0.000064 0.006112 165 165 165
-0.017866 -0.000064 0.006110 165 165 165
-0.017865 -0.000064 0.006110 165 165 165
-0.017857 -0.000064 0.006107 165 165 165
-0.017857 -0.000064 0.006107 165 165 165
-0.017857 -0.000064 0.006107 165 165 165
-0.017853 -0.000064 0.006107 166 166 166
-0.017852 -0.000064 0.006107 166 166 166
-0.017852 -0.000064 0.006107 166 166 166
-0.017860 -0.000064 0.006110 166 166 166
-0.017856 -0.000064 0.006110 166 166 166
-0.017848 -0.000064 0.006107 166 166 166
-0.017848 -0.000064 0.006107 166 166 166
-0.017856 -0.000064 0.006110 166 166 166
-0.343018 -0.002389 0.118012 166 166 166
-0.342997 -0.002389 0.118012 166 166 166
-0.342977 -0.002389 0.118012 167 167 167
-0.342956 -0.002389 0.118012 167 167 167
-0.017883 -0.000063 0.006107 161 161 161
-0.017875 -0.000063 0.006104 161 161 161
-0.017883 -0.000063 0.006107 161 161 161
-0.017883 -0.000063 0.006107 161 161 161
-0.017882 -0.000063 0.006107 161 161 161
-0.017866 -0.000063 0.006101 161 161 161
-0.017866 -0.000063 0.006101 162 162 162
-0.017874 -0.000063 0.006104 161 161 161
-0.017873 -0.000063 0.006104 161 161 161
-0.017842 -0.000063 0.006093 162 162 162
-0.017841 -0.000063 0.006093 162 162 162
-0.017849 -0.000063 0.006096 162 162 162
-0.017873 -0.000063 0.006104 162 162 162
-0.017880 -0.000063 0.006107 162 162 162
0.047156 0.000392 -0.016018 162 162 162
0.047129 0.000392 -0.016018 162 162 162
0.047125 0.000392 -0.016018 162 162 162
0.047121 0.000392 -0.016018 162 162 162
0.047118 0.000392 -0.016018 162 162 162
0.047114 0.000392 -0.016018 162 162 162
0.047110 0.000392 -0.016018 162 162 162
0.047106 0.000392 -0.016018 162 162 162
0.047102 0.000392 -0.016018 162 162 162
0.047098 0.000392 -0.016018 162 162 162
0.047094 0.000392 -0.016018 162 162 162
0.047063 0.000392 -0.016018 162 162 162
0.047060 0.000392 -0.016018 162 162 162
0.047056 0.000392 -0.016018 162 162 162
0.047044 0.000392 -0.016018 163 163 163
0.047040 0.000392 -0.016018 162 162 162
0.047036 0.000392 -0.016018 162 162 162
0.047033 0.000392 -0.016018 163 163 163
0.047029 0.000392 -0.016018 163 163 163
0.047025 0.000392 -0.016018 163 163 163
0.047021 0.000392 -0.016018 163 163 163
0.047017 0.000392 -0.016018 163 163 163
0.047013 0.000392 -0.016018 162 162 162
0.046998 0.000392 -0.016018 163 163 163
0.046994 0.000392 -0.016018 163 163 163
-0.017863 -0.000063 0.006104 163 163 163
-0.017847 -0.000063 0.006099 163 163 163
-0.017830 -0.000063 0.006093 163 163 163
-0.017838 -0.000063 0.006096 164 164 164
-0.018401 -0.000067 0.006289 163 163 163
-0.017867 -0.000063 0.006107 164 164 164
-0.017859 -0.000063 0.006104 164 164 164
-0.017828 -0.000063 0.006093 164 164 164
-0.017828 -0.000063 0.006093 164 164 164
-0.017849 -0.000063 0.006101 164 164 164
-0.017846 -0.000063 0.006101 165 165 165
-0.017846 -0.000063 0.006101 165 165 165
-0.017846 -0.000063 0.006101 165 165 165
-0.017854 -0.000063 0.006104 164 164 164
-0.017862 -0.000063 0.006107 165 165 165
-0.017869 -0.000063 0.006110 165 165 165
-0.017894 -0.000064 0.006118 164 164 164
-0.017902 -0.000064 0.006121 165 165 165
-0.017868 -0.000063 0.006110 165 165 165
-0.017868 -0.000063 0.006110 165 165 165
-0.017868 -0.000063 0.006110 165 165 165
-0.017875 -0.000064 0.006112 165 165 165
-0.017875 -0.000064 0.006112 165 165 165
-0.017867 -0.000063 0.006110 165 165 165
-0.018447 -0.000068 0.006309 165 165 165
0.478380 0.003444 -0.164156 165 165 165
0.478349 0.003444 -0.164156 165 165 165
0.971503 0.006931 -0.333456 165 165 165
0.971318 0.006931 -0.333456 166 166 166
0.971256 0.006931 -0.333456 165 165 165
-0.017856 -0.000063 0.006110 166 166 166
-0.342997 -0.002368 0.118012 166 166 166
-0.342977 -0.002368 0.118012 167 167 167
-0.342956 -0.002368 0.118012 167 167 167
0.047226 0.000388 -0.016018 162 162 162
0.047222 0.000388 -0.016018 161 161 161
0.047218 0.000388 -0.016018 161 161 161
-0.017883 -0.000063 0.006107 162 162 162
-0.017883 -0.000063 0.006107 162 162 162
-0.017883 -0.000063 0.006107 161 161 161
0.047203 0.000388 -0.016018 162 162 162
0.047191 0.000388 -0.016018 161 161 161
0.047187 0.000388 -0.016018 161 161 161
0.047183 0.000388 -0.016018 161 161 161
-0.017881 -0.000063 0.006107 161 161 161
-0.017857 -0.000063 0.006099 162 162 162
-0.017849 -0.000063 0.006096 162 162 162
-0.017849 -0.000063 0.006096 161 161 161
-0.017873 -0.000063 0.006104 161 161 161
0.047160 0.000388 -0.016018 162 162 162
0.047156 0.000388 -0.016018 161 161 161
0.047152 0.000388 -0.016018 162 162 162
0.047149 0.000388 -0.016018 162 162 162
0.047145 0.000388 -0.016018 162 162 162
0.047129 0.000388 -0.016018 162 162 162
0.047125 0.000388 -0.016018 162 162 162
0.047121 0.000388 -0.016018 162 162 162
0.047118 0.000388 -0.016018 162 162 162
0.047114 0.000388 -0.016018 162 162 162
0.047110 0.000388 -0.016018 162 162 162
0.047106 0.000388 -0.016018 162 162 162
0.047102 0.000388 -0.016018 162 162 162
0.047098 0.000388 -0.016018 162 162 162
0.047094 0.000388 -0.016018 162 162 162
0.047091 0.000388 -0.016018 162 162 162
0.047087 0.000388 -0.016018 162 162 162
0.047083 0.000388 -0.016018 162 162 162
0.047067 0.000388 -0.016018 162 162 162
0.047063 0.000388 -0.016018 162 162 162
0.047060 0.000388 -0.016018 162 162 162
0.047056 0.000388 -0.016018 163 163 163
0.047052 0.000388 -0.016018 163 163 163
0.047048 0.000388 -0.016018 163 163 163
0.047044 0.000388 -0.016018 163 163 163
0.047040 0.000388 -0.016018 162 162 162
0.047036 0.000388 -0.016018 162 162 162
0.047033 0.000388 -0.016018 162 162 162
0.047029 0.000388 -0.016018 162 162 162
0.047025 0.000388 -0.016018 163 163 163
0.047021 0.000388 -0.016018 163 163 163
0.047017 0.000388 -0.016018 163 163 163
0.047013 0.000388 -0.016018 163 163 163
0.047009 0.000388 -0.016018 163 163 163
0.046998 0.000388 -0.016018 163 163 163
0.046994 0.000388 -0.016018 163 163 163
0.046990 0.000388 -0.016018 163 163 163
0.046986 0.000388 -0.016018 163 163 163
0.046982 0.000388 -0.016018 163 163 163
-0.017867 -0.000063 0.006107 163 163 163
-0.017859 -0.000063 0.006104 164 164 164
-0.017835 -0.000063 0.006096 164 164 164
-0.017849 -0.000063 0.006101 164 164 164
-0.017847 -0.000063 0.006101 164 164 164
-0.017839 -0.000063 0.006099 165 165 165
-0.017846 -0.000063 0.006101 165 165 165
-0.017846 -0.000063 0.006101 165 165 165
-0.017846 -0.000063 0.006101 165 165 165
-0.017854 -0.000063 0.006104 165 165 165
-0.017869 -0.000063 0.006110 165 165 165
-0.017885 -0.000063 0.006115 164 164 164
-0.017910 -0.000064 0.006124 165 165 165
-0.017884 -0.000063 0.006115 165 165 165
-0.017868 -0.000063 0.006110 165 165 165
-0.017868 -0.000063 0.006110 165 165 165
-0.017875 -0.000063 0.006112 165 165 165
-0.018458 -0.000067 0.006313 165 165 165
-0.018458 -0.000067 0.006313 165 165 165
-0.018458 -0.000067 0.006313 165 165 165
0.478411 0.003413 -0.164156 165 165 165
0.478380 0.003413 -0.164156 165 165 165
0.478349 0.003413 -0.164156 165 165 165
0.478318 0.003413 -0.164156 165 165 165
0.971442 0.006869 -0.333456 165 165 165
0.971380 0.006869 -0.333456 165 165 165
0.971318 0.006869 -0.333456 165 165 165
0.971256 0.006869 -0.333456 165 165 165
-0.998948 -0.006956 0.343746 166 166 166
-0.506969 -0.003500 0.174446 166 166 166
-0.342977 -0.002348 0.118012 167 167 167
-0.342956 -0.002348 0.118012 167 167 167
0.047226 0.000385 -0.016018 161 161 161
0.047207 0.000385 -0.016018 161 161 161
0.047203 0.000385 -0.016018 161 161 161
0.047199 0.000385 -0.016018 161 161 161
0.047195 0.000385 -0.016018 161 161 161
0.047191 0.000385 -0.016018 161 161 161
0.047187 0.000385 -0.016018 161 161 161
0.047183 0.000385 -0.016018 161 161 161
0.047179 0.000385 -0.016018 162 162 162
-0.017857 -0.000063 0.006099 162 162 162
-0.017857 -0.000063 0.006099 162 162 162
-0.017873 -0.000063 0.006104 161 161 161
0.047156 0.000385 -0.016018 161 161 161
0.047152 0.000385 -0.016018 162 162 162
0.047149 0.000385 -0.016018 162 162 162
0.047145 0.000385 -0.016018 162 162 162
0.047141 0.000385 -0.016018 162 162 162
0.047137 0.000385 -0.016018 162 162 162
0.047133 0.000385 -0.016018 161 161 161
0.047129 0.000385 -0.016018 162 162 162
0.047125 0.000385 -0.016018 162 162 162
0.047121 0.000385 -0.016018 162 162 162
0.047118 0.000385 -0.016018 162 162 162
0.047114 0.000385 -0.016018 162 162 162
0.047110 0.000385 -0.016018 162 162 162
0.047106 0.000385 -0.016018 161 161 161
0.047102 0.000385 -0.016018 161 161 161
0.047098 0.000385 -0.016018 162 162 162
0.047094 0.000385 -0.016018 162 162 162
0.047091 0.000385 -0.016018 162 162 162
0.047087 0.000385 -0.016018 162 162 162
0.047083 0.000385 -0.016018 162 162 162
0.047079 0.000385 -0.016018 162 162 162
0.047075 0.000385 -0.016018 162 162 162
0.047071 0.000385 -0.016018 162 162 162
0.047067 0.000385 -0.016018 162 162 162
0.047063 0.000385 -0.016018 162 162 162
0.047060 0.000385 -0.016018 162 162 162
0.047056 0.000385 -0.016018 163 163 163
0.047052 0.000385 -0.016018 163 163 163
0.047048 0.000385 -0.016018 162 162 162
0.047044 0.000385 -0.016018 162 162 162
0.047040 0.000385 -0.016018 162 162 162
0.047036 0.000385 -0.016018 162 162 162
0.047033 0.000385 -0.016018 162 162 162
0.047029 0.000385 -0.016018 162 162 162
0.047025 0.000385 -0.016018 163 163 163
0.047021 0.000385 -0.016018 163 163 163
0.047017 0.000385 -0.016018 163 163 163
0.047013 0.000385 -0.016018 163 163 163
0.047009 0.000385 -0.016018 162 162 162
0.047005 0.000385 -0.016018 163 163 163
0.047002 0.000385 -0.016018 163 163 163
0.046998 0.000385 -0.016018 163 163 163
0.046994 0.000385 -0.016018 163 163 163
0.046990 0.000385 -0.016018 163 163 163
0.046986 0.000385 -0.016018 163 163 163
0.046982 0.000385 -0.016018 163 163 163
0.046978 0.000385 -0.016018 163 163 163
-0.017835 -0.000063 0.006096 163 163 163
-0.017858 -0.000063 0.006104 164 164 164
-0.017834 -0.000063 0.006096 164 164 164
-0.017773 -0.000062 0.006075 164 164 164
-0.017772 -0.000062 0.006075 164 164 164
-0.017772 -0.000062 0.006075 164 164 164
-0.017855 -0.000063 0.006104 164 164 164
-0.017839 -0.000063 0.006099 164 164 164
-0.017846 -0.000063 0.006101 165 165 165
-0.017846 -0.000063 0.006101 165 165 165
-0.017854 -0.000063 0.006104 164 164 164
-0.017854 -0.000063 0.006104 164 164 164
-0.017869 -0.000063 0.006110 164 164 164
-0.017910 -0.000063 0.006124 164 164 164
-0.017884 -0.000063 0.006115 165 165 165
-0.018470 -0.000067 0.006317 165 165 165
-0.018458 -0.000067 0.006313 165 165 165
-0.018458 -0.000067 0.006313 165 165 165
0.478566 0.003382 -0.164156 165 165 165
0.972122 0.006807 -0.333456 165 165 165
0.972060 0.006807 -0.333456 165 165 165
0.971999 0.006807 -0.333456 165 165 165
0.478442 0.003382 -0.164156 165 165 165
0.478411 0.003382 -0.164156 165 165 165
0.478380 0.003382 -0.164156 165 165 165
0.478349 0.003382 -0.164156 165 165 165
0.971689 0.006807 -0.333456 165 165 165
0.971380 0.006807 -0.333456 165 165 165
0.971318 0.006807 -0.333456 165 165 165
0.971256 0.006807 -0.333456 165 165 165
-0.999010 -0.006894 0.343746 166 166 166
-0.998948 -0.006894 0.343746 166 166 166
-0.506969 -0.003469 0.174446 166 166 166
-0.342977 -0.002327 0.118012 166 166 166
-0.342956 -0.002327 0.118012 166 166 166
0.047226 0.000381 -0.016018 161 161 161
0.047222 0.000381 -0.016018 161 161 161
0.047203 0.000381 -0.016018 161 161 161
0.047199 0.000381 -0.016018 161 161 161
0.047195 0.000381 -0.016018 161 161 161
0.047156 0.000381 -0.016018 161 161 161
0.047152 0.000381 -0.016018 162 162 162
0.047149 0.000381 -0.016018 162 162 162
0.047145 0.000381 -0.016018 162 162 162
0.047141 0.000381 -0.016018 162 162 162
0.047137 0.000381 -0.016018 162 162 162
0.047133 0.000381 -0.016018 162 162 162
0.047129 0.000381 -0.016018 162 162 162
0.047125 0.000381 -0.016018 162 162 162
0.047121 0.000381 -0.016018 162 162 162
0.047118 0.000381 -0.016018 162 162 162
0.047114 0.000381 -0.016018 162 162 162
0.047110 0.000381 -0.016018 162 162 162
0.047106 0.000381 -0.016018 162 162 162
0.047102 0.000381 -0.016018 161 161 161
0.047098 0.000381 -0.016018 162 162 162
0.047094 0.000381 -0.016018 162 162 162
0.047091 0.000381 -0.016018 162 162 162
0.047087 0.000381 -0.016018 162 162 162
0.047083 0.000381 -0.016018 162 162 162
0.047079 0.000381 -0.016018 162 162 162
0.047075 0.000381 -0.016018 162 162 162
0.047071 0.000381 -0.016018 162 162 162
0.047067 0.000381 -0.016018 162 162 162
0.047063 0.000381 -0.016018 162 162 162
0.047060 0.000381 -0.016018 162 162 162
0.047056 0.000381 -0.016018 162 162 162
0.047052 0.000381 -0.016018 162 162 162
0.047048 0.000381 -0.016018 162 162 162
0.047044 0.000381 -0.016018 162 162 162
0.047040 0.000381 -0.016018 162 162 162
0.047036 0.000381 -0.016018 162 162 162
0.047033 0.000381 -0.016018 162 162 162
0.047029 0.000381 -0.016018 162 162 162
0.047025 0.000381 -0.016018 163 163 163
0.047021 0.000381 -0.016018 163 163 163
0.047017 0.000381 -0.016018 162 162 162
0.047013 0.000381 -0.016018 162 162 162
0.047009 0.000381 -0.016018 162 162 162
0.047005 0.000381 -0.016018 162 162 162
0.047002 0.000381 -0.016018 162 162 162
0.046998 0.000381 -0.016018 162 162 162
0.046994 0.000381 -0.016018 163 163 163
0.046990 0.000381 -0.016018 163 163 163
0.046986 0.000381 -0.016018 163 163 163
0.046982 0.000381 -0.016018 163 163 163
0.046978 0.000381 -0.016018 163 163 163
0.046975 0.000381 -0.016018 163 163 163
-0.017632 -0.000061 0.006027 164 164 164
-0.017626 -0.000061 0.006024 164 164 164
-0.017625 -0.000061 0.006024 163 163 163
-0.017714 -0.000062 0.006055 164 164 164
-0.017658 -0.000061 0.006036 164 164 164
-0.017714 -0.000062 0.006055 164 164 164
-0.017714 -0.000062 0.006055 164 164 164
-0.017854 -0.000063 0.006104 164 164 164
-0.017846 -0.000063 0.006101 164 164 164
-0.017846 -0.000063 0.006101 164 164 164
-0.017854 -0.000063 0.006104 164 164 164
-0.017862 -0.000063 0.006107 164 164 164
-0.018293 -0.000066 0.006255 164 164 164
-0.018131 -0.000065 0.006200 165 165 165
-0.018140 -0.000065 0.006203 165 165 165
-0.018470 -0.000067 0.006317 165 165 165
0.478566 0.003351 -0.164156 165 165 165
0.478535 0.003351 -0.164156 165 165 165
0.972060 0.006745 -0.333456 165 165 165
0.971999 0.006745 -0.333456 165 165 165
0.478442 0.003351 -0.164156 165 165 165
0.478411 0.003351 -0.164156 165 165 165
0.478380 0.003351 -0.164156 165 165 165
0.478349 0.003351 -0.164156 165 165 165
0.971689 0.006745 -0.333456 165 165 165
0.971627 0.006745 -0.333456 165 165 165
-0.999010 -0.006833 0.343746 166 166 166
-0.998948 -0.006833 0.343746 166 166 166
-0.506969 -0.003438 0.174446 166 166 166
-0.506938 -0.003438 0.174446 166 166 166
-0.506908 -0.003438 0.174446 166 166 166
-0.017550 -0.000060 0.005994 161 161 161
-0.017550 -0.000060 0.005994 161 161 161
-0.017569 -0.000061 0.006000 161 161 161
-0.017569 -0.000061 0.006000 161 161 161
-0.017568 -0.000061 0.006000 161 161 161
-0.017581 -0.000061 0.006004 161 161 161
0.047207 0.000377 -0.016018 161 161 161
0.047203 0.000377 -0.016018 161 161 161
-0.018107 -0.000064 0.006184 161 161 161
0.047156 0.000377 -0.016018 161 161 161
0.047152 0.000377 -0.016018 161 161 161
0.047149 0.000377 -0.016018 161 161 161
0.047145 0.000377 -0.016018 162 162 162
0.047141 0.000377 -0.016018 161 161 161
0.047137 0.000377 -0.016018 162 162 162
0.047129 0.000377 -0.016018 162 162 162
0.047125 0.000377 -0.016018 162 162 162
-0.018086 -0.000064 0.006177 161 161 161
-0.018095 -0.000064 0.006180 162 162 162
-0.018094 -0.000064 0.006180 162 162 162
0.047110 0.000377 -0.016018 162 162 162
0.047094 0.000377 -0.016018 162 162 162
0.047091 0.000377 -0.016018 162 162 162
0.047087 0.000377 -0.016018 162 162 162
0.047083 0.000377 -0.016018 162 162 162
0.047079 0.000377 -0.016018 162 162 162
0.047075 0.000377 -0.016018 162 162 162
0.047071 0.000377 -0.016018 162 162 162
0.047060 0.000377 -0.016018 162 162 162
0.047056 0.000377 -0.016018 162 162 162
0.047052 0.000377 -0.016018 162 162 162
0.047048 0.000377 -0.016018 162 162 162
0.047044 0.000377 -0.016018 162 162 162
0.047040 0.000377 -0.016018 162 162 162
0.047036 0.000377 -0.016018 162 162 162
0.047033 0.000377 -0.016018 162 162 162
0.047029 0.000377 -0.016018 162 162 162
0.047025 0.000377 -0.016018 162 162 162
0.047021 0.000377 -0.016018 162 162 162
0.047017 0.000377 -0.016018 162 162 162
0.047013 0.000377 -0.016018 162 162 162
0.047009 0.000377 -0.016018 162 162 162
0.047005 0.000377 -0.016018 162 162 162
0.047002 0.000377 -0.016018 162 162 162
0.046998 0.000377 -0.016018 163 163 163
0.046994 0.000377 -0.016018 163 163 163
0.046990 0.000377 -0.016018 163 163 163
0.046986 0.000377 -0.016018 162 162 162
0.046982 0.000377 -0.016018 162 162 162
0.046978 0.000377 -0.016018 163 163 163
0.046975 0.000377 -0.016018 163 163 163
0.046971 0.000377 -0.016018 163 163 163
-0.017633 -0.000061 0.006027 163 163 163
-0.017612 -0.000061 0.006020 163 163 163
-0.017612 -0.000061 0.006020 164 164 164
-0.017606 -0.000061 0.006018 164 164 164
-0.017714 -0.000062 0.006055 163 163 163
-0.017658 -0.000061 0.006036 164 164 164
-0.018041 -0.000064 0.006168 164 164 164
-0.018040 -0.000064 0.006168 164 164 164
-0.018293 -0.000066 0.006255 164 164 164
-0.018151 -0.000065 0.006206 164 164 164
-0.018141 -0.000065 0.006203 164 164 164
-0.018131 -0.000065 0.006200 164 164 164
-0.018140 -0.000065 0.006203 165 165 165
-0.018140 -0.000065 0.006203 165 165 165
-0.018140 -0.000065 0.006203 165 165 165
-0.018140 -0.000065 0.006203 165 165 165
-0.018140 -0.000065 0.006203 165 165 165
-0.018447 -0.000067 0.006309 165 165 165
-0.018470 -0.000067 0.006317 165 165 165
-0.018458 -0.000067 0.006313 165 165 165
0.971999 0.006683 -0.333456 164 164 164
0.971937 0.006683 -0.333456 165 165 165
0.478411 0.003320 -0.164156 165 165 165
0.478380 0.003320 -0.164156 165 165 165
0.478349 0.003320 -0.164156 165 165 165
0.478318 0.003320 -0.164156 165 165 165
0.971627 0.006683 -0.333456 165 165 165
-0.999010 -0.006771 0.343746 166 166 166
-0.998948 -0.006771 0.343746 166 166 166
-0.506969 -0.003407 0.174446 166 166 166
-0.506938 -0.003407 0.174446 166 166 166
-0.506908 -0.003407 0.174446 166 166 166
-0.017550 -0.000060 0.005994 161 161 161
-0.017550 -0.000060 0.005994 160 160 160
-0.017569 -0.000060 0.006000 161 161 161
-0.017569 -0.000060 0.006000 161 161 161
-0.017568 -0.000060 0.006000 161 161 161
-0.017568 -0.000060 0.006000 161 161 161
-0.017581 -0.000061 0.006004 161 161 161
0.047203 0.000373 -0.016018 161 161 161
-0.018136 -0.000064 0.006193 161 161 161
-0.018107 -0.000064 0.006184 161 161 161
-0.018098 -0.000064 0.006180 161 161 161
-0.018107 -0.000064 0.006184 161 161 161
0.047152 0.000373 -0.016018 161 161 161
0.047149 0.000373 -0.016018 161 161 161
0.047145 0.000373 -0.016018 161 161 161
0.047141 0.000373 -0.016018 161 161 161
0.047137 0.000373 -0.016018 161 161 161
-0.018031 -0.000064 0.006159 162 162 162
-0.018067 -0.000064 0.006171 162 162 162
-0.018049 -0.000064 0.006165 162 162 162
-0.018067 -0.000064 0.006171 161 161 161
-0.018058 -0.000064 0.006168 162 162 162
-0.017551 -0.000060 0.005996 162 162 162
-0.017551 -0.000060 0.005996 162 162 162
0.047087 0.000373 -0.016018 162 162 162
-0.017641 -0.000061 0.006027 162 162 162
-0.017641 -0.000061 0.006027 162 162 162
-0.017640 -0.000061 0.006027 162 162 162
0.047052 0.000373 -0.016018 162 162 162
0.047048 0.000373 -0.016018 162 162 162
0.047044 0.000373 -0.016018 162 162 162
0.047040 0.000373 -0.016018 162 162 162
0.047036 0.000373 -0.016018 162 162 162
0.047033 0.000373 -0.016018 162 162 162
0.047029 0.000373 -0.016018 162 162 162
0.047025 0.000373 -0.016018 162 162 162
0.047021 0.000373 -0.016018 162 162 162
0.047017 0.000373 -0.016018 162 162 162
0.047013 0.000373 -0.016018 163 163 163
0.047002 0.000373 -0.016018 162 162 162
0.046998 0.000373 -0.016018 162 162 162
0.046994 0.000373 -0.016018 163 163 163
0.046990 0.000373 -0.016018 162 162 162
0.046986 0.000373 -0.016018 162 162 162
0.046982 0.000373 -0.016018 163 163 163
0.046978 0.000373 -0.016018 162 162 162
0.046975 0.000373 -0.016018 162 162 162
-0.017613 -0.000061 0.006020 164 164 164
-0.017613 -0.000061 0.006020 163 163 163
-0.017606 -0.000061 0.006018 163 163 163
-0.017599 -0.000061 0.006015 163 163 163
-0.017573 -0.000061 0.006007 163 163 163
-0.018155 -0.000065 0.006206 164 164 164
-0.018155 -0.000065 0.006206 164 164 164
-0.018125 -0.000064 0.006197 164 164 164
-0.018115 -0.000064 0.006193 164 164 164
-0.018059 -0.000064 0.006174 164 164 164
-0.018151 -0.000065 0.006206 164 164 164
-0.018141 -0.000064 0.006203 164 164 164
-0.018141 -0.000064 0.006203 164 164 164
-0.018131 -0.000064 0.006200 164 164 164
-0.018140 -0.000064 0.006203 164 164 164
-0.018140 -0.000064 0.006203 164 164 164
-0.018140 -0.000064 0.006203 165 165 165
-0.018140 -0.000064 0.006203 165 165 165
-0.018140 -0.000064 0.006203 165 165 165
-0.018130 -0.000064 0.006200 164 164 164
-0.018073 -0.000064 0.006180 165 165 165
-0.018101 -0.000064 0.006190 165 165 165
0.478751 0.003289 -0.164156 164 164 164
0.478659 0.003289 -0.164156 165 165 165
0.478628 0.003289 -0.164156 165 165 165
-0.017636 -0.000061 0.006031 165 165 165
-0.017636 -0.000061 0.006031 165 165 165
0.478380 0.003289 -0.164156 165 165 165
0.478318 0.003289 -0.164156 165 165 165
0.971627 0.006622 -0.333456 165 165 165
-0.018148 -0.000065 0.006210 166 166 166
-0.018138 -0.000065 0.006206 166 166 166
-0.018128 -0.000064 0.006203 166 166 166
-0.018109 -0.000064 0.006197 166 166 166
-0.018109 -0.000064 0.006197 166 166 166
-0.018109 -0.000064 0.006197 166 166 166
-0.507000 -0.003376 0.174446 166 166 166
-0.506969 -0.003376 0.174446 166 166 166
-0.506938 -0.003376 0.174446 166 166 166
-0.506908 -0.003376 0.174446 166 166 166
-0.017575 -0.000060 0.006002 158 158 158
-0.017569 -0.000060 0.006000 158 158 158
-0.017582 -0.000060 0.006004 158 158 158
-0.017581 -0.000060 0.006004 158 158 158
-0.017581 -0.000060 0.006004 158 158 158
-0.017594 -0.000060 0.006009 158 158 158
-0.017600 -0.000061 0.006011 158 158 158
-0.017626 -0.000061 0.006020 158 158 158
-0.018126 -0.000064 0.006190 158 158 158
-0.018107 -0.000064 0.006184 158 158 158
-0.018107 -0.000064 0.006184 158 158 158
-0.018107 -0.000064 0.006184 158 158 158
0.047152 0.000369 -0.016018 158 158 158
0.047149 0.000369 -0.016018 158 158 158
0.047145 0.000369 -0.016018 158 158 158
-0.017624 -0.000061 0.006020 158 158 158
-0.017617 -0.000061 0.006018 158 158 158
-0.017624 -0.000061 0.006020 158 158 158
-0.017623 -0.000061 0.006020 158 158 158
-0.018031 -0.000063 0.006159 159 159 159
-0.018058 -0.000064 0.006168 159 159 159
-0.018095 -0.000064 0.006180 158 158 158
-0.018210 -0.000065 0.006220 158 158 158
-0.018210 -0.000065 0.006220 159 159 159
-0.018094 -0.000064 0.006180 159 159 159
-0.017629 -0.000061 0.006022 159 159 159
-0.017577 -0.000060 0.006004 159 159 159
-0.017551 -0.000060 0.005996 159 159 159
-0.017551 -0.000060 0.005996 158 158 158
-0.017595 -0.000061 0.006011 158 158 158
-0.017641 -0.000061 0.006027 159 159 159
-0.017641 -0.000061 0.006027 159 159 159
-0.017641 -0.000061 0.006027 159 159 159
-0.017640 -0.000061 0.006027 159 159 159
-0.017647 -0.000061 0.006029 158 158 158
0.047048 0.000369 -0.016018 159 159 159
0.047044 0.000369 -0.016018 159 159 159
0.047040 0.000369 -0.016018 159 159 159
0.047036 0.000369 -0.016018 159 159 159
0.047033 0.000369 -0.016018 159 159 159
0.047029 0.000369 -0.016018 159 159 159
0.047025 0.000369 -0.016018 159 159 159
0.047021 0.000369 -0.016018 159 159 159
0.047017 0.000369 -0.016018 159 159 159
0.047002 0.000369 -0.016018 159 159 159
0.046998 0.000369 -0.016018 159 159 159
0.046994 0.000369 -0.016018 159 159 159
0.046990 0.000369 -0.016018 159 159 159
-0.017636 -0.000061 0.006027 159 159 159
-0.017636 -0.000061 0.006027 159 159 159
-0.017636 -0.000061 0.006027 159 159 159
-0.017636 -0.000061 0.006027 159 159 159
-0.017649 -0.000061 0.006031 159 159 159
-0.017649 -0.000061 0.006031 159 159 159
-0.017670 -0.000061 0.006038 159 159 159
-0.017640 -0.000061 0.006029 159 159 159
-0.017633 -0.000061 0.006027 159 159 159
-0.017633 -0.000061 0.006027 159 159 159
-0.017633 -0.000061 0.006027 159 159 159
-0.017626 -0.000061 0.006024 160 160 160
-0.017613 -0.000061 0.006020 160 160 160
-0.017613 -0.000061 0.006020 159 159 159
-0.017606 -0.000061 0.006018 159 159 159
-0.017599 -0.000061 0.006015 160 160 160
-0.017586 -0.000061 0.006011 160 160 160
-0.018136 -0.000064 0.006200 160 160 160
-0.018117 -0.000064 0.006193 160 160 160
-0.018126 -0.000064 0.006197 160 160 160
-0.018145 -0.000064 0.006203 160 160 160
-0.018145 -0.000064 0.006203 160 160 160
-0.017649 -0.000061 0.006034 160 160 160
-0.017642 -0.000061 0.006031 160 160 160
-0.018115 -0.000064 0.006193 160 160 160
-0.018115 -0.000064 0.006193 160 160 160
-0.018059 -0.000064 0.006174 160 160 160
-0.018059 -0.000064 0.006174 160 160 160
-0.017648 -0.000061 0.006034 160 160 160
-0.017648 -0.000061 0.006034 161 161 161
-0.017634 -0.000061 0.006029 160 160 160
-0.017640 -0.000061 0.006031 160 160 160
-0.018122 -0.000064 0.006197 160 160 160
-0.018122 -0.000064 0.006197 160 160 160
-0.018141 -0.000064 0.006203 160 160 160
-0.018141 -0.000064 0.006203 160 160 160
-0.018141 -0.000064 0.006203 160 160 160
-0.018141 -0.000064 0.006203 160 160 160
-0.018150 -0.000064 0.006206 160 160 160
-0.018150 -0.000064 0.006206 160 160 160
-0.018150 -0.000064 0.006206 161 161 161
-0.018140 -0.000064 0.006203 161 161 161
-0.018140 -0.000064 0.006203 160 160 160
-0.018130 -0.000064 0.006200 160 160 160
-0.018073 -0.000064 0.006180 161 161 161
-0.018101 -0.000064 0.006190 161 161 161
0.478751 0.003258 -0.164156 160 160 160
0.478720 0.003258 -0.164156 160 160 160
0.478690 0.003258 -0.164156 160 160 160
0.478659 0.003258 -0.164156 160 160 160
-0.017637 -0.000061 0.006031 161 161 161
-0.017637 -0.000061 0.006031 160 160 160
-0.017636 -0.000061 0.006031 161 161 161
-0.017636 -0.000061 0.006031 161 161 161
-0.017636 -0.000061 0.006031 161 161 161
-0.017636 -0.000061 0.006031 161 161 161
-0.017624 -0.000061 0.006029 161 161 161
-0.017624 -0.000061 0.006029 161 161 161
-0.018129 -0.000064 0.006203 162 162 162
-0.018148 -0.000064 0.006210 161 161 161
-0.018138 -0.000064 0.006206 161 161 161
-0.018138 -0.000064 0.006206 161 161 161
-0.018128 -0.000064 0.006203 161 161 161
-0.018109 -0.000064 0.006197 161 161 161
-0.018109 -0.000064 0.006197 161 161 161
-0.018090 -0.000064 0.006190 161 161 161
-0.018090 -0.000064 0.006190 162 162 162
-0.018090 -0.000064 0.006190 161 161 161
-0.507000 -0.003345 0.174446 161 161 161
-0.506969 -0.003345 0.174446 161 161 161
-0.506938 -0.003345 0.174446 161 161 161
-0.506908 -0.003345 0.174446 161 161 161
-0.017588 -0.000060 0.006007 140 140 140
-0.017582 -0.000060 0.006004 140 140 140
-0.017614 -0.000060 0.006015 140 140 140
-0.017620 -0.000060 0.006018 140 140 140
-0.017627 -0.000061 0.006020 140 140 140
-0.017627 -0.000061 0.006020 140 140 140
-0.017627 -0.000061 0.006020 140 140 140
-0.017640 -0.000061 0.006024 140 140 140
-0.017646 -0.000061 0.006027 140 140 140
-0.018052 -0.000063 0.006165 140 140 140
-0.017751 -0.000061 0.006063 140 140 140
-0.017707 -0.000061 0.006048 140 140 140
-0.017743 -0.000061 0.006060 140 140 140
0.047149 0.000365 -0.016018 140 140 140
-0.017631 -0.000061 0.006022 140 140 140
-0.017624 -0.000061 0.006020 140 140 140
-0.017617 -0.000060 0.006018 140 140 140
-0.017624 -0.000061 0.006020 140 140 140
-0.017623 -0.000061 0.006020 140 140 140
-0.018031 -0.000063 0.006159 140 140 140
-0.018314 -0.000065 0.006255 140 140 140
-0.018314 -0.000065 0.006255 140 140 140
-0.018314 -0.000065 0.006255 140 140 140
-0.018314 -0.000065 0.006255 140 140 140
-0.018303 -0.000065 0.006252 140 140 140
-0.017609 -0.000060 0.006015 140 140 140
-0.017583 -0.000060 0.006007 140 140 140
-0.017583 -0.000060 0.006007 140 140 140
-0.017583 -0.000060 0.006007 140 140 140
-0.017602 -0.000060 0.006013 140 140 140
-0.017635 -0.000061 0.006024 140 140 140
-0.017635 -0.000061 0.006024 140 140 140
-0.017635 -0.000061 0.006024 140 140 140
-0.017628 -0.000061 0.006022 140 140 140
-0.017628 -0.000061 0.006022 140 140 140
-0.017627 -0.000061 0.006022 140 140 140
-0.017641 -0.000061 0.006027 140 140 140
-0.017647 -0.000061 0.006029 140 140 140
-0.017654 -0.000061 0.006031 140 140 140
-0.017674 -0.000061 0.006038 140 140 140
-0.017674 -0.000061 0.006038 140 140 140
0.047029 0.000365 -0.016018 140 140 140
0.047025 0.000365 -0.016018 140 140 140
0.047021 0.000365 -0.016018 140 140 140
0.047017 0.000365 -0.016018 140 140 140
0.046998 0.000365 -0.016018 140 140 140
0.046994 0.000365 -0.016018 140 140 140
-0.017636 -0.000061 0.006027 140 140 140
-0.017636 -0.000061 0.006027 140 140 140
-0.017636 -0.000061 0.006027 140 140 140
-0.017636 -0.000061 0.006027 140 140 140
-0.017649 -0.000061 0.006031 140 140 140
-0.017649 -0.000061 0.006031 140 140 140
-0.017670 -0.000061 0.006038 139 139 139
-0.017661 -0.000061 0.006036 140 140 140
-0.017654 -0.000061 0.006034 140 140 140
-0.017640 -0.000061 0.006029 139 139 139
-0.017633 -0.000061 0.006027 140 140 140
-0.017633 -0.000061 0.006027 140 140 140
-0.017633 -0.000061 0.006027 140 140 140
-0.017633 -0.000061 0.006027 140 140 140
-0.017626 -0.000061 0.006024 140 140 140
-0.017626 -0.000061 0.006024 139 139 139
-0.017612 -0.000061 0.006020 139 139 139
-0.017599 -0.000060 0.006015 139 139 139
-0.017586 -0.000060 0.006011 140 140 140
-0.017592 -0.000060 0.006013 140 140 140
-0.017658 -0.000061 0.006036 140 140 140
-0.017658 -0.000061 0.006036 140 140 140
-0.017644 -0.000061 0.006031 140 140 140
-0.017644 -0.000061 0.006031 140 140 140
-0.018155 -0.000064 0.006206 140 140 140
-0.017663 -0.000061 0.006038 140 140 140
-0.017643 -0.000061 0.006031 140 140 140
-0.017642 -0.000061 0.006031 140 140 140
-0.017642 -0.000061 0.006031 140 140 140
-0.018317 -0.000065 0.006262 139 139 139
-0.018317 -0.000065 0.006262 140 140 140
-0.018328 -0.000065 0.006266 140 140 140
-0.017648 -0.000061 0.006034 140 140 140
-0.017648 -0.000061 0.006034 140 140 140
-0.017634 -0.000061 0.006029 140 140 140
-0.017640 -0.000061 0.006031 140 140 140
-0.017640 -0.000061 0.006031 140 140 140
-0.018282 -0.000065 0.006252 140 140 140
-0.018251 -0.000065 0.006241 139 139 139
-0.018251 -0.000065 0.006241 139 139 139
-0.018250 -0.000065 0.006241 139 139 139
-0.018219 -0.000065 0.006230 139 139 139
-0.018219 -0.000065 0.006230 140 140 140
-0.018179 -0.000064 0.006217 140 140 140
-0.018199 -0.000064 0.006223 139 139 139
-0.018198 -0.000064 0.006223 139 139 139
0.478813 0.003227 -0.164156 140 140 140
0.478782 0.003227 -0.164156 140 140 140
0.478751 0.003227 -0.164156 140 140 140
0.478720 0.003227 -0.164156 139 139 139
0.478690 0.003227 -0.164156 139 139 139
0.478659 0.003227 -0.164156 139 139 139
0.478628 0.003227 -0.164156 139 139 139
0.972060 0.006498 -0.333456 139 139 139
-0.017643 -0.000061 0.006034 139 139 139
-0.017636 -0.000061 0.006031 139 139 139
-0.017636 -0.000061 0.006031 140 140 140
-0.017636 -0.000061 0.006031 140 140 140
-0.017624 -0.000061 0.006029 139 139 139
-0.017624 -0.000061 0.006029 139 139 139
-0.017637 -0.000061 0.006034 140 140 140
-0.999814 -0.006585 0.343746 139 139 139
-0.999691 -0.006585 0.343746 140 140 140
-0.999629 -0.006585 0.343746 139 139 139
-0.999381 -0.006585 0.343746 139 139 139
-0.999319 -0.006585 0.343746 139 139 139
-0.999257 -0.006585 0.343746 140 140 140
-0.999196 -0.006585 0.343746 139 139 139
-0.507093 -0.003314 0.174446 139 139 139
-0.507062 -0.003314 0.174446 140 140 140
-0.507031 -0.003314 0.174446 139 139 139
-0.507000 -0.003314 0.174446 139 139 139
-0.506969 -0.003314 0.174446 139 139 139
-0.506938 -0.003314 0.174446 139 139 139
-0.506908 -0.003314 0.174446 139 139 139
-0.017621 -0.000060 0.006018 127 127 127
-0.017647 -0.000060 0.006027 128 128 128
-0.017647 -0.000060 0.006027 128 128 128
-0.017654 -0.000061 0.006029 128 128 128
-0.017647 -0.000060 0.006027 128 128 128
-0.017654 -0.000061 0.006029 128 128 128
-0.017653 -0.000061 0.006029 128 128 128
-0.017653 -0.000061 0.006029 128 128 128
0.047195 0.000361 -0.016018 128 128 128
0.047191 0.000361 -0.016018 128 128 128
-0.017751 -0.000061 0.006063 128 128 128
-0.017707 -0.000061 0.006048 128 128 128
-0.017743 -0.000061 0.006060 128 128 128
0.047160 0.000361 -0.016018 128 128 128
0.047156 0.000361 -0.016018 128 128 128
0.047152 0.000361 -0.016018 128 128 128
0.047149 0.000361 -0.016018 128 128 128
-0.017644 -0.000060 0.006027 128 128 128
-0.017631 -0.000060 0.006022 128 128 128
-0.017630 -0.000060 0.006022 127 127 127
-0.017637 -0.000060 0.006024 127 127 127
-0.017644 -0.000060 0.006027 127 127 127
-0.018314 -0.000065 0.006255 127 127 127
-0.018314 -0.000065 0.006255 128 128 128
-0.017622 -0.000060 0.006020 128 128 128
-0.017622 -0.000060 0.006020 127 127 127
-0.017622 -0.000060 0.006020 127 127 127
-0.017635 -0.000060 0.006024 127 127 127
-0.017635 -0.000060 0.006024 128 128 128
-0.017635 -0.000060 0.006024 128 128 128
-0.017635 -0.000060 0.006024 127 127 127
-0.017634 -0.000060 0.006024 127 127 127
-0.017641 -0.000060 0.006027 128 128 128
-0.017641 -0.000060 0.006027 127 127 127
-0.017647 -0.000061 0.006029 128 128 128
-0.017661 -0.000061 0.006034 128 128 128
-0.017674 -0.000061 0.006038 128 128 128
-0.017681 -0.000061 0.006041 128 128 128
0.047044 0.000361 -0.016018 128 128 128
0.047040 0.000361 -0.016018 127 127 127
0.047029 0.000361 -0.016018 128 128 128
0.047025 0.000361 -0.016018 128 128 128
0.047021 0.000361 -0.016018 127 127 127
0.047017 0.000361 -0.016018 128 128 128
0.047013 0.000361 -0.016018 127 127 127
0.047009 0.000361 -0.016018 128 128 128
0.046998 0.000361 -0.016018 127 127 127
-0.017650 -0.000061 0.006031 127 127 127
-0.017650 -0.000061 0.006031 127 127 127
-0.017649 -0.000061 0.006031 127 127 127
-0.017656 -0.000061 0.006034 127 127 127
-0.017661 -0.000061 0.006036 128 128 128
-0.017661 -0.000061 0.006036 127 127 127
-0.017661 -0.000061 0.006036 127 127 127
-0.017661 -0.000061 0.006036 127 127 127
-0.017654 -0.000061 0.006034 127 127 127
-0.017654 -0.000061 0.006034 127 127 127
-0.017647 -0.000061 0.006031 128 128 128
-0.017647 -0.000061 0.006031 127 127 127
-0.017640 -0.000061 0.006029 127 127 127
-0.017633 -0.000060 0.006027 127 127 127
-0.017633 -0.000060 0.006027 127 127 127
-0.017626 -0.000060 0.006024 127 127 127
-0.017612 -0.000060 0.006020 127 127 127
-0.017612 -0.000060 0.006020 127 127 127
-0.017679 -0.000061 0.006043 127 127 127
-0.017665 -0.000061 0.006038 127 127 127
-0.017658 -0.000061 0.006036 128 128 128
-0.017651 -0.000061 0.006034 127 127 127
-0.017644 -0.000061 0.006031 127 127 127
-0.017650 -0.000061 0.006034 127 127 127
-0.017698 -0.000061 0.006050 127 127 127
-0.017663 -0.000061 0.006038 127 127 127
-0.017649 -0.000061 0.006034 127 127 127
-0.017649 -0.000061 0.006034 127 127 127
-0.017649 -0.000061 0.006034 127 127 127
-0.018440 -0.000066 0.006305 127 127 127
-0.018428 -0.000066 0.006301 127 127 127
-0.018417 -0.000066 0.006297 127 127 127
-0.018416 -0.000066 0.006297 127 127 127
-0.018416 -0.000066 0.006297 127 127 127
-0.018416 -0.000066 0.006297 127 127 127
-0.017654 -0.000061 0.006036 127 127 127
-0.017647 -0.000061 0.006034 127 127 127
-0.017647 -0.000061 0.006034 127 127 127
-0.017647 -0.000061 0.006034 127 127 127
-0.018293 -0.000065 0.006255 127 127 127
-0.018292 -0.000065 0.006255 127 127 127
-0.018282 -0.000065 0.006252 127 127 127
-0.018260 -0.000065 0.006244 127 127 127
-0.018239 -0.000065 0.006237 127 127 127
-0.018302 -0.000065 0.006259 127 127 127
0.314212 0.002116 -0.107722 127 127 127
0.314191 0.002116 -0.107722 127 127 127
0.478782 0.003196 -0.164156 127 127 127
0.478751 0.003196 -0.164156 127 127 127
0.478720 0.003196 -0.164156 127 127 127
0.478690 0.003196 -0.164156 127 127 127
0.478659 0.003196 -0.164156 127 127 127
0.478628 0.003196 -0.164156 127 127 127
0.478597 0.003196 -0.164156 127 127 127
0.478566 0.003196 -0.164156 127 127 127
0.972122 0.006436 -0.333456 127 127 127
0.972060 0.006436 -0.333456 127 127 127
0.971999 0.006436 -0.333456 127 127 127
-0.017631 -0.000061 0.006031 127 127 127
-0.017624 -0.000061 0.006029 127 127 127
-0.017638 -0.000061 0.006034 127 127 127
-0.999814 -0.006523 0.343746 127 127 127
-0.999752 -0.006523 0.343746 127 127 127
-0.999691 -0.006523 0.343746 127 127 127
-0.999629 -0.006523 0.343746 127 127 127
-0.999567 -0.006523 0.343746 127 127 127
-0.999505 -0.006523 0.343746 127 127 127
-0.999381 -0.006523 0.343746 127 127 127
-0.999319 -0.006523 0.343746 127 127 127
-0.999257 -0.006523 0.343746 127 127 127
-0.999196 -0.006523 0.343746 127 127 127
-0.999134 -0.006523 0.343746 127 127 127
-0.507062 -0.003283 0.174446 127 127 127
-0.507031 -0.003283 0.174446 127 127 127
-0.507000 -0.003283 0.174446 127 127 127
-0.506969 -0.003283 0.174446 127 127 127
-0.506938 -0.003283 0.174446 127 127 127
-0.506908 -0.003283 0.174446 127 127 127
0.047226 0.000357 -0.016018 127 127 127
0.047222 0.000357 -0.016018 127 127 127
-0.017688 -0.000061 0.006041 127 127 127
-0.017681 -0.000061 0.006038 127 127 127
-0.017688 -0.000061 0.006041 127 127 127
0.047203 0.000357 -0.016018 127 127 127
0.047199 0.000357 -0.016018 127 127 127
0.047195 0.000357 -0.016018 127 127 127
0.047191 0.000357 -0.016018 127 127 127
0.047187 0.000357 -0.016018 127 127 127
0.047183 0.000357 -0.016018 127 127 127
0.047179 0.000357 -0.016018 126 126 126
0.047172 0.000357 -0.016018 127 127 127
0.047168 0.000357 -0.016018 127 127 127
0.047164 0.000357 -0.016018 127 127 127
0.047160 0.000357 -0.016018 127 127 127
0.047156 0.000357 -0.016018 127 127 127
0.047152 0.000357 -0.016018 127 127 127
0.047149 0.000357 -0.016018 127 127 127
0.047145 0.000357 -0.016018 127 127 127
-0.017644 -0.000060 0.006027 127 127 127
-0.017644 -0.000060 0.006027 127 127 127
-0.017644 -0.000060 0.006027 127 127 127
0.047094 0.000357 -0.016018 127 127 127
0.047091 0.000357 -0.016018 127 127 127
-0.017655 -0.000060 0.006031 127 127 127
-0.017655 -0.000060 0.006031 127 127 127
0.047079 0.000357 -0.016018 127 127 127
0.047075 0.000357 -0.016018 127 127 127
0.047071 0.000357 -0.016018 127 127 127
0.047067 0.000357 -0.016018 127 127 127
0.047063 0.000357 -0.016018 127 127 127
0.047060 0.000357 -0.016018 127 127 127
0.047056 0.000357 -0.016018 127 127 127
0.047052 0.000357 -0.016018 127 127 127
0.047048 0.000357 -0.016018 127 127 127
0.047044 0.000357 -0.016018 127 127 127
0.047040 0.000357 -0.016018 127 127 127
0.047036 0.000357 -0.016018 127 127 127
0.047033 0.000357 -0.016018 127 127 127
0.047029 0.000357 -0.016018 127 127 127
0.047025 0.000357 -0.016018 127 127 127
0.047021 0.000357 -0.016018 127 127 127
0.047017 0.000357 -0.016018 126 126 126
0.047013 0.000357 -0.016018 127 127 127
0.047009 0.000357 -0.016018 127 127 127
0.047005 0.000357 -0.016018 127 127 127
0.047002 0.000357 -0.016018 127 127 127
0.046998 0.000357 -0.016018 127 127 127
0.046994 0.000357 -0.016018 126 126 126
0.046990 0.000357 -0.016018 126 126 126
0.046986 0.000357 -0.016018 127 127 127
0.046982 0.000357 -0.016018 127 127 127
0.046955 0.000357 -0.016018 127 127 127
0.046951 0.000357 -0.016018 127 127 127
-0.017661 -0.000061 0.006036 127 127 127
-0.017661 -0.000061 0.006036 127 127 127
-0.017660 -0.000061 0.006036 127 127 127
-0.017653 -0.000060 0.006034 127 127 127
-0.017653 -0.000060 0.006034 127 127 127
-0.017646 -0.000060 0.006031 127 127 127
-0.017639 -0.000060 0.006029 127 127 127
-0.017632 -0.000060 0.006027 127 127 127
-0.017626 -0.000060 0.006024 127 127 127
-0.018478 -0.000066 0.006317 127 127 127
-0.017707 -0.000061 0.006053 127 127 127
-0.017664 -0.000061 0.006038 127 127 127
-0.017664 -0.000061 0.006038 127 127 127
-0.017657 -0.000061 0.006036 126 126 126
-0.017698 -0.000061 0.006050 127 127 127
-0.017691 -0.000061 0.006048 126 126 126
-0.017691 -0.000061 0.006048 127 127 127
-0.018464 -0.000066 0.006313 127 127 127
-0.018476 -0.000066 0.006317 127 127 127
-0.018464 -0.000066 0.006313 126 126 126
-0.018440 -0.000066 0.006305 127 127 127
-0.018417 -0.000065 0.006297 127 127 127
-0.018416 -0.000065 0.006297 127 127 127
-0.018416 -0.000065 0.006297 127 127 127
-0.018439 -0.000066 0.006305 126 126 126
-0.018439 -0.000066 0.006305 127 127 127
-0.017654 -0.000061 0.006036 127 127 127
-0.018336 -0.000065 0.006270 126 126 126
-0.018293 -0.000065 0.006255 126 126 126
-0.018292 -0.000065 0.006255 127 127 127
-0.018292 -0.000065 0.006255 127 127 127
-0.018303 -0.000065 0.006259 126 126 126
-0.018401 -0.000065 0.006293 126 126 126
0.231911 0.001561 -0.079505 127 127 127
0.231896 0.001561 -0.079505 126 126 126
0.314191 0.002096 -0.107722 126 126 126
0.314171 0.002096 -0.107722 126 126 126
0.478751 0.003165 -0.164156 127 127 127
0.478720 0.003165 -0.164156 127 127 127
0.478690 0.003165 -0.164156 127 127 127
0.478659 0.003165 -0.164156 127 127 127
0.478628 0.003165 -0.164156 127 127 127
0.478597 0.003165 -0.164156 127 127 127
0.314026 0.002096 -0.107722 126 126 126
0.478535 0.003165 -0.164156 127 127 127
0.478504 0.003165 -0.164156 127 127 127
0.478473 0.003165 -0.164156 126 126 126
0.478318 0.003165 -0.164156 126 126 126
-0.999814 -0.006461 0.343746 127 127 127
-0.999752 -0.006461 0.343746 127 127 127
-0.999691 -0.006461 0.343746 127 127 127
-0.999629 -0.006461 0.343746 126 126 126
-0.999567 -0.006461 0.343746 127 127 127
-0.999505 -0.006461 0.343746 127 127 127
-0.999443 -0.006461 0.343746 126 126 126
-0.999381 -0.006461 0.343746 126 126 126
-0.999319 -0.006461 0.343746 127 127 127
-0.999257 -0.006461 0.343746 127 127 127
-0.999196 -0.006461 0.343746 127 127 127
-0.999134 -0.006461 0.343746 127 127 127
-0.507062 -0.003252 0.174446 127 127 127
-0.507031 -0.003252 0.174446 127 127 127
-0.507000 -0.003252 0.174446 127 127 127
-0.506969 -0.003252 0.174446 127 127 127
-0.506938 -0.003252 0.174446 127 127 127
-0.506908 -0.003252 0.174446 126 126 126
0.047226 0.000354 -0.016018 127 127 127
0.047222 0.000354 -0.016018 127 127 127
0.047218 0.000354 -0.016018 127 127 127
0.047214 0.000354 -0.016018 127 127 127
0.047210 0.000354 -0.016018 127 127 127
0.047207 0.000354 -0.016018 127 127 127
0.047203 0.000354 -0.016018 127 127 127
0.047199 0.000354 -0.016018 127 127 127
0.047195 0.000354 -0.016018 127 127 127
0.047191 0.000354 -0.016018 127 127 127
0.047187 0.000354 -0.016018 127 127 127
0.047183 0.000354 -0.016018 127 127 127
0.047179 0.000354 -0.016018 126 126 126
0.047176 0.000354 -0.016018 127 127 127
0.047172 0.000354 -0.016018 127 127 127
0.047168 0.000354 -0.016018 127 127 127
0.047164 0.000354 -0.016018 127 127 127
0.047160 0.000354 -0.016018 127 127 127
0.047156 0.000354 -0.016018 127 127 127
0.047152 0.000354 -0.016018 126 126 126
0.047149 0.000354 -0.016018 126 126 126
0.047145 0.000354 -0.016018 127 127 127
0.047141 0.000354 -0.016018 127 127 127
0.047137 0.000354 -0.016018 127 127 127
0.047133 0.000354 -0.016018 127 127 127
0.047129 0.000354 -0.016018 127 127 127
0.047125 0.000354 -0.016018 127 127 127
0.047098 0.000354 -0.016018 126 126 126
0.047094 0.000354 -0.016018 127 127 127
0.047091 0.000354 -0.016018 127 127 127
0.047087 0.000354 -0.016018 127 127 127
0.047083 0.000354 -0.016018 127 127 127
0.047079 0.000354 -0.016018 127 127 127
0.047075 0.000354 -0.016018 127 127 127
0.047071 0.000354 -0.016018 127 127 127
0.047067 0.000354 -0.016018 127 127 127
0.047063 0.000354 -0.016018 127 127 127
0.047060 0.000354 -0.016018 127 127 127
0.047056 0.000354 -0.016018 127 127 127
0.047052 0.000354 -0.016018 127 127 127
0.047048 0.000354 -0.016018 127 127 127
0.047044 0.000354 -0.016018 127 127 127
0.047040 0.000354 -0.016018 127 127 127
0.047036 0.000354 -0.016018 127 127 127
0.047033 0.000354 -0.016018 127 127 127
0.047029 0.000354 -0.016018 127 127 127
0.047025 0.000354 -0.016018 127 127 127
0.047021 0.000354 -0.016018 127 127 127
0.047017 0.000354 -0.016018 126 126 126
0.047013 0.000354 -0.016018 126 126 126
0.047009 0.000354 -0.016018 127 127 127
0.047005 0.000354 -0.016018 126 126 126
0.047002 0.000354 -0.016018 126 126 126
0.046998 0.000354 -0.016018 126 126 126
0.046994 0.000354 -0.016018 126 126 126
0.046990 0.000354 -0.016018 127 127 127
0.046986 0.000354 -0.016018 127 127 127
0.046982 0.000354 -0.016018 127 127 127
0.046978 0.000354 -0.016018 127 127 127
0.046975 0.000354 -0.016018 127 127 127
0.046971 0.000354 -0.016018 127 127 127
0.046967 0.000354 -0.016018 127 127 127
0.046963 0.000354 -0.016018 127 127 127
0.046959 0.000354 -0.016018 127 127 127
0.046955 0.000354 -0.016018 127 127 127
0.046951 0.000354 -0.016018 127 127 127
0.046886 0.000354 -0.016018 127 127 127
0.046870 0.000354 -0.016018 127 127 127
0.046866 0.000354 -0.016018 127 127 127
0.046862 0.000354 -0.016018 126 126 126
0.046859 0.000354 -0.016018 126 126 126
0.046855 0.000354 -0.016018 127 127 127
0.046851 0.000354 -0.016018 127 127 127
-0.018491 -0.000066 0.006321 127 127 127
-0.018468 -0.000066 0.006313 127 127 127
-0.018467 -0.000066 0.006313 126 126 126
-0.018467 -0.000066 0.006313 127 127 127
-0.018479 -0.000066 0.006317 127 127 127
-0.018479 -0.000066 0.006317 126 126 126
-0.018478 -0.000066 0.006317 126 126 126
0.046793 0.000354 -0.016018 127 127 127
-0.017712 -0.000061 0.006055 127 127 127
0.046785 0.000354 -0.016018 127 127 127
0.046781 0.000354 -0.016018 127 127 127
0.046777 0.000354 -0.016018 127 127 127
0.046773 0.000354 -0.016018 127 127 127
-0.018475 -0.000066 0.006317 126 126 126
-0.018463 -0.000066 0.006313 127 127 127
-0.018463 -0.000066 0.006313 127 127 127
-0.018451 -0.000065 0.006309 127 127 127
-0.018451 -0.000065 0.006309 127 127 127
-0.018451 -0.000065 0.006309 127 127 127
-0.018347 -0.000065 0.006274 127 127 127
-0.018335 -0.000065 0.006270 127 127 127
-0.018402 -0.000065 0.006293 127 127 127
0.314274 0.002075 -0.107722 127 127 127
0.231927 0.001545 -0.079505 126 126 126
0.231911 0.001545 -0.079505 126 126 126
0.231896 0.001545 -0.079505 127 127 127
0.314191 0.002075 -0.107722 127 127 127
0.314171 0.002075 -0.107722 127 127 127
0.314150 0.002075 -0.107722 127 127 127
0.314129 0.002075 -0.107722 127 127 127
0.314109 0.002075 -0.107722 127 127 127
0.314088 0.002075 -0.107722 127 127 127
0.314068 0.002075 -0.107722 127 127 127
0.314047 0.002075 -0.107722 126 126 126
0.314026 0.002075 -0.107722 126 126 126
0.478535 0.003134 -0.164156 126 126 126
0.478504 0.003134 -0.164156 127 127 127
0.478473 0.003134 -0.164156 126 126 126
0.478442 0.003134 -0.164156 127 127 127
0.478411 0.003134 -0.164156 126 126 126
0.478380 0.003134 -0.164156 127 127 127
0.478349 0.003134 -0.164156 127 127 127
0.971689 0.006312 -0.333456 127 127 127
-1.000000 -0.006399 0.343746 127 127 127
-0.999938 -0.006399 0.343746 126 126 126
-0.999876 -0.006399 0.343746 126 126 126
-0.999814 -0.006399 0.343746 127 127 127
-0.999752 -0.006399 0.343746 127 127 127
-0.999691 -0.006399 0.343746 127 127 127
-0.999629 -0.006399 0.343746 127 127 127
-0.999567 -0.006399 0.343746 127 127 127
-0.999505 -0.006399 0.343746 126 126 126
-0.999443 -0.006399 0.343746 126 126 126
-0.999381 -0.006399 0.343746 127 127 127
-0.999319 -0.006399 0.343746 127 127 127
-0.999257 -0.006399 0.343746 127 127 127
-0.999196 -0.006399 0.343746 126 126 126
-0.999134 -0.006399 0.343746 127 127 127
-0.507062 -0.003222 0.174446 127 127 127
-0.507031 -0.003222 0.174446 127 127 127
-0.507000 -0.003222 0.174446 127 127 127
-0.506969 -0.003222 0.174446 127 127 127
-0.506938 -0.003222 0.174446 127 127 127
-0.506908 -0.003222 0.174446 126 126 126
0.047230 0.000350 -0.016018 126 126 126
0.047226 0.000350 -0.016018 126 126 126
0.047222 0.000350 -0.016018 127 127 127
0.047218 0.000350 -0.016018 127 127 127
0.047214 0.000350 -0.016018 126 126 126
0.047210 0.000350 -0.016018 127 127 127
0.047207 0.000350 -0.016018 127 127 127
0.047203 0.000350 -0.016018 126 126 126
0.047199 0.000350 -0.016018 127 127 127
0.047195 0.000350 -0.016018 127 127 127
0.047191 0.000350 -0.016018 127 127 127
0.047187 0.000350 -0.016018 127 127 127
0.047183 0.000350 -0.016018 127 127 127
0.047179 0.000350 -0.016018 127 127 127
0.047176 0.000350 -0.016018 127 127 127
0.047172 0.000350 -0.016018 127 127 127
0.047168 0.000350 -0.016018 127 127 127
0.047164 0.000350 -0.016018 127 127 127
0.047160 0.000350 -0.016018 127 127 127
0.047156 0.000350 -0.016018 126 126 126
0.047152 0.000350 -0.016018 126 126 126
0.047149 0.000350 -0.016018 127 127 127
0.047145 0.000350 -0.016018 126 126 126
0.047141 0.000350 -0.016018 127 127 127
0.047137 0.000350 -0.016018 127 127 127
0.047133 0.000350 -0.016018 127 127 127
0.047129 0.000350 -0.016018 127 127 127
0.047125 0.000350 -0.016018 126 126 126
0.047121 0.000350 -0.016018 127 127 127
0.047118 0.000350 -0.016018 127 127 127
0.047114 0.000350 -0.016018 127 127 127
0.047110 0.000350 -0.016018 126 126 126
0.047106 0.000350 -0.016018 127 127 127
0.047102 0.000350 -0.016018 126 126 126
0.047098 0.000350 -0.016018 126 126 126
0.047094 0.000350 -0.016018 127 127 127
0.047091 0.000350 -0.016018 126 126 126
0.047087 0.000350 -0.016018 126 126 126
0.047083 0.000350 -0.016018 127 127 127
0.047079 0.000350 -0.016018 127 127 127
0.047075 0.000350 -0.016018 126 126 126
0.047071 0.000350 -0.016018 127 127 127
0.047067 0.000350 -0.016018 127 127 127
0.047063 0.000350 -0.016018 127 127 127
0.047060 0.000350 -0.016018 127 127 127
0.047056 0.000350 -0.016018 127 127 127
0.047052 0.000350 -0.016018 127 127 127
0.047048 0.000350 -0.016018 127 127 127
0.047044 0.000350 -0.016018 127 127 127
0.047040 0.000350 -0.016018 127 127 127
0.047036 0.000350 -0.016018 127 127 127
0.047033 0.000350 -0.016018 127 127 127
0.047029 0.000350 -0.016018 126 126 126
0.047025 0.000350 -0.016018 127 127 127
0.047021 0.000350 -0.016018 126 126 126
0.047017 0.000350 -0.016018 126 126 126
0.047013 0.000350 -0.016018 127 127 127
0.047009 0.000350 -0.016018 127 127 127
0.047005 0.000350 -0.016018 127 127 127
0.047002 0.000350 -0.016018 127 127 127
0.046998 0.000350 -0.016018 127 127 127
0.046994 0.000350 -0.016018 127 127 127
0.046990 0.000350 -0.016018 127 127 127
0.046986 0.000350 -0.016018 127 127 127
0.046982 0.000350 -0.016018 127 127 127
0.046978 0.000350 -0.016018 126 126 126
0.046975 0.000350 -0.016018 127 127 127
0.046971 0.000350 -0.016018 127 127 127
0.046967 0.000350 -0.016018 126 126 126
0.046963 0.000350 -0.016018 127 127 127
0.046959 0.000350 -0.016018 127 127 127
0.046955 0.000350 -0.016018 127 127 127
0.046951 0.000350 -0.016018 127 127 127
0.046947 0.000350 -0.016018 126 126 126
0.046944 0.000350 -0.016018 127 127 127
0.046940 0.000350 -0.016018 127 127 127
0.046936 0.000350 -0.016018 126 126 126
0.046932 0.000350 -0.016018 126 126 126
0.046928 0.000350 -0.016018 126 126 126
0.046897 0.000350 -0.016018 127 127 127
0.046893 0.000350 -0.016018 127 127 127
0.046889 0.000350 -0.016018 127 127 127
0.046886 0.000350 -0.016018 127 127 127
0.046870 0.000350 -0.016018 127 127 127
0.046866 0.000350 -0.016018 127 127 127
0.046862 0.000350 -0.016018 127 127 127
0.046859 0.000350 -0.016018 127 127 127
0.046855 0.000350 -0.016018 126 126 126
0.046851 0.000350 -0.016018 127 127 127
0.046847 0.000350 -0.016018 127 127 127
-0.018491 -0.000065 0.006321 127 127 127
-0.018467 -0.000065 0.006313 126 126 126
-0.018467 -0.000065 0.006313 127 127 127
-0.018479 -0.000065 0.006317 127 127 127
0.046797 0.000350 -0.016018 126 126 126
0.046793 0.000350 -0.016018 126 126 126
0.046789 0.000350 -0.016018 127 127 127
0.046785 0.000350 -0.016018 126 126 126
0.046781 0.000350 -0.016018 126 126 126
0.046777 0.000350 -0.016018 127 127 127
0.046773 0.000350 -0.016018 127 127 127
0.046770 0.000350 -0.016018 127 127 127
0.046766 0.000350 -0.016018 127 127 127
-0.018487 -0.000065 0.006321 127 127 127
-0.018487 -0.000065 0.006321 126 126 126
-0.018486 -0.000065 0.006321 126 126 126
0.182717 0.001215 -0.062575 126 126 126
0.182704 0.001215 -0.062575 126 126 126
0.182692 0.001215 -0.062575 127 127 127
0.149724 0.001005 -0.051289 127 127 127
0.149662 0.001005 -0.051289 127 127 127
0.149652 0.001005 -0.051289 127 127 127
0.182580 0.001215 -0.062575 127 127 127
0.182568 0.001215 -0.062575 127 127 127
0.231958 0.001530 -0.079505 126 126 126
0.231942 0.001530 -0.079505 126 126 126
0.231927 0.001530 -0.079505 127 127 127
0.231911 0.001530 -0.079505 127 127 127
0.231896 0.001530 -0.079505 127 127 127
0.314191 0.002054 -0.107722 127 127 127
0.314171 0.002054 -0.107722 127 127 127
0.314150 0.002054 -0.107722 127 127 127
0.314129 0.002054 -0.107722 127 127 127
0.314109 0.002054 -0.107722 126 126 126
0.314088 0.002054 -0.107722 127 127 127
0.314068 0.002054 -0.107722 127 127 127
0.314047 0.002054 -0.107722 126 126 126
0.314026 0.002054 -0.107722 126 126 126
0.314006 0.002054 -0.107722 127 127 127
0.478504 0.003103 -0.164156 127 127 127
0.478473 0.003103 -0.164156 127 127 127
0.478442 0.003103 -0.164156 126 126 126
0.478411 0.003103 -0.164156 126 126 126
0.478380 0.003103 -0.164156 126 126 126
0.971751 0.006250 -0.333456 127 127 127
0.971689 0.006250 -0.333456 127 127 127
-1.000000 -0.006338 0.343746 127 127 127
-0.999938 -0.006338 0.343746 127 127 127
-0.999876 -0.006338 0.343746 126 126 126
-0.999814 -0.006338 0.343746 126 126 126
-0.999752 -0.006338 0.343746 126 126 126
-0.999691 -0.006338 0.343746 126 126 126
-0.999629 -0.006338 0.343746 126 126 126
-0.999567 -0.006338 0.343746 126 126 126
-0.999505 -0.006338 0.343746 126 126 126
-0.999443 -0.006338 0.343746 126 126 126
-0.999381 -0.006338 0.343746 126 126 126
-0.999319 -0.006338 0.343746 126 126 126
-0.999257 -0.006338 0.343746 126 126 126
-0.999196 -0.006338 0.343746 126 126 126
-0.999134 -0.006338 0.343746 126 126 126
-0.507062 -0.003191 0.174446 126 126 126
-0.507031 -0.003191 0.174446 127 127 127
-0.507000 -0.003191 0.174446 127 127 127
-0.506969 -0.003191 0.174446 127 127 127
-0.506938 -0.003191 0.174446 126 126 126
-0.506908 -0.003191 0.174446 127 127 127
0.047230 0.000346 -0.016018 126 126 126
0.047226 0.000346 -0.016018 126 126 126
0.047222 0.000346 -0.016018 127 127 127
0.047218 0.000346 -0.016018 127 127 127
0.047214 0.000346 -0.016018 127 127 127
0.047210 0.000346 -0.016018 126 126 126
0.047207 0.000346 -0.016018 127 127 127
0.047203 0.000346 -0.016018 127 127 127
0.047199 0.000346 -0.016018 127 127 127
0.047195 0.000346 -0.016018 126 126 126
0.047191 0.000346 -0.016018 126 126 126
0.047187 0.000346 -0.016018 127 127 127
0.047183 0.000346 -0.016018 127 127 127
0.047179 0.000346 -0.016018 127 127 127
0.047176 0.000346 -0.016018 127 127 127
0.047172 0.000346 -0.016018 127 127 127
0.047168 0.000346 -0.016018 127 127 127
0.047164 0.000346 -0.016018 127 127 127
0.047160 0.000346 -0.016018 127 127 127
0.047156 0.000346 -0.016018 126 126 126
0.047152 0.000346 -0.016018 127 127 127
0.047149 0.000346 -0.016018 127 127 127
0.047145 0.000346 -0.016018 127 127 127
0.047141 0.000346 -0.016018 127 127 127
0.047137 0.000346 -0.016018 127 127 127
0.047133 0.000346 -0.016018 127 127 127
0.047129 0.000346 -0.016018 127 127 127
0.047125 0.000346 -0.016018 126 126 126
0.047121 0.000346 -0.016018 126 126 126
0.047118 0.000346 -0.016018 127 127 127
0.047114 0.000346 -0.016018 127 127 127
0.047110 0.000346 -0.016018 126 126 126
0.047106 0.000346 -0.016018 127 127 127
0.047102 0.000346 -0.016018 127 127 127
0.047098 0.000346 -0.016018 126 126 126
0.047094 0.000346 -0.016018 126 126 126
0.047091 0.000346 -0.016018 126 126 126
0.047087 0.000346 -0.016018 126 126 126
0.047083 0.000346 -0.016018 126 126 126
0.047079 0.000346 -0.016018 126 126 126
0.047075 0.000346 -0.016018 126 126 126
0.047071 0.000346 -0.016018 127 127 127
0.047067 0.000346 -0.016018 127 127 127
0.047063 0.000346 -0.016018 127 127 127
0.047060 0.000346 -0.016018 127 127 127
0.047056 0.000346 -0.016018 127 127 127
0.047052 0.000346 -0.016018 127 127 127
0.047048 0.000346 -0.016018 126 126 126
0.047044 0.000346 -0.016018 126 126 126
0.047040 0.000346 -0.016018 126 126 126
0.047036 0.000346 -0.016018 126 126 126
0.047033 0.000346 -0.016018 126 126 126
0.047029 0.000346 -0.016018 126 126 126
0.047025 0.000346 -0.016018 127 127 127
0.047021 0.000346 -0.016018 127 127 127
0.047017 0.000346 -0.016018 127 127 127
0.047013 0.000346 -0.016018 127 127 127
0.047009 0.000346 -0.016018 127 127 127
0.047005 0.000346 -0.016018 127 127 127
0.047002 0.000346 -0.016018 127 127 127
0.046998 0.000346 -0.016018 127 127 127
0.046994 0.000346 -0.016018 126 126 126
0.046990 0.000346 -0.016018 127 127 127
0.046986 0.000346 -0.016018 127 127 127
0.046982 0.000346 -0.016018 127 127 127
0.046978 0.000346 -0.016018 126 126 126
0.046975 0.000346 -0.016018 127 127 127
0.046971 0.000346 -0.016018 127 127 127
0.046967 0.000346 -0.016018 126 126 126
0.046963 0.000346 -0.016018 127 127 127
0.046959 0.000346 -0.016018 127 127 127
0.046955 0.000346 -0.016018 127 127 127
0.046951 0.000346 -0.016018 126 126 126
0.046947 0.000346 -0.016018 126 126 126
0.046944 0.000346 -0.016018 126 126 126
0.046940 0.000346 -0.016018 126 126 126
0.046936 0.000346 -0.016018 126 126 126
0.046932 0.000346 -0.016018 126 126 126
0.046928 0.000346 -0.016018 126 126 126
0.046924 0.000346 -0.016018 126 126 126
0.046920 0.000346 -0.016018 126 126 126
0.046917 0.000346 -0.016018 127 127 127
0.046913 0.000346 -0.016018 126 126 126
0.046901 0.000346 -0.016018 126 126 126
0.046897 0.000346 -0.016018 127 127 127
0.046893 0.000346 -0.016018 126 126 126
0.046889 0.000346 -0.016018 126 126 126
0.046886 0.000346 -0.016018 127 127 127
0.046882 0.000346 -0.016018 126 126 126
0.046878 0.000346 -0.016018 126 126 126
0.046874 0.000346 -0.016018 127 127 127
0.046870 0.000346 -0.016018 127 127 127
0.046866 0.000346 -0.016018 127 127 127
0.046862 0.000346 -0.016018 127 127 127
0.046859 0.000346 -0.016018 126 126 126
0.046855 0.000346 -0.016018 126 126 126
0.046851 0.000346 -0.016018 127 127 127
0.046847 0.000346 -0.016018 127 127 127
0.046843 0.000346 -0.016018 126 126 126
0.046808 0.000346 -0.016018 127 127 127
0.046804 0.000346 -0.016018 127 127 127
0.046801 0.000346 -0.016018 126 126 126
0.046797 0.000346 -0.016018 127 127 127
0.046793 0.000346 -0.016018 127 127 127
0.046789 0.000346 -0.016018 127 127 127
0.046785 0.000346 -0.016018 127 127 127
0.046781 0.000346 -0.016018 127 127 127
0.046777 0.000346 -0.016018 127 127 127
0.046773 0.000346 -0.016018 127 127 127
0.046770 0.000346 -0.016018 127 127 127
0.046766 0.000346 -0.016018 127 127 127
0.046762 0.000346 -0.016018 127 127 127
0.046758 0.000346 -0.016018 126 126 126
0.046754 0.000346 -0.016018 126 126 126
0.149755 0.000995 -0.051289 126 126 126
0.149745 0.000995 -0.051289 126 126 126
0.149734 0.000995 -0.051289 126 126 126
0.149724 0.000995 -0.051289 127 127 127
0.149714 0.000995 -0.051289 127 127 127
0.149703 0.000995 -0.051289 127 127 127
0.149693 0.000995 -0.051289 127 127 127
0.149683 0.000995 -0.051289 126 126 126
0.149672 0.000995 -0.051289 127 127 127
0.149662 0.000995 -0.051289 127 127 127
0.149652 0.000995 -0.051289 127 127 127
0.182580 0.001203 -0.062575 127 127 127
0.182568 0.001203 -0.062575 127 127 127
0.231958 0.001514 -0.079505 126 126 126
0.231942 0.001514 -0.079505 126 126 126
0.314253 0.002034 -0.107722 126 126 126
0.314233 0.002034 -0.107722 126 126 126
0.314212 0.002034 -0.107722 126 126 126
0.314191 0.002034 -0.107722 126 126 126
0.314171 0.002034 -0.107722 126 126 126
0.314150 0.002034 -0.107722 126 126 126
0.314129 0.002034 -0.107722 126 126 126
0.314109 0.002034 -0.107722 126 126 126
0.314088 0.002034 -0.107722 127 127 127
0.314068 0.002034 -0.107722 126 126 126
0.314047 0.002034 -0.107722 126 126 126
0.314026 0.002034 -0.107722 126 126 126
0.314006 0.002034 -0.107722 127 127 127
0.478504 0.003072 -0.164156 126 126 126
0.478473 0.003072 -0.164156 127 127 127
0.478442 0.003072 -0.164156 127 127 127
0.478411 0.003072 -0.164156 127 127 127
0.478380 0.003072 -0.164156 127 127 127
0.971751 0.006188 -0.333456 126 126 126
0.971689 0.006188 -0.333456 127 127 127
-0.999938 -0.006276 0.343746 127 127 127
-0.999876 -0.006276 0.343746 127 127 127
-0.999814 -0.006276 0.343746 127 127 127
-0.999752 -0.006276 0.343746 127 127 127
-0.999691 -0.006276 0.343746 127 127 127
-0.999629 -0.006276 0.343746 126 126 126
-0.999567 -0.006276 0.343746 126 126 126
-0.999505 -0.006276 0.343746 126 126 126
-0.999443 -0.006276 0.343746 126 126 126
-0.999381 -0.006276 0.343746 126 126 126
-0.999319 -0.006276 0.343746 126 126 126
-0.999257 -0.006276 0.343746 126 126 126
-0.999196 -0.006276 0.343746 126 126 126
-0.999134 -0.006276 0.343746 126 126 126
-0.507062 -0.003160 0.174446 126 126 126
-0.507031 -0.003160 0.174446 126 126 126
-0.507000 -0.003160 0.174446 127 127 127
-0.506969 -0.003160 0.174446 126 126 126
-0.342977 -0.002121 0.118012 126 126 126
-0.506908 -0.003160 0.174446 127 127 127
0.047230 0.000342 -0.016018 127 127 127
0.047226 0.000342 -0.016018 127 127 127
0.047222 0.000342 -0.016018 127 127 127
0.047218 0.000342 -0.016018 126 126 126
0.047214 0.000342 -0.016018 127 127 127
0.047210 0.000342 -0.016018 127 127 127
0.047207 0.000342 -0.016018 127 127 127
0.047203 0.000342 -0.016018 127 127 127
0.047199 0.000342 -0.016018 127 127 127
0.047195 0.000342 -0.016018 126 126 126
0.047191 0.000342 -0.016018 127 127 127
0.047187 0.000342 -0.016018 127 127 127
0.047183 0.000342 -0.016018 126 126 126
0.047179 0.000342 -0.016018 126 126 126
0.047176 0.000342 -0.016018 127 127 127
0.047172 0.000342 -0.016018 127 127 127
0.047168 0.000342 -0.016018 127 127 127
0.047164 0.000342 -0.016018 127 127 127
0.047160 0.000342 -0.016018 127 127 127
0.047156 0.000342 -0.016018 127 127 127
0.047152 0.000342 -0.016018 126 126 126
0.047149 0.000342 -0.016018 126 126 126
0.047145 0.000342 -0.016018 127 127 127
0.047141 0.000342 -0.016018 127 127 127
0.047137 0.000342 -0.016018 126 126 126
0.047133 0.000342 -0.016018 127 127 127
0.047129 0.000342 -0.016018 127 127 127
0.047125 0.000342 -0.016018 127 127 127
0.047121 0.000342 -0.016018 127 127 127
0.047118 0.000342 -0.016018 127 127 127
0.047114 0.000342 -0.016018 127 127 127
0.047110 0.000342 -0.016018 126 126 126
0.047106 0.000342 -0.016018 127 127 127
0.047102 0.000342 -0.016018 127 127 127
0.047098 0.000342 -0.016018 126 126 126
0.047094 0.000342 -0.016018 126 126 126
0.047091 0.000342 -0.016018 127 127 127
0.047087 0.000342 -0.016018 126 126 126
0.047083 0.000342 -0.016018 126 126 126
0.047079 0.000342 -0.016018 126 126 126
0.047075 0.000342 -0.016018 126 126 126
0.047071 0.000342 -0.016018 127 127 127
0.047067 0.000342 -0.016018 127 127 127
0.047063 0.000342 -0.016018 127 127 127
0.047060 0.000342 -0.016018 127 127 127
0.047056 0.000342 -0.016018 127 127 127
0.047052 0.000342 -0.016018 127 127 127
0.047048 0.000342 -0.016018 126 126 126
0.047044 0.000342 -0.016018 126 126 126
0.047040 0.000342 -0.016018 126 126 126
0.047036 0.000342 -0.016018 126 126 126
0.047033 0.000342 -0.016018 126 126 126
0.047029 0.000342 -0.016018 126 126 126
0.047025 0.000342 -0.016018 126 126 126
0.047021 0.000342 -0.016018 127 127 127
0.047017 0.000342 -0.016018 126 126 126
0.047013 0.000342 -0.016018 126 126 126
0.047009 0.000342 -0.016018 126 126 126
0.047005 0.000342 -0.016018 127 127 127
0.047002 0.000342 -0.016018 127 127 127
0.046998 0.000342 -0.016018 127 127 127
0.046994 0.000342 -0.016018 126 126 126
0.046990 0.000342 -0.016018 127 127 127
0.046986 0.000342 -0.016018 127 127 127
0.046982 0.000342 -0.016018 127 127 127
0.046978 0.000342 -0.016018 126 126 126
0.046975 0.000342 -0.016018 126 126 126
0.046971 0.000342 -0.016018 127 127 127
0.046967 0.000342 -0.016018 127 127 127
0.046963 0.000342 -0.016018 126 126 126
0.046959 0.000342 -0.016018 126 126 126
0.046955 0.000342 -0.016018 126 126 126
0.046951 0.000342 -0.016018 126 126 126
0.046947 0.000342 -0.016018 127 127 127
0.046944 0.000342 -0.016018 126 126 126
0.046940 0.000342 -0.016018 126 126 126
0.046936 0.000342 -0.016018 126 126 126
0.046932 0.000342 -0.016018 126 126 126
0.046928 0.000342 -0.016018 126 126 126
0.046924 0.000342 -0.016018 126 126 126
0.046920 0.000342 -0.016018 126 126 126
0.046917 0.000342 -0.016018 126 126 126
0.046913 0.000342 -0.016018 126 126 126
0.046901 0.000342 -0.016018 126 126 126
0.046897 0.000342 -0.016018 127 127 127
0.046893 0.000342 -0.016018 126 126 126
0.046889 0.000342 -0.016018 126 126 126
0.046886 0.000342 -0.016018 127 127 127
0.046882 0.000342 -0.016018 127 127 127
0.046878 0.000342 -0.016018 126 126 126
0.046874 0.000342 -0.016018 126 126 126
0.046870 0.000342 -0.016018 127 127 127
0.046866 0.000342 -0.016018 126 126 126
0.046862 0.000342 -0.016018 126 126 126
0.046859 0.000342 -0.016018 126 126 126
0.046855 0.000342 -0.016018 126 126 126
0.046851 0.000342 -0.016018 126 126 126
0.046847 0.000342 -0.016018 127 127 127
0.046812 0.000342 -0.016018 127 127 127
0.046808 0.000342 -0.016018 126 126 126
0.046804 0.000342 -0.016018 126 126 126
0.046801 0.000342 -0.016018 126 126 126
0.046797 0.000342 -0.016018 127 127 127
0.046793 0.000342 -0.016018 127 127 127
0.046789 0.000342 -0.016018 126 126 126
0.046785 0.000342 -0.016018 126 126 126
0.046781 0.000342 -0.016018 126 126 126
0.046777 0.000342 -0.016018 126 126 126
0.046773 0.000342 -0.016018 126 126 126
0.046770 0.000342 -0.016018 126 126 126
0.046766 0.000342 -0.016018 127 127 127
0.046762 0.000342 -0.016018 127 127 127
0.046758 0.000342 -0.016018 127 127 127
0.046754 0.000342 -0.016018 127 127 127
0.046750 0.000342 -0.016018 126 126 126
0.149745 0.000985 -0.051289 126 126 126
0.149734 0.000985 -0.051289 126 126 126
0.149724 0.000985 -0.051289 126 126 126
0.149714 0.000985 -0.051289 126 126 126
0.149703 0.000985 -0.051289 126 126 126
0.149693 0.000985 -0.051289 127 127 127
0.149683 0.000985 -0.051289 127 127 127
0.149672 0.000985 -0.051289 127 127 127
0.182605 0.001190 -0.062575 127 127 127
0.182593 0.001190 -0.062575 126 126 126
0.182580 0.001190 -0.062575 126 126 126
0.231973 0.001499 -0.079505 126 126 126
0.231958 0.001499 -0.079505 126 126 126
0.314274 0.002013 -0.107722 126 126 126
0.314253 0.002013 -0.107722 127 127 127
0.314233 0.002013 -0.107722 126 126 126
0.314212 0.002013 -0.107722 126 126 126
0.314191 0.002013 -0.107722 126 126 126
0.314171 0.002013 -0.107722 126 126 126
0.314150 0.002013 -0.107722 126 126 126
0.314129 0.002013 -0.107722 126 126 126
0.314109 0.002013 -0.107722 126 126 126
0.314088 0.002013 -0.107722 126 126 126
0.314068 0.002013 -0.107722 126 126 126
0.314047 0.002013 -0.107722 126 126 126
0.314026 0.002013 -0.107722 127 127 127
0.314006 0.002013 -0.107722 127 127 127
0.478504 0.003041 -0.164156 127 127 127
0.478473 0.003041 -0.164156 127 127 127
0.478442 0.003041 -0.164156 126 126 126
0.478411 0.003041 -0.164156 126 126 126
0.478380 0.003041 -0.164156 126 126 126
0.971751 0.006127 -0.333456 126 126 126
0.971689 0.006127 -0.333456 126 126 126
-0.999876 -0.006214 0.343746 127 127 127
-0.999814 -0.006214 0.343746 126 126 126
-0.999752 -0.006214 0.343746 127 127 127
-0.999691 -0.006214 0.343746 126 126 126
-0.999629 -0.006214 0.343746 126 126 126
-0.999567 -0.006214 0.343746 126 126 126
-0.999505 -0.006214 0.343746 126 126 126
-0.999443 -0.006214 0.343746 127 127 127
-0.999381 -0.006214 0.343746 127 127 127
-0.999319 -0.006214 0.343746 126 126 126
-0.999257 -0.006214 0.343746 126 126 126
-0.999196 -0.006214 0.343746 126 126 126
-0.999134 -0.006214 0.343746 126 126 126
-0.999072 -0.006214 0.343746 126 126 126
-0.507031 -0.003129 0.174446 126 126 126
-0.507000 -0.003129 0.174446 126 126 126
-0.506969 -0.003129 0.174446 126 126 126
-0.506938 -0.003129 0.174446 126 126 126
-0.506908 -0.003129 0.174446 126 126 126
0.047230 0.000338 -0.016018 127 127 127
0.047226 0.000338 -0.016018 127 127 127
0.047222 0.000338 -0.016018 126 126 126
0.047218 0.000338 -0.016018 126 126 126
0.047214 0.000338 -0.016018 126 126 126
0.047210 0.000338 -0.016018 126 126 126
0.047207 0.000338 -0.016018 126 126 126
0.047203 0.000338 -0.016018 126 126 126
0.047199 0.000338 -0.016018 126 126 126
0.047195 0.000338 -0.016018 126 126 126
0.047191 0.000338 -0.016018 126 126 126
0.047187 0.000338 -0.016018 126 126 126
0.047183 0.000338 -0.016018 126 126 126
0.047179 0.000338 -0.016018 126 126 126
0.047176 0.000338 -0.016018 127 127 127
0.047172 0.000338 -0.016018 127 127 127
0.047168 0.000338 -0.016018 127 127 127
0.047164 0.000338 -0.016018 126 126 126
0.047160 0.000338 -0.016018 127 127 127
0.047156 0.000338 -0.016018 127 127 127
0.047152 0.000338 -0.016018 127 127 127
0.047149 0.000338 -0.016018 127 127 127
0.047145 0.000338 -0.016018 126 126 126
0.047141 0.000338 -0.016018 127 127 127
0.047137 0.000338 -0.016018 127 127 127
0.047133 0.000338 -0.016018 126 126 126
0.047129 0.000338 -0.016018 126 126 126
0.047125 0.000338 -0.016018 127 127 127
0.047121 0.000338 -0.016018 127 127 127
0.047118 0.000338 -0.016018 127 127 127
0.047114 0.000338 -0.016018 127 127 127
0.047110 0.000338 -0.016018 126 126 126
0.047106 0.000338 -0.016018 126 126 126
0.047102 0.000338 -0.016018 127 127 127
0.047098 0.000338 -0.016018 126 126 126
0.047094 0.000338 -0.016018 126 126 126
0.047091 0.000338 -0.016018 126 126 126
0.047087 0.000338 -0.016018 126 126 126
0.047083 0.000338 -0.016018 126 126 126
0.047079 0.000338 -0.016018 126 126 126
0.047075 0.000338 -0.016018 126 126 126
0.047071 0.000338 -0.016018 127 127 127
0.047067 0.000338 -0.016018 127 127 127
0.047063 0.000338 -0.016018 127 127 127
0.047060 0.000338 -0.016018 127 127 127
0.047056 0.000338 -0.016018 127 127 127
0.047052 0.000338 -0.016018 127 127 127
0.047048 0.000338 -0.016018 126 126 126
0.047044 0.000338 -0.016018 126 126 126
0.047040 0.000338 -0.016018 127 127 127
0.047036 0.000338 -0.016018 126 126 126
0.047033 0.000338 -0.016018 127 127 127
0.047029 0.000338 -0.016018 127 127 127
0.047025 0.000338 -0.016018 127 127 127
0.047021 0.000338 -0.016018 127 127 127
0.047017 0.000338 -0.016018 126 126 126
0.047013 0.000338 -0.016018 126 126 126
0.047009 0.000338 -0.016018 127 127 127
0.047005 0.000338 -0.016018 127 127 127
0.047002 0.000338 -0.016018 126 126 126
0.046998 0.000338 -0.016018 127 127 127
0.046994 0.000338 -0.016018 127 127 127
0.046990 0.000338 -0.016018 127 127 127
0.046986 0.000338 -0.016018 126 126 126
0.046982 0.000338 -0.016018 127 127 127
0.046978 0.000338 -0.016018 127 127 127
0.046975 0.000338 -0.016018 127 127 127
0.046971 0.000338 -0.016018 127 127 127
0.046967 0.000338 -0.016018 127 127 127
0.046963 0.000338 -0.016018 127 127 127
0.046959 0.000338 -0.016018 126 126 126
0.046955 0.000338 -0.016018 126 126 126
0.046951 0.000338 -0.016018 126 126 126
0.046947 0.000338 -0.016018 126 126 126
0.046944 0.000338 -0.016018 126 126 126
0.046940 0.000338 -0.016018 126 126 126
0.046936 0.000338 -0.016018 126 126 126
0.046932 0.000338 -0.016018 126 126 126
0.046928 0.000338 -0.016018 126 126 126
0.046924 0.000338 -0.016018 126 126 126
0.046920 0.000338 -0.016018 126 126 126
0.046917 0.000338 -0.016018 126 126 126
0.046913 0.000338 -0.016018 127 127 127
0.046909 0.000338 -0.016018 126 126 126
0.046905 0.000338 -0.016018 126 126 126
0.046901 0.000338 -0.016018 127 127 127
0.046897 0.000338 -0.016018 126 126 126
0.046893 0.000338 -0.016018 126 126 126
0.046889 0.000338 -0.016018 126 126 126
0.046886 0.000338 -0.016018 127 127 127
0.046882 0.000338 -0.016018 126 126 126
0.046878 0.000338 -0.016018 126 126 126
0.046874 0.000338 -0.016018 126 126 126
0.046870 0.000338 -0.016018 126 126 126
0.046866 0.000338 -0.016018 127 127 127
0.046862 0.000338 -0.016018 126 126 126
0.046859 0.000338 -0.016018 126 126 126
0.046855 0.000338 -0.016018 126 126 126
0.046851 0.000338 -0.016018 126 126 126
0.046847 0.000338 -0.016018 126 126 126
0.046843 0.000338 -0.016018 127 127 127
0.046804 0.000338 -0.016018 126 126 126
0.046801 0.000338 -0.016018 126 126 126
0.046797 0.000338 -0.016018 126 126 126
0.046793 0.000338 -0.016018 126 126 126
0.046789 0.000338 -0.016018 127 127 127
0.046785 0.000338 -0.016018 126 126 126
0.046781 0.000338 -0.016018 126 126 126
0.046777 0.000338 -0.016018 126 126 126
0.046773 0.000338 -0.016018 126 126 126
0.046770 0.000338 -0.016018 126 126 126
0.046766 0.000338 -0.016018 126 126 126
0.046762 0.000338 -0.016018 126 126 126
0.046758 0.000338 -0.016018 126 126 126
0.046754 0.000338 -0.016018 126 126 126
0.149755 0.000974 -0.051289 126 126 126
0.149745 0.000974 -0.051289 126 126 126
0.149714 0.000974 -0.051289 127 127 127
0.149703 0.000974 -0.051289 126 126 126
0.149693 0.000974 -0.051289 127 127 127
0.182630 0.001178 -0.062575 127 127 127
0.182618 0.001178 -0.062575 126 126 126
0.232020 0.001483 -0.079505 126 126 126
0.232004 0.001483 -0.079505 126 126 126
0.231989 0.001483 -0.079505 127 127 127
0.231973 0.001483 -0.079505 127 127 127
0.314294 0.001992 -0.107722 126 126 126
0.314274 0.001992 -0.107722 127 127 127
0.314253 0.001992 -0.107722 127 127 127
0.314233 0.001992 -0.107722 126 126 126
0.314212 0.001992 -0.107722 126 126 126
0.314191 0.001992 -0.107722 126 126 126
0.314171 0.001992 -0.107722 126 126 126
0.314150 0.001992 -0.107722 126 126 126
0.314129 0.001992 -0.107722 126 126 126
0.314109 0.001992 -0.107722 126 126 126
0.314088 0.001992 -0.107722 126 126 126
0.314068 0.001992 -0.107722 126 126 126
0.314047 0.001992 -0.107722 126 126 126
0.314026 0.001992 -0.107722 126 126 126
0.478535 0.003011 -0.164156 126 126 126
0.478504 0.003011 -0.164156 126 126 126
0.478473 0.003011 -0.164156 126 126 126
0.478442 0.003011 -0.164156 126 126 126
0.478411 0.003011 -0.164156 126 126 126
0.971813 0.006065 -0.333456 126 126 126
0.971751 0.006065 -0.333456 126 126 126
-0.999938 -0.006152 0.343746 126 126 126
-0.999876 -0.006152 0.343746 126 126 126
-0.999814 -0.006152 0.343746 126 126 126
-0.999752 -0.006152 0.343746 126 126 126
-0.999691 -0.006152 0.343746 126 126 126
-0.999629 -0.006152 0.343746 126 126 126
-0.999567 -0.006152 0.343746 126 126 126
-0.999505 -0.006152 0.343746 126 126 126
-0.999443 -0.006152 0.343746 126 126 126
-0.999381 -0.006152 0.343746 126 126 126
-0.999319 -0.006152 0.343746 126 126 126
-0.999257 -0.006152 0.343746 126 126 126
-0.999196 -0.006152 0.343746 126 126 126
-0.999134 -0.006152 0.343746 126 126 126
-0.999072 -0.006152 0.343746 126 126 126
-0.507031 -0.003098 0.174446 126 126 126
-0.507000 -0.003098 0.174446 126 126 126
-0.506969 -0.003098 0.174446 126 126 126
-0.506938 -0.003098 0.174446 126 126 126
-0.506908 -0.003098 0.174446 126 126 126
0.047230 0.000334 -0.016018 127 127 127
-0.017359 -0.000058 0.005929 127 127 127
-0.017359 -0.000058 0.005929 126 126 126
-0.017359 -0.000058 0.005929 126 126 126
-0.017359 -0.000058 0.005929 126 126 126
-0.017359 -0.000058 0.005929 126 126 126
-0.017353 -0.000058 0.005927 126 126 126
-0.017353 -0.000058 0.005927 126 126 126
-0.017353 -0.000058 0.005927 127 127 127
-0.017342 -0.000058 0.005923 127 127 127
-0.017337 -0.000057 0.005922 126 126 126
-0.017337 -0.000057 0.005922 127 127 127
-0.017337 -0.000057 0.005922 126 126 126
-0.017336 -0.000057 0.005922 126 126 126
-0.017347 -0.000058 0.005925 127 127 127
-0.017347 -0.000058 0.005925 127 127 127
-0.017331 -0.000057 0.005920 127 127 127
-0.017331 -0.000057 0.005920 127 127 127
-0.017320 -0.000057 0.005916 126 126 126
-0.017320 -0.000057 0.005916 126 126 126
-0.017309 -0.000057 0.005913 127 127 127
-0.017309 -0.000057 0.005913 127 127 127
-0.017325 -0.000057 0.005918 126 126 126
-0.017325 -0.000057 0.005918 126 126 126
-0.017324 -0.000057 0.005918 126 126 126
-0.017335 -0.000057 0.005922 126 126 126
-0.017335 -0.000057 0.005922 126 126 126
-0.017334 -0.000057 0.005922 127 127 127
-0.017334 -0.000057 0.005922 127 127 127
-0.017334 -0.000057 0.005922 126 126 126
-0.017339 -0.000058 0.005923 126 126 126
-0.017344 -0.000058 0.005925 126 126 126
-0.017360 -0.000058 0.005931 126 126 126
-0.017393 -0.000058 0.005942 127 127 127
-0.017415 -0.000058 0.005949 127 127 127
0.047094 0.000334 -0.016018 127 127 127
0.047091 0.000334 -0.016018 126 126 126
-0.017381 -0.000058 0.005938 126 126 126
-0.017381 -0.000058 0.005938 127 127 127
-0.017375 -0.000058 0.005936 127 127 127
-0.017370 -0.000058 0.005934 127 127 127
-0.017370 -0.000058 0.005934 126 126 126
-0.017364 -0.000058 0.005932 126 126 126
-0.017353 -0.000058 0.005929 126 126 126
-0.017348 -0.000058 0.005927 127 127 127
-0.017342 -0.000058 0.005925 127 127 127
-0.017337 -0.000058 0.005923 127 127 127
-0.017326 -0.000057 0.005920 127 127 127
-0.017321 -0.000057 0.005918 127 127 127
-0.017316 -0.000057 0.005916 127 127 127
-0.017300 -0.000057 0.005911 126 126 126
-0.017275 -0.000057 0.005902 127 127 127
-0.017270 -0.000057 0.005901 126 126 126
-0.017265 -0.000057 0.005899 127 127 127
-0.017270 -0.000057 0.005901 127 127 127
0.047017 0.000334 -0.016018 126 126 126
0.047013 0.000334 -0.016018 126 126 126
0.047009 0.000334 -0.016018 127 127 127
0.047005 0.000334 -0.016018 127 127 127
-0.017356 -0.000058 0.005931 126 126 126
-0.017356 -0.000058 0.005931 127 127 127
-0.017356 -0.000058 0.005931 127 127 127
-0.017356 -0.000058 0.005931 127 127 127
-0.017356 -0.000058 0.005931 126 126 126
-0.017356 -0.000058 0.005931 126 126 126
-0.017355 -0.000058 0.005931 126 126 126
-0.017350 -0.000058 0.005929 127 127 127
-0.017350 -0.000058 0.005929 126 126 126
-0.017339 -0.000058 0.005925 127 127 127
-0.017334 -0.000058 0.005923 127 127 127
-0.017328 -0.000057 0.005922 126 126 126
-0.017328 -0.000057 0.005922 126 126 126
-0.017344 -0.000058 0.005927 126 126 126
-0.017349 -0.000058 0.005929 126 126 126
-0.017354 -0.000058 0.005931 126 126 126
-0.017354 -0.000058 0.005931 126 126 126
-0.017354 -0.000058 0.005931 126 126 126
-0.017370 -0.000058 0.005936 126 126 126
-0.017370 -0.000058 0.005936 126 126 126
-0.017380 -0.000058 0.005940 126 126 126
-0.017369 -0.000058 0.005936 126 126 126
-0.017353 -0.000058 0.005931 126 126 126
-0.017347 -0.000058 0.005929 126 126 126
-0.017347 -0.000058 0.005929 126 126 126
-0.017342 -0.000058 0.005927 126 126 126
-0.017336 -0.000058 0.005925 126 126 126
-0.017336 -0.000058 0.005925 126 126 126
-0.017336 -0.000058 0.005925 126 126 126
-0.017336 -0.000058 0.005925 126 126 126
-0.017341 -0.000058 0.005927 126 126 126
-0.017341 -0.000058 0.005927 126 126 126
-0.017346 -0.000058 0.005929 127 127 127
-0.017346 -0.000058 0.005929 126 126 126
-0.017346 -0.000058 0.005929 126 126 126
-0.017340 -0.000058 0.005927 126 126 126
-0.017340 -0.000058 0.005927 126 126 126
-0.017335 -0.000058 0.005925 127 127 127
-0.017334 -0.000058 0.005925 127 127 127
-0.017334 -0.000058 0.005925 126 126 126
-0.017345 -0.000058 0.005929 126 126 126
-0.017350 -0.000058 0.005931 126 126 126
-0.017344 -0.000058 0.005929 126 126 126
-0.017344 -0.000058 0.005929 126 126 126
-0.017344 -0.000058 0.005929 126 126 126
-0.017344 -0.000058 0.005929 126 126 126
-0.017339 -0.000058 0.005927 126 126 126
-0.017344 -0.000058 0.005929 127 127 127
-0.017344 -0.000058 0.005929 126 126 126
-0.017343 -0.000058 0.005929 127 127 127
-0.017343 -0.000058 0.005929 127 127 127
-0.017333 -0.000058 0.005925 126 126 126
-0.017332 -0.000058 0.005925 126 126 126
-0.017332 -0.000058 0.005925 126 126 126
-0.017332 -0.000058 0.005925 126 126 126
-0.017327 -0.000058 0.005923 126 126 126
-0.017332 -0.000058 0.005925 126 126 126
-0.017332 -0.000058 0.005925 126 126 126
-0.017332 -0.000058 0.005925 126 126 126
-0.017331 -0.000058 0.005925 126 126 126
-0.017331 -0.000058 0.005925 126 126 126
-0.017331 -0.000058 0.005925 126 126 126
-0.017321 -0.000057 0.005922 126 126 126
-0.017315 -0.000057 0.005920 126 126 126
-0.017310 -0.000057 0.005918 126 126 126
-0.017315 -0.000057 0.005920 126 126 126
-0.017315 -0.000057 0.005920 126 126 126
-0.017320 -0.000057 0.005922 126 126 126
-0.017351 -0.000058 0.005932 126 126 126
-0.017351 -0.000058 0.005932 126 126 126
-0.017362 -0.000058 0.005936 126 126 126
-0.017362 -0.000058 0.005936 126 126 126
-0.017362 -0.000058 0.005936 127 127 127
-0.017361 -0.000058 0.005936 126 126 126
-0.017351 -0.000058 0.005932 126 126 126
-0.017340 -0.000058 0.005929 126 126 126
-0.017334 -0.000058 0.005927 127 127 127
-0.017339 -0.000058 0.005929 127 127 127
-0.017350 -0.000058 0.005932 126 126 126
-0.017350 -0.000058 0.005932 126 126 126
-0.017350 -0.000058 0.005932 126 126 126
-0.017350 -0.000058 0.005932 126 126 126
-0.017349 -0.000058 0.005932 126 126 126
0.314129 0.001972 -0.107722 126 126 126
0.314109 0.001972 -0.107722 126 126 126
0.314088 0.001972 -0.107722 126 126 126
-0.017338 -0.000058 0.005929 126 126 126
0.314047 0.001972 -0.107722 126 126 126
-0.017338 -0.000058 0.005929 126 126 126
-0.017338 -0.000058 0.005929 126 126 126
-0.017338 -0.000058 0.005929 126 126 126
-0.017337 -0.000058 0.005929 126 126 126
0.478442 0.002980 -0.164156 126 126 126
0.478411 0.002980 -0.164156 126 126 126
0.478380 0.002980 -0.164156 126 126 126
0.971751 0.006003 -0.333456 126 126 126
-0.017353 -0.000058 0.005934 126 126 126
-0.017337 -0.000058 0.005929 126 126 126
-0.017326 -0.000058 0.005925 126 126 126
-0.017315 -0.000057 0.005922 126 126 126
-0.017315 -0.000057 0.005922 126 126 126
-0.017331 -0.000058 0.005927 126 126 126
-0.017336 -0.000058 0.005929 126 126 126
-0.017336 -0.000058 0.005929 126 126 126
-0.017346 -0.000058 0.005932 126 126 126
-0.017373 -0.000058 0.005942 126 126 126
-0.017373 -0.000058 0.005942 126 126 126
-0.017362 -0.000058 0.005938 126 126 126
-0.017362 -0.000058 0.005938 126 126 126
-0.017329 -0.000058 0.005927 126 126 126
-0.017324 -0.000058 0.005925 126 126 126
-0.017324 -0.000058 0.005925 126 126 126
-0.017324 -0.000058 0.005925 126 126 126
-0.017329 -0.000058 0.005927 126 126 126
-0.017328 -0.000058 0.005927 126 126 126
-0.017328 -0.000058 0.005927 127 127 127
-0.017313 -0.000057 0.005922 126 126 126
-0.017302 -0.000057 0.005918 127 127 127
-0.017302 -0.000057 0.005918 126 126 126
-0.017266 -0.000057 0.005906 127 127 127
-0.017171 -0.000057 0.005873 126 126 126
-0.017171 -0.000057 0.005873 126 126 126
-0.017175 -0.000057 0.005875 126 126 126
-0.017291 -0.000057 0.005915 126 126 126
-0.017291 -0.000057 0.005915 126 126 126
-0.017286 -0.000057 0.005913 126 126 126
-0.017286 -0.000057 0.005913 126 126 126
-0.017275 -0.000057 0.005909 126 126 126
-0.017306 -0.000057 0.005920 126 126 126
-0.017306 -0.000057 0.005920 126 126 126
-0.017321 -0.000058 0.005925 126 126 126
-0.017321 -0.000058 0.005925 126 126 126
-0.017326 -0.000058 0.005927 126 126 126
-0.017326 -0.000058 0.005927 126 126 126
-0.017326 -0.000058 0.005927 126 126 126
-0.017325 -0.000058 0.005927 126 126 126
-0.017325 -0.000058 0.005927 126 126 126
-0.017336 -0.000058 0.005931 126 126 126
-0.017336 -0.000058 0.005931 126 126 126
-0.017330 -0.000058 0.005929 126 126 126
-0.017330 -0.000058 0.005929 126 126 126
-0.017330 -0.000058 0.005929 126 126 126
-0.506908 -0.003067 0.174446 126 126 126
-0.017359 -0.000057 0.005929 126 126 126
-0.017359 -0.000057 0.005929 126 126 126
-0.017359 -0.000057 0.005929 127 127 127
-0.017353 -0.000057 0.005927 126 126 126
-0.017348 -0.000057 0.005925 126 126 126
-0.017332 -0.000057 0.005920 126 126 126
-0.017332 -0.000057 0.005920 126 126 126
-0.017327 -0.000057 0.005918 126 126 126
-0.017321 -0.000057 0.005916 126 126 126
-0.017271 -0.000057 0.005899 127 127 127
-0.017213 -0.000057 0.005879 126 126 126
-0.017203 -0.000057 0.005876 127 127 127
-0.017199 -0.000057 0.005875 127 127 127
-0.017198 -0.000057 0.005875 126 126 126
-0.017189 -0.000056 0.005872 126 126 126
-0.017194 -0.000056 0.005873 126 126 126
-0.017198 -0.000057 0.005875 127 127 127
-0.017198 -0.000057 0.005875 126 126 126
-0.017221 -0.000057 0.005883 126 126 126
-0.017221 -0.000057 0.005883 126 126 126
-0.017221 -0.000057 0.005883 127 127 127
-0.017259 -0.000057 0.005896 127 127 127
-0.017269 -0.000057 0.005899 127 127 127
-0.017274 -0.000057 0.005901 126 126 126
-0.017279 -0.000057 0.005902 126 126 126
-0.017283 -0.000057 0.005904 126 126 126
-0.017283 -0.000057 0.005904 126 126 126
-0.017278 -0.000057 0.005902 126 126 126
-0.017278 -0.000057 0.005902 126 126 126
-0.017278 -0.000057 0.005902 126 126 126
-0.017258 -0.000057 0.005896 126 126 126
-0.017210 -0.000057 0.005879 126 126 126
-0.017178 -0.000056 0.005869 127 127 127
-0.017124 -0.000056 0.005850 126 126 126
-0.017124 -0.000056 0.005850 126 126 126
-0.017124 -0.000056 0.005850 126 126 126
-0.017124 -0.000056 0.005850 126 126 126
-0.017124 -0.000056 0.005850 126 126 126
-0.017364 -0.000058 0.005932 126 126 126
-0.017364 -0.000058 0.005932 127 127 127
-0.017364 -0.000058 0.005932 126 126 126
-0.017353 -0.000057 0.005929 126 126 126
-0.017348 -0.000057 0.005927 126 126 126
-0.017342 -0.000057 0.005925 126 126 126
-0.017321 -0.000057 0.005918 126 126 126
-0.017291 -0.000057 0.005908 126 126 126
-0.017285 -0.000057 0.005906 126 126 126
-0.017275 -0.000057 0.005902 126 126 126
-0.017270 -0.000057 0.005901 126 126 126
-0.017260 -0.000057 0.005897 126 126 126
-0.017245 -0.000057 0.005892 126 126 126
-0.017236 -0.000057 0.005889 126 126 126
-0.017207 -0.000057 0.005879 126 126 126
-0.017207 -0.000057 0.005879 126 126 126
-0.017198 -0.000057 0.005876 126 126 126
-0.017197 -0.000057 0.005876 126 126 126
-0.017330 -0.000057 0.005922 126 126 126
-0.017330 -0.000057 0.005922 126 126 126
-0.017335 -0.000057 0.005923 126 126 126
-0.017340 -0.000057 0.005925 126 126 126
-0.017340 -0.000057 0.005925 126 126 126
-0.017340 -0.000057 0.005925 126 126 126
-0.017340 -0.000057 0.005925 126 126 126
-0.017334 -0.000057 0.005923 126 126 126
-0.017334 -0.000057 0.005923 126 126 126
-0.017324 -0.000057 0.005920 126 126 126
-0.017298 -0.000057 0.005911 126 126 126
-0.017219 -0.000057 0.005884 126 126 126
-0.017205 -0.000057 0.005879 126 126 126
-0.017219 -0.000057 0.005884 126 126 126
-0.017205 -0.000057 0.005879 126 126 126
-0.017223 -0.000057 0.005886 126 126 126
-0.017323 -0.000057 0.005920 126 126 126
-0.017323 -0.000057 0.005920 126 126 126
-0.017322 -0.000057 0.005920 126 126 126
-0.017348 -0.000057 0.005929 126 126 126
-0.017364 -0.000058 0.005934 126 126 126
-0.017370 -0.000058 0.005936 126 126 126
-0.017370 -0.000058 0.005936 126 126 126
-0.017118 -0.000056 0.005850 125 125 125
-0.017369 -0.000058 0.005936 125 125 125
-0.017364 -0.000058 0.005934 126 126 126
-0.017364 -0.000058 0.005934 125 125 125
-0.017347 -0.000057 0.005929 126 126 126
-0.017342 -0.000057 0.005927 126 126 126
-0.017300 -0.000057 0.005913 125 125 125
-0.017245 -0.000057 0.005894 125 125 125
-0.017202 -0.000057 0.005879 125 125 125
-0.017188 -0.000057 0.005875 125 125 125
-0.017207 -0.000057 0.005881 125 125 125
-0.017207 -0.000057 0.005881 125 125 125
-0.017240 -0.000057 0.005892 125 125 125
-0.017269 -0.000057 0.005902 125 125 125
-0.017330 -0.000057 0.005923 125 125 125
-0.017335 -0.000057 0.005925 125 125 125
-0.017335 -0.000057 0.005925 125 125 125
-0.017340 -0.000057 0.005927 125 125 125
-0.017319 -0.000057 0.005920 125 125 125
-0.017319 -0.000057 0.005920 125 125 125
-0.017273 -0.000057 0.005904 125 125 125
-0.017273 -0.000057 0.005904 125 125 125
-0.017313 -0.000057 0.005918 125 125 125
-0.017324 -0.000057 0.005922 125 125 125
-0.017323 -0.000057 0.005922 125 125 125
-0.017323 -0.000057 0.005922 125 125 125
-0.017323 -0.000057 0.005922 125 125 125
-0.017318 -0.000057 0.005920 125 125 125
-0.017302 -0.000057 0.005915 125 125 125
-0.017312 -0.000057 0.005918 125 125 125
-0.017312 -0.000057 0.005918 125 125 125
-0.017322 -0.000057 0.005922 125 125 125
-0.017322 -0.000057 0.005922 125 125 125
-0.017317 -0.000057 0.005920 124 124 124
-0.017317 -0.000057 0.005920 124 124 124
-0.017317 -0.000057 0.005920 124 124 124
-0.017311 -0.000057 0.005918 124 124 124
-0.017311 -0.000057 0.005918 125 125 125
-0.017311 -0.000057 0.005918 124 124 124
-0.017291 -0.000057 0.005911 124 124 124
-0.017285 -0.000057 0.005909 124 124 124
-0.017285 -0.000057 0.005909 124 124 124
-0.017290 -0.000057 0.005911 124 124 124
-0.017290 -0.000057 0.005911 124 124 124
-0.017290 -0.000057 0.005911 124 124 124
-0.017290 -0.000057 0.005911 124 124 124
-0.017290 -0.000057 0.005911 124 124 124
-0.017289 -0.000057 0.005911 124 124 124
-0.017274 -0.000057 0.005906 124 124 124
-0.017279 -0.000057 0.005908 124 124 124
-0.017284 -0.000057 0.005909 124 124 124
-0.017330 -0.000057 0.005925 123 123 123
-0.017335 -0.000057 0.005927 123 123 123
-0.017178 -0.000056 0.005873 123 123 123
-0.017111 -0.000056 0.005850 123 123 123
-0.017111 -0.000056 0.005850 123 123 123
-0.017111 -0.000056 0.005850 123 123 123
-0.017111 -0.000056 0.005850 123 123 123
-0.017111 -0.000056 0.005850 123 123 123
-0.017111 -0.000056 0.005850 123 123 123
-0.017111 -0.000056 0.005850 123 123 123
-0.017111 -0.000056 0.005850 123 123 123
-0.017110 -0.000056 0.005850 123 123 123
-0.017110 -0.000056 0.005850 123 123 123
-0.017110 -0.000056 0.005850 122 122 122
-0.017339 -0.000057 0.005929 123 123 123
-0.017338 -0.000057 0.005929 122 122 122
-0.017338 -0.000057 0.005929 122 122 122
-0.017338 -0.000057 0.005929 123 123 123
-0.017338 -0.000057 0.005929 122 122 122
-0.017333 -0.000057 0.005927 122 122 122
-0.017332 -0.000057 0.005927 122 122 122
-0.017246 -0.000057 0.005897 122 122 122
-0.017246 -0.000057 0.005897 122 122 122
-0.017337 -0.000057 0.005929 122 122 122
-0.017342 -0.000058 0.005931 122 122 122
-0.017348 -0.000058 0.005932 121 121 121
-0.017337 -0.000057 0.005929 121 121 121
-0.017311 -0.000057 0.005920 121 121 121
-0.017255 -0.000057 0.005901 121 121 121
-0.017207 -0.000057 0.005884 121 121 121
-0.017202 -0.000057 0.005883 121 121 121
-0.017202 -0.000057 0.005883 121 121 121
-0.017179 -0.000057 0.005875 121 121 121
-0.017169 -0.000056 0.005872 121 121 121
-0.017156 -0.000056 0.005867 121 121 121
-0.017155 -0.000056 0.005867 120 120 120
-0.017164 -0.000056 0.005870 120 120 120
-0.017160 -0.000056 0.005869 120 120 120
-0.017173 -0.000056 0.005873 120 120 120
-0.017159 -0.000056 0.005869 120 120 120
-0.017155 -0.000056 0.005867 120 120 120
-0.017155 -0.000056 0.005867 120 120 120
-0.017173 -0.000056 0.005873 119 119 119
-0.017177 -0.000057 0.005875 119 119 119
-0.017214 -0.000057 0.005888 120 120 120
-0.017248 -0.000057 0.005899 119 119 119
-0.017267 -0.000057 0.005906 119 119 119
-0.017292 -0.000057 0.005915 119 119 119
-0.017292 -0.000057 0.005915 119 119 119
-0.017257 -0.000057 0.005902 119 119 119
-0.017213 -0.000057 0.005888 119 119 119
-0.017204 -0.000057 0.005884 119 119 119
-0.017185 -0.000057 0.005878 119 119 119
-0.017171 -0.000056 0.005873 118 118 118
-0.017167 -0.000056 0.005872 118 118 118
-0.017166 -0.000056 0.005872 118 118 118
-0.017171 -0.000056 0.005873 118 118 118
-0.017175 -0.000057 0.005875 118 118 118
-0.017222 -0.000057 0.005891 118 118 118
-0.017222 -0.000057 0.005891 117 117 117
-0.017231 -0.000057 0.005894 117 117 117
-0.017236 -0.000057 0.005896 117 117 117
-0.017236 -0.000057 0.005896 117 117 117
-0.017231 -0.000057 0.005894 117 117 117
-0.017197 -0.000057 0.005883 116 116 116
-0.017230 -0.000057 0.005894 116 116 116
-0.017197 -0.000057 0.005883 117 117 117
-0.017240 -0.000057 0.005897 117 117 117
-0.017188 -0.000057 0.005879 116 116 116
-0.017174 -0.000057 0.005875 116 116 116
-0.017173 -0.000057 0.005875 116 116 116
-0.017178 -0.000057 0.005876 115 115 115
-0.017269 -0.000057 0.005908 115 115 115
-0.017314 -0.000057 0.005923 116 116 116
-0.017314 -0.000057 0.005923 115 115 115
-0.017314 -0.000057 0.005923 115 115 115
-0.017330 -0.000057 0.005929 115 115 115
-0.017338 -0.000057 0.005922 118 118 118
-0.017338 -0.000057 0.005922 118 118 118
-0.017343 -0.000057 0.005923 118 118 118
-0.017338 -0.000057 0.005922 117 117 117
-0.017332 -0.000057 0.005920 117 117 117
-0.017286 -0.000057 0.005904 117 117 117
-0.017256 -0.000057 0.005894 117 117 117
-0.017213 -0.000056 0.005879 117 117 117
-0.017208 -0.000056 0.005878 117 117 117
-0.017204 -0.000056 0.005876 117 117 117
-0.017199 -0.000056 0.005875 117 117 117
-0.017199 -0.000056 0.005875 116 116 116
-0.017189 -0.000056 0.005872 116 116 116
-0.017189 -0.000056 0.005872 116 116 116
-0.017189 -0.000056 0.005872 115 115 115
-0.017194 -0.000056 0.005873 115 115 115
-0.017198 -0.000056 0.005875 115 115 115
-0.017203 -0.000056 0.005876 115 115 115
-0.017212 -0.000056 0.005879 115 115 115
-0.017221 -0.000057 0.005883 115 115 115
-0.017211 -0.000056 0.005879 115 115 115
-0.017216 -0.000056 0.005881 114 114 114
-0.017221 -0.000057 0.005883 114 114 114
-0.017225 -0.000057 0.005884 114 114 114
-0.017244 -0.000057 0.005891 113 113 113
-0.017259 -0.000057 0.005896 113 113 113
-0.017258 -0.000057 0.005896 113 113 113
-0.017253 -0.000057 0.005894 112 112 112
-0.017248 -0.000057 0.005892 112 112 112
-0.017248 -0.000057 0.005892 112 112 112
-0.017210 -0.000056 0.005879 112 112 112
-0.017178 -0.000056 0.005869 112 112 112
-0.017124 -0.000056 0.005850 112 112 112
-0.017124 -0.000056 0.005850 111 111 111
-0.017124 -0.000056 0.005850 111 111 111
-0.017124 -0.000056 0.005850 111 111 111
-0.017124 -0.000056 0.005850 111 111 111
-0.017124 -0.000056 0.005850 110 110 110
-0.017124 -0.000056 0.005850 111 111 111
-0.017364 -0.000057 0.005932 111 111 111
-0.017359 -0.000057 0.005931 110 110 110
-0.017353 -0.000057 0.005929 109 109 109
-0.017343 -0.000057 0.005925 109 109 109
-0.017322 -0.000057 0.005918 109 109 109
-0.017291 -0.000057 0.005908 108 108 108
-0.017281 -0.000057 0.005904 108 108 108
-0.017271 -0.000057 0.005901 108 108 108
-0.017265 -0.000057 0.005899 108 108 108
-0.017251 -0.000057 0.005894 108 108 108
-0.017246 -0.000057 0.005892 107 107 107
-0.017236 -0.000057 0.005889 107 107 107
-0.017236 -0.000057 0.005889 107 107 107
-0.017207 -0.000056 0.005879 107 107 107
-0.017207 -0.000056 0.005879 106 106 106
-0.017198 -0.000056 0.005876 106 106 106
-0.017193 -0.000056 0.005875 106 106 106
-0.017193 -0.000056 0.005875 105 105 105
-0.017235 -0.000057 0.005889 105 105 105
-0.017259 -0.000057 0.005897 105 105 105
-0.017319 -0.000057 0.005918 104 104 104
-0.017335 -0.000057 0.005923 105 105 105
-0.017314 -0.000057 0.005916 104 104 104
-0.017283 -0.000057 0.005906 104 104 104
-0.017258 -0.000057 0.005897 103 103 103
-0.017258 -0.000057 0.005897 103 103 103
-0.017239 -0.000057 0.005891 103 103 103
-0.017205 -0.000056 0.005879 102 102 102
-0.017200 -0.000056 0.005878 102 102 102
-0.017191 -0.000056 0.005875 101 101 101
-0.017196 -0.000056 0.005876 101 101 101
-0.017200 -0.000056 0.005878 101 101 101
-0.017200 -0.000056 0.005878 101 101 101
-0.017200 -0.000056 0.005878 101 101 101
-0.017209 -0.000056 0.005881 101 101 101
-0.017209 -0.000056 0.005881 101 101 101
-0.017218 -0.000057 0.005884 100 100 100
-0.017343 -0.000057 0.005927 99 99 99
-0.017185 -0.000056 0.005873 99 99 99
-0.017119 -0.000056 0.005850 99 99 99
-0.017118 -0.000056 0.005850 99 99 99
-0.017118 -0.000056 0.005850 98 98 98
-0.017353 -0.000057 0.005931 97 97 97
-0.017353 -0.000057 0.005931 97 97 97
-0.017300 -0.000057 0.005913 97 97 97
-0.017203 -0.000056 0.005879 97 97 97
-0.017189 -0.000056 0.005875 96 96 96
-0.017189 -0.000056 0.005875 96 96 96
-0.017184 -0.000056 0.005873 96 96 96
-0.017188 -0.000056 0.005875 96 96 96
-0.017197 -0.000056 0.005878 95 95 95
-0.017207 -0.000056 0.005881 95 95 95
-0.017211 -0.000057 0.005883 95 95 95
-0.017235 -0.000057 0.005891 94 94 94
-0.017294 -0.000057 0.005911 94 94 94
-0.017330 -0.000057 0.005923 94 94 94
-0.017319 -0.000057 0.005920 93 93 93
-0.017293 -0.000057 0.005911 93 93 93
-0.017253 -0.000057 0.005897 92 92 92
-0.017253 -0.000057 0.005897 92 92 92
-0.017258 -0.000057 0.005899 92 92 92
-0.017268 -0.000057 0.005902 91 91 91
-0.017283 -0.000057 0.005908 92 92 92
-0.017288 -0.000057 0.005909 91 91 91
-0.017292 -0.000057 0.005911 91 91 91
-0.017287 -0.000057 0.005909 90 90 90
-0.017262 -0.000057 0.005901 90 90 90
-0.017252 -0.000057 0.005897 90 90 90
-0.017257 -0.000057 0.005899 89 89 89
-0.017267 -0.000057 0.005902 89 89 89
-0.017292 -0.000057 0.005911 88 88 88
-0.017292 -0.000057 0.005911 88 88 88
-0.017302 -0.000057 0.005915 87 87 87
-0.017301 -0.000057 0.005915 87 87 87
-0.017301 -0.000057 0.005915 87 87 87
-0.017301 -0.000057 0.005915 86 86 86
-0.017291 -0.000057 0.005911 86 86 86
-0.017281 -0.000057 0.005908 86 86 86
-0.017270 -0.000057 0.005904 85 85 85
-0.017265 -0.000057 0.005902 85 85 85
-0.017260 -0.000057 0.005901 85 85 85
-0.017260 -0.000057 0.005901 84 84 84
-0.017270 -0.000057 0.005904 84 84 84
-0.017270 -0.000057 0.005904 84 84 84
-0.017275 -0.000057 0.005906 83 83 83
-0.017260 -0.000057 0.005901 83 83 83
-0.017259 -0.000057 0.005901 82 82 82
-0.017259 -0.000057 0.005901 82 82 82
-0.017254 -0.000057 0.005899 82 82 82
-0.017244 -0.000057 0.005896 82 82 82
-0.017284 -0.000057 0.005909 81 81 81
-0.017178 -0.000056 0.005873 80 80 80
-0.017112 -0.000056 0.005850 80 80 80
-0.017111 -0.000056 0.005850 79 79 79
-0.017111 -0.000056 0.005850 79 79 79
-0.017111 -0.000056 0.005850 79 79 79
-0.017111 -0.000056 0.005850 78 78 78
-0.017111 -0.000056 0.005850 78 78 78
-0.017111 -0.000056 0.005850 78 78 78
-0.017111 -0.000056 0.005850 78 78 78
-0.017111 -0.000056 0.005850 77 77 77
-0.017110 -0.000056 0.005850 77 77 77
-0.017110 -0.000056 0.005850 76 76 76
-0.017110 -0.000056 0.005850 76 76 76
-0.017110 -0.000056 0.005850 76 76 76
-0.017317 -0.000057 0.005922 75 75 75
-0.017317 -0.000057 0.005922 74 74 74
-0.017317 -0.000057 0.005922 74 74 74
-0.017246 -0.000057 0.005897 73 73 73
-0.017237 -0.000057 0.005894 72 72 72
-0.017227 -0.000057 0.005891 72 72 72
-0.017198 -0.000056 0.005881 72 72 72
-0.017180 -0.000056 0.005875 71 71 71
-0.017175 -0.000056 0.005873 71 71 71
-0.017175 -0.000056 0.005873 70 70 70
-0.017179 -0.000056 0.005875 70 70 70
-0.017184 -0.000056 0.005876 69 69 69
-0.017184 -0.000056 0.005876 69 69 69
-0.017179 -0.000056 0.005875 68 68 68
-0.017179 -0.000056 0.005875 68 68 68
-0.017169 -0.000056 0.005872 67 67 67
-0.017156 -0.000056 0.005867 67 67 67
-0.017156 -0.000056 0.005867 67 67 67
-0.017155 -0.000056 0.005867 66 66 66
-0.017155 -0.000056 0.005867 66 66 66
-0.017155 -0.000056 0.005867 66 66 66
-0.017164 -0.000056 0.005870 65 65 65
-0.017159 -0.000056 0.005869 65 65 65
-0.017150 -0.000056 0.005865 64 64 64
-0.017155 -0.000056 0.005867 63 63 63
-0.017155 -0.000056 0.005867 63 63 63
-0.017168 -0.000056 0.005872 63 63 63
-0.017172 -0.000056 0.005873 63 63 63
-0.017209 -0.000057 0.005886 63 63 63
-0.017214 -0.000057 0.005888 63 63 63
-0.017223 -0.000057 0.005891 62 62 62
-0.017223 -0.000057 0.005891 62 62 62
-0.017209 -0.000057 0.005886 61 61 61
-0.017204 -0.000057 0.005884 61 61 61
-0.017185 -0.000056 0.005878 60 60 60
-0.017180 -0.000056 0.005876 60 60 60
-0.017171 -0.000056 0.005873 59 59 59
-0.017171 -0.000056 0.005873 59 59 59
-0.017171 -0.000056 0.005873 59 59 59
-0.017175 -0.000056 0.005875 59 59 59
-0.017175 -0.000056 0.005875 58 58 58
-0.017194 -0.000056 0.005881 58 58 58
-0.017198 -0.000057 0.005883 57 57 57
-0.017193 -0.000056 0.005881 57 57 57
-0.017193 -0.000056 0.005881 57 57 57
-0.017184 -0.000056 0.005878 57 57 57
-0.017193 -0.000056 0.005881 56 56 56
-0.017188 -0.000056 0.005879 56 56 56
-0.017193 -0.000056 0.005881 56 56 56
-0.017188 -0.000056 0.005879 55 55 55
-0.017188 -0.000056 0.005879 55 55 55
-0.017178 -0.000056 0.005876 55 55 55
-0.017174 -0.000056 0.005875 54 54 54
-0.017173 -0.000056 0.005875 53 53 53
-0.017173 -0.000056 0.005875 53 53 53
-0.017182 -0.000056 0.005878 53 53 53
-0.017201 -0.000057 0.005884 53 53 53
-0.017201 -0.000057 0.005884 53 53 53
-0.017191 -0.000056 0.005881 53 53 53
-0.017314 -0.000057 0.005923 52 52 52
-0.017328 -0.000057 0.005918 60 60 60
-0.017328 -0.000057 0.005918 59 59 59
-0.017327 -0.000057 0.005918 58 58 58
-0.017333 -0.000057 0.005920 58 58 58
-0.017307 -0.000057 0.005911 57 57 57
-0.017286 -0.000057 0.005904 57 57 57
-0.017256 -0.000057 0.005894 57 57 57
-0.017213 -0.000056 0.005879 56 56 56
-0.017209 -0.000056 0.005878 56 56 56
-0.017199 -0.000056 0.005875 56 56 56
-0.017199 -0.000056 0.005875 55 55 55
-0.017194 -0.000056 0.005873 55 55 55
-0.017194 -0.000056 0.005873 55 55 55
-0.017189 -0.000056 0.005872 55 55 55
-0.017194 -0.000056 0.005873 54 54 54
-0.017194 -0.000056 0.005873 53 53 53
-0.017203 -0.000056 0.005876 53 53 53
-0.017207 -0.000056 0.005878 53 53 53
-0.017207 -0.000056 0.005878 52 52 52
-0.017212 -0.000056 0.005879 52 52 52
-0.017212 -0.000056 0.005879 52 52 52
-0.017211 -0.000056 0.005879 51 51 51
-0.017216 -0.000056 0.005881 51 51 51
-0.017216 -0.000056 0.005881 51 51 51
-0.017220 -0.000056 0.005883 50 50 50
-0.017225 -0.000056 0.005884 49 49 49
-0.017239 -0.000057 0.005889 49 49 49
-0.017244 -0.000057 0.005891 48 48 48
-0.017239 -0.000057 0.005889 48 48 48
-0.017248 -0.000057 0.005892 48 48 48
-0.017224 -0.000056 0.005884 47 47 47
-0.017205 -0.000056 0.005878 47 47 47
-0.017164 -0.000056 0.005864 47 47 47
-0.017124 -0.000056 0.005850 46 46 46
-0.017124 -0.000056 0.005850 46 46 46
-0.017124 -0.000056 0.005850 45 45 45
-0.017124 -0.000056 0.005850 45 45 45
-0.017124 -0.000056 0.005850 45 45 45
-0.017124 -0.000056 0.005850 44 44 44
-0.017124 -0.000056 0.005850 44 44 44
-0.017124 -0.000056 0.005850 44 44 44
-0.017354 -0.000057 0.005929 43 43 43
-0.017353 -0.000057 0.005929 42 42 42
-0.017337 -0.000057 0.005923 42 42 42
-0.017291 -0.000057 0.005908 42 42 42
-0.017276 -0.000057 0.005902 41 41 41
-0.017271 -0.000057 0.005901 41 41 41
-0.017266 -0.000057 0.005899 41 41 41
-0.017261 -0.000057 0.005897 41 41 41
-0.017251 -0.000057 0.005894 40 40 40
-0.017246 -0.000057 0.005892 40 40 40
-0.017241 -0.000057 0.005891 39 39 39
-0.017245 -0.000057 0.005892 39 39 39
-0.017236 -0.000057 0.005889 39 39 39
-0.017235 -0.000057 0.005889 38 38 38
-0.017207 -0.000056 0.005879 38 38 38
-0.017193 -0.000056 0.005875 37 37 37
-0.017193 -0.000056 0.005875 37 37 37
-0.017197 -0.000056 0.005876 37 37 37
-0.017211 -0.000056 0.005881 36 36 36
-0.017259 -0.000057 0.005897 36 36 36
-0.017264 -0.000057 0.005899 36 36 36
-0.017263 -0.000057 0.005899 35 35 35
-0.017258 -0.000057 0.005897 35 35 35
-0.017249 -0.000057 0.005894 34 34 34
-0.017234 -0.000057 0.005889 34 34 34
-0.017205 -0.000056 0.005879 34 34 34
-0.017191 -0.000056 0.005875 33 33 33
-0.017191 -0.000056 0.005875 33 33 33
-0.017191 -0.000056 0.005875 32 32 32
-0.017196 -0.000056 0.005876 32 32 32
-0.017200 -0.000056 0.005878 32 32 32
-0.017200 -0.000056 0.005878 32 32 32
-0.017200 -0.000056 0.005878 33 33 33
-0.017200 -0.000056 0.005878 32 32 32
-0.017200 -0.000056 0.005878 32 32 32
-0.017195 -0.000056 0.005876 31 31 31
-0.017195 -0.000056 0.005876 31 31 31
-0.017185 -0.000056 0.005873 31 31 31
-0.017119 -0.000056 0.005850 30 30 30
-0.017118 -0.000056 0.005850 30 30 30
-0.017118 -0.000056 0.005850 30 30 30
-0.017442 -0.000058 0.005961 29 29 29
-0.017212 -0.000056 0.005883 29 29 29
-0.017193 -0.000056 0.005876 29 29 29
-0.017184 -0.000056 0.005873 28 28 28
-0.017170 -0.000056 0.005869 28 28 28
-0.017175 -0.000056 0.005870 28 28 28
-0.017184 -0.000056 0.005873 28 28 28
-0.017188 -0.000056 0.005875 28 28 28
-0.017207 -0.000056 0.005881 27 27 27
-0.017197 -0.000056 0.005878 27 27 27
-0.017211 -0.000056 0.005883 27 27 27
-0.017178 -0.000056 0.005872 27 27 27
-0.017279 -0.000057 0.005906 27 27 27
-0.017335 -0.000057 0.005925 26 26 26
-0.017278 -0.000057 0.005906 26 26 26
-0.017239 -0.000057 0.005892 26 26 26
-0.017244 -0.000057 0.005894 26 26 26
-0.017243 -0.000057 0.005894 25 25 25
-0.017263 -0.000057 0.005901 25 25 25
-0.017268 -0.000057 0.005902 25 25 25
-0.017273 -0.000057 0.005904 25 25 25
-0.017272 -0.000057 0.005904 25 25 25
-0.017262 -0.000057 0.005901 25 25 25
-0.017252 -0.000057 0.005897 24 24 24
-0.017252 -0.000057 0.005897 24 24 24
-0.017252 -0.000057 0.005897 24 24 24
-0.017257 -0.000057 0.005899 24 24 24
-0.017267 -0.000057 0.005902 23 23 23
-0.017281 -0.000057 0.005908 23 23 23
-0.017286 -0.000057 0.005909 23 23 23
-0.017291 -0.000057 0.005911 22 22 22
-0.017291 -0.000057 0.005911 23 23 23
-0.017291 -0.000057 0.005911 22 22 22
-0.017281 -0.000057 0.005908 22 22 22
-0.017271 -0.000057 0.005904 22 22 22
-0.017265 -0.000057 0.005902 22 22 22
-0.017260 -0.000057 0.005901 22 22 22
-0.017255 -0.000057 0.005899 22 22 22
-0.017255 -0.000057 0.005899 21 21 21
-0.017255 -0.000057 0.005899 21 21 21
-0.017260 -0.000057 0.005901 21 21 21
-0.017260 -0.000057 0.005901 21 21 21
-0.017260 -0.000057 0.005901 21 21 21
-0.017255 -0.000057 0.005899 21 21 21
-0.017254 -0.000057 0.005899 20 20 20
-0.017254 -0.000057 0.005899 20 20 20
-0.017244 -0.000057 0.005896 20 20 20
-0.017264 -0.000057 0.005902 20 20 20
-0.017299 -0.000057 0.005915 20 20 20
-0.017112 -0.000056 0.005850 19 19 19
-0.017111 -0.000056 0.005850 19 19 19
-0.017111 -0.000056 0.005850 19 19 19
-0.017111 -0.000056 0.005850 19 19 19
-0.017111 -0.000056 0.005850 19 19 19
-0.017111 -0.000056 0.005850 18 18 18
-0.017111 -0.000056 0.005850 18 18 18
-0.017111 -0.000056 0.005850 19 19 19
-0.017111 -0.000056 0.005850 18 18 18
-0.017110 -0.000056 0.005850 18 18 18
-0.017110 -0.000056 0.005850 18 18 18
-0.017110 -0.000056 0.005850 18 18 18
-0.017110 -0.000056 0.005850 18 18 18
-0.017110 -0.000056 0.005850 17 17 17
-0.017241 -0.000057 0.005896 16 16 16
-0.017237 -0.000057 0.005894 16 16 16
-0.017227 -0.000057 0.005891 16 16 16
-0.017184 -0.000056 0.005876 16 16 16
-0.017180 -0.000056 0.005875 16 16 16
-0.017161 -0.000056 0.005869 16 16 16
-0.017161 -0.000056 0.005869 16 16 16
-0.017170 -0.000056 0.005872 15 15 15
-0.017175 -0.000056 0.005873 15 15 15
-0.017174 -0.000056 0.005873 15 15 15
-0.017174 -0.000056 0.005873 15 15 15
-0.017170 -0.000056 0.005872 15 15 15
-0.017160 -0.000056 0.005869 15 15 15
-0.017156 -0.000056 0.005867 15 15 15
-0.017156 -0.000056 0.005867 14 14 14
-0.017155 -0.000056 0.005867 14 14 14
-0.017164 -0.000056 0.005870 14 14 14
-0.017160 -0.000056 0.005869 14 14 14
-0.017173 -0.000056 0.005873 14 14 14
-0.017173 -0.000056 0.005873 14 14 14
-0.017164 -0.000056 0.005870 14 14 14
-0.017155 -0.000056 0.005867 13 13 13
-0.017155 -0.000056 0.005867 14 14 14
-0.017159 -0.000056 0.005869 14 14 14
-0.017168 -0.000056 0.005872 14 14 14
-0.017172 -0.000056 0.005873 14 14 14
-0.017209 -0.000056 0.005886 14 14 14
-0.017214 -0.000056 0.005888 13 13 13
-0.017218 -0.000057 0.005889 13 13 13
-0.017209 -0.000056 0.005886 13 13 13
-0.017190 -0.000056 0.005879 13 13 13
-0.017185 -0.000056 0.005878 13 13 13
-0.017180 -0.000056 0.005876 13 13 13
-0.017176 -0.000056 0.005875 13 13 13
-0.017176 -0.000056 0.005875 13 13 13
-0.017175 -0.000056 0.005875 13 13 13
-0.017175 -0.000056 0.005875 13 13 13
-0.017184 -0.000056 0.005878 13 13 13
-0.017194 -0.000056 0.005881 12 12 12
-0.017193 -0.000056 0.005881 13 13 13
-0.017179 -0.000056 0.005876 12 12 12
-0.017179 -0.000056 0.005876 13 13 13
-0.017175 -0.000056 0.005875 13 13 13
-0.017184 -0.000056 0.005878 13 13 13
-0.017183 -0.000056 0.005878 13 13 13
-0.017188 -0.000056 0.005879 13 13 13
-0.017188 -0.000056 0.005879 13 13 13
-0.017188 -0.000056 0.005879 13 13 13
-0.017178 -0.000056 0.005876 13 13 13
-0.017174 -0.000056 0.005875 12 12 12
-0.017173 -0.000056 0.005875 12 12 12
-0.017173 -0.000056 0.005875 12 12 12
-0.017182 -0.000056 0.005878 12 12 12
-0.017192 -0.000056 0.005881 12 12 12
-0.017201 -0.000056 0.005884 12 12 12
-0.017187 -0.000056 0.005879 12 12 12
-0.017191 -0.000056 0.005881 12 12 12
-0.017365 -0.000057 0.005931 14 14 14
-0.017328 -0.000057 0.005918 13 13 13
-0.017327 -0.000057 0.005918 13 13 13
-0.017333 -0.000057 0.005920 13 13 13
-0.017296 -0.000057 0.005908 13 13 13
-0.017276 -0.000057 0.005901 13 13 13
-0.017247 -0.000056 0.005891 13 13 13
-0.017213 -0.000056 0.005879 13 13 13
-0.017199 -0.000056 0.005875 13 13 13
-0.017199 -0.000056 0.005875 13 13 13
-0.017199 -0.000056 0.005875 13 13 13
-0.017194 -0.000056 0.005873 12 12 12
-0.017194 -0.000056 0.005873 12 12 12
-0.017194 -0.000056 0.005873 13 13 13
-0.017198 -0.000056 0.005875 13 13 13
-0.017203 -0.000056 0.005876 13 13 13
-0.017207 -0.000056 0.005878 12 12 12
-0.017207 -0.000056 0.005878 12 12 12
-0.017207 -0.000056 0.005878 12 12 12
-0.017212 -0.000056 0.005879 12 12 12
-0.017212 -0.000056 0.005879 12 12 12
-0.017211 -0.000056 0.005879 12 12 12
-0.017211 -0.000056 0.005879 12 12 12
-0.017216 -0.000056 0.005881 12 12 12
-0.017216 -0.000056 0.005881 12 12 12
-0.017216 -0.000056 0.005881 12 12 12
-0.017215 -0.000056 0.005881 12 12 12
-0.017234 -0.000056 0.005888 12 12 12
-0.017220 -0.000056 0.005883 12 12 12
-0.017225 -0.000056 0.005884 12 12 12
-0.017215 -0.000056 0.005881 12 12 12
-0.017205 -0.000056 0.005878 11 11 11
-0.017205 -0.000056 0.005878 11 11 11
-0.017124 -0.000056 0.005850 11 11 11
-0.017124 -0.000056 0.005850 11 11 11
-0.017124 -0.000056 0.005850 11 11 11
-0.017124 -0.000056 0.005850 11 11 11
-0.017124 -0.000056 0.005850 11 11 11
-0.017124 -0.000056 0.005850 11 11 11
-0.017124 -0.000056 0.005850 11 11 11
-0.017375 -0.000057 0.005936 11 11 11
-0.017375 -0.000057 0.005936 11 11 11
-0.017359 -0.000057 0.005931 11 11 11
-0.017337 -0.000057 0.005923 11 11 11
-0.017276 -0.000057 0.005902 11 11 11
-0.017271 -0.000057 0.005901 10 10 10
-0.017266 -0.000057 0.005899 10 10 10
-0.017256 -0.000056 0.005896 11 11 11
-0.017251 -0.000056 0.005894 11 11 11
-0.017251 -0.000056 0.005894 11 11 11
-0.017250 -0.000056 0.005894 11 11 11
-0.017245 -0.000056 0.005892 10 10 10
-0.017250 -0.000056 0.005894 10 10 10
-0.017255 -0.000056 0.005896 10 10 10
-0.017255 -0.000056 0.005896 11 11 11
-0.017235 -0.000056 0.005889 11 11 11
-0.017207 -0.000056 0.005879 11 11 11
-0.017193 -0.000056 0.005875 10 10 10
-0.017202 -0.000056 0.005878 10 10 10
-0.017206 -0.000056 0.005879 10 10 10
-0.017220 -0.000056 0.005884 10 10 10
-0.017234 -0.000056 0.005889 10 10 10
-0.017254 -0.000056 0.005896 10 10 10
-0.017239 -0.000056 0.005891 10 10 10
-0.017234 -0.000056 0.005889 10 10 10
-0.017206 -0.000056 0.005879 10 10 10
-0.017201 -0.000056 0.005878 10 10 10
-0.017187 -0.000056 0.005873 10 10 10
-0.017187 -0.000056 0.005873 10 10 10
-0.017191 -0.000056 0.005875 10 10 10
-0.017196 -0.000056 0.005876 10 10 10
-0.017200 -0.000056 0.005878 10 10 10
-0.017200 -0.000056 0.005878 10 10 10
-0.017200 -0.000056 0.005878 10 10 10
-0.017200 -0.000056 0.005878 10 10 10
-0.017200 -0.000056 0.005878 10 10 10
-0.017190 -0.000056 0.005875 10 10 10
-0.017190 -0.000056 0.005875 10 10 10
-0.017185 -0.000056 0.005873 10 10 10
-0.017181 -0.000056 0.005872 10 10 10
-0.017118 -0.000056 0.005850 10 10 10
-0.017189 -0.000056 0.005875 10 10 10
-0.017495 -0.000058 0.005979 10 10 10
-0.017500 -0.000058 0.005981 10 10 10
-0.017500 -0.000058 0.005981 10 10 10
-0.017193 -0.000056 0.005876 10 10 10
-0.017184 -0.000056 0.005873 10 10 10
-0.017175 -0.000056 0.005870 10 10 10
-0.017179 -0.000056 0.005872 10 10 10
-0.017207 -0.000056 0.005881 10 10 10
-0.017207 -0.000056 0.005881 10 10 10
-0.017230 -0.000056 0.005889 10 10 10
-0.017225 -0.000056 0.005888 10 10 10
-0.017225 -0.000056 0.005888 10 10 10
-0.017178 -0.000056 0.005872 10 10 10
-0.017201 -0.000056 0.005879 10 10 10
-0.017201 -0.000056 0.005879 10 10 10
-0.017239 -0.000056 0.005892 10 10 10
-0.017239 -0.000056 0.005892 10 10 10
-0.017239 -0.000056 0.005892 10 10 10
-0.017243 -0.000056 0.005894 10 10 10
-0.017263 -0.000057 0.005901 10 10 10
-0.017278 -0.000057 0.005906 10 10 10
-0.017273 -0.000057 0.005904 10 10 10
-0.017267 -0.000057 0.005902 10 10 10
-0.017262 -0.000057 0.005901 10 10 10
-0.017252 -0.000057 0.005897 10 10 10
-0.017252 -0.000057 0.005897 10 10 10
-0.017252 -0.000057 0.005897 10 10 10
-0.017262 -0.000057 0.005901 10 10 10
-0.017267 -0.000057 0.005902 10 10 10
-0.017276 -0.000057 0.005906 10 10 10
-0.017281 -0.000057 0.005908 10 10 10
-0.017286 -0.000057 0.005909 10 10 10
-0.017286 -0.000057 0.005909 10 10 10
-0.017281 -0.000057 0.005908 10 10 10
-0.017281 -0.000057 0.005908 10 10 10
-0.017266 -0.000057 0.005902 10 10 10
-0.017265 -0.000057 0.005902 10 10 10
-0.017260 -0.000057 0.005901 10 10 10
-0.017250 -0.000057 0.005897 10 10 10
-0.017250 -0.000057 0.005897 10 10 10
-0.017250 -0.000057 0.005897 10 10 10
-0.017250 -0.000057 0.005897 10 10 10
-0.017250 -0.000057 0.005897 10 10 10
-0.017245 -0.000056 0.005896 10 10 10
-0.017250 -0.000057 0.005897 10 10 10
-0.017254 -0.000057 0.005899 10 10 10
-0.017264 -0.000057 0.005902 10 10 10
-0.017429 -0.000058 0.005959 10 10 10
-0.017406 -0.000057 0.005951 10 10 10
-0.017406 -0.000057 0.005951 10 10 10
-0.017299 -0.000057 0.005915 10 10 10
-0.017254 -0.000057 0.005899 10 10 10
-0.017111 -0.000056 0.005850 9 9 9
-0.017111 -0.000056 0.005850 10 10 10
-0.017111 -0.000056 0.005850 10 10 10
-0.017111 -0.000056 0.005850 10 10 10
-0.017111 -0.000056 0.005850 10 10 10
-0.017111 -0.000056 0.005850 10 10 10
-0.017111 -0.000056 0.005850 9 9 9
-0.017110 -0.000056 0.005850 10 10 10
-0.017110 -0.000056 0.005850 10 10 10
-0.017110 -0.000056 0.005850 10 10 10
-0.017110 -0.000056 0.005850 10 10 10
-0.017246 -0.000057 0.005897 10 10 10
-0.017241 -0.000056 0.005896 10 10 10
-0.017241 -0.000056 0.005896 10 10 10
-0.017236 -0.000056 0.005894 10 10 10
-0.017208 -0.000056 0.005884 10 10 10
-0.017184 -0.000056 0.005876 10 10 10
-0.017166 -0.000056 0.005870 10 10 10
-0.017166 -0.000056 0.005870 10 10 10
-0.017170 -0.000056 0.005872 10 10 10
-0.017170 -0.000056 0.005872 10 10 10
-0.017165 -0.000056 0.005870 10 10 10
-0.017165 -0.000056 0.005870 10 10 10
-0.017161 -0.000056 0.005869 10 10 10
-0.017160 -0.000056 0.005869 10 10 10
-0.017156 -0.000056 0.005867 10 10 10
-0.017156 -0.000056 0.005867 10 10 10
-0.017160 -0.000056 0.005869 10 10 10
-0.017169 -0.000056 0.005872 10 10 10
-0.017173 -0.000056 0.005873 10 10 10
-0.017182 -0.000056 0.005876 10 10 10
-0.017178 -0.000056 0.005875 10 10 10
-0.017164 -0.000056 0.005870 10 10 10
-0.017155 -0.000056 0.005867 10 10 10
-0.017155 -0.000056 0.005867 10 10 10
-0.017154 -0.000056 0.005867 10 10 10
-0.017154 -0.000056 0.005867 10 10 10
-0.017154 -0.000056 0.005867 10 10 10
-0.017177 -0.000056 0.005875 10 10 10
-0.017209 -0.000056 0.005886 10 10 10
-0.017209 -0.000056 0.005886 10 10 10
-0.017195 -0.000056 0.005881 10 10 10
-0.017190 -0.000056 0.005879 10 10 10
-0.017185 -0.000056 0.005878 10 10 10
-0.017180 -0.000056 0.005876 10 10 10
-0.017176 -0.000056 0.005875 9 9 9
-0.017176 -0.000056 0.005875 10 10 10
-0.017175 -0.000056 0.005875 10 10 10
-0.017180 -0.000056 0.005876 10 10 10
-0.017184 -0.000056 0.005878 10 10 10
-0.017189 -0.000056 0.005879 10 10 10
-0.017189 -0.000056 0.005879 10 10 10
-0.017175 -0.000056 0.005875 10 10 10
-0.017175 -0.000056 0.005875 10 10 10
-0.017175 -0.000056 0.005875 10 10 10
-0.017174 -0.000056 0.005875 10 10 10
-0.017179 -0.000056 0.005876 10 10 10
-0.017188 -0.000056 0.005879 10 10 10
-0.017188 -0.000056 0.005879 10 10 10
-0.017192 -0.000056 0.005881 10 10 10
-0.017188 -0.000056 0.005879 10 10 10
-0.017178 -0.000056 0.005876 9 9 9
-0.017173 -0.000056 0.005875 10 10 10
-0.017173 -0.000056 0.005875 10 10 10
-0.017182 -0.000056 0.005878 9 9 9
-0.017192 -0.000056 0.005881 10 10 10
-0.017205 -0.000056 0.005886 10 10 10
-0.017191 -0.000056 0.005881 9 9 9
-0.017200 -0.000056 0.005884 10 10 10
-0.017900 -0.000060 0.006112 10 10 10
-0.017365 -0.000057 0.005931 10 10 10
-0.017364 -0.000057 0.005931 10 10 10
-0.017843 -0.000060 0.006093 10 10 10
-0.017805 -0.000059 0.006080 9 9 9
-0.017306 -0.000057 0.005911 10 10 10
-0.017252 -0.000056 0.005892 10 10 10
-0.017213 -0.000056 0.005879 10 10 10
-0.017199 -0.000056 0.005875 10 10 10
-0.017199 -0.000056 0.005875 10 10 10
-0.017199 -0.000056 0.005875 10 10 10
-0.017199 -0.000056 0.005875 10 10 10
-0.017203 -0.000056 0.005876 9 9 9
-0.017203 -0.000056 0.005876 10 10 10
-0.017208 -0.000056 0.005878 10 10 10
-0.017231 -0.000056 0.005886 10 10 10
-0.017231 -0.000056 0.005886 10 10 10
-0.017217 -0.000056 0.005881 10 10 10
-0.017217 -0.000056 0.005881 10 10 10
-0.017216 -0.000056 0.005881 10 10 10
-0.017216 -0.000056 0.005881 10 10 10
-0.017211 -0.000056 0.005879 10 10 10
-0.017216 -0.000056 0.005881 10 10 10
-0.017216 -0.000056 0.005881 9 9 9
-0.017216 -0.000056 0.005881 10 10 10
-0.017220 -0.000056 0.005883 10 10 10
-0.017234 -0.000056 0.005888 10 10 10
-0.017234 -0.000056 0.005888 10 10 10
-0.017220 -0.000056 0.005883 10 10 10
-0.017225 -0.000056 0.005884 10 10 10
-0.017224 -0.000056 0.005884 10 10 10
-0.017248 -0.000056 0.005892 10 10 10
0.047091 0.000315 -0.016018 10 10 10
0.047087 0.000315 -0.016018 10 10 10
-0.017348 -0.000057 0.005927 10 10 10
-0.017322 -0.000057 0.005918 10 10 10
-0.017276 -0.000056 0.005902 9 9 9
-0.017276 -0.000056 0.005902 9 9 9
-0.017261 -0.000056 0.005897 9 9 9
-0.017256 -0.000056 0.005896 9 9 9
-0.017251 -0.000056 0.005894 10 10 10
-0.017250 -0.000056 0.005894 10 10 10
-0.017255 -0.000056 0.005896 9 9 9
-0.017260 -0.000056 0.005897 9 9 9
-0.017265 -0.000056 0.005899 9 9 9
-0.017265 -0.000056 0.005899 10 10 10
-0.017255 -0.000056 0.005896 10 10 10
-0.017250 -0.000056 0.005894 10 10 10
-0.017207 -0.000056 0.005879 9 9 9
-0.017206 -0.000056 0.005879 9 9 9
-0.017211 -0.000056 0.005881 10 10 10
-0.017235 -0.000056 0.005889 10 10 10
-0.017254 -0.000056 0.005896 10 10 10
-0.017254 -0.000056 0.005896 10 10 10
-0.017249 -0.000056 0.005894 9 9 9
-0.017239 -0.000056 0.005891 9 9 9
-0.017234 -0.000056 0.005889 9 9 9
-0.017205 -0.000056 0.005879 10 10 10
-0.017191 -0.000056 0.005875 10 10 10
-0.017191 -0.000056 0.005875 10 10 10
-0.017191 -0.000056 0.005875 10 10 10
-0.017200 -0.000056 0.005878 10 10 10
-0.017209 -0.000056 0.005881 10 10 10
-0.017209 -0.000056 0.005881 9 9 9
-0.017209 -0.000056 0.005881 10 10 10
0.046944 0.000315 -0.016018 10 10 10
0.046940 0.000315 -0.016018 10 10 10
-0.017228 -0.000056 0.005888 10 10 10
-0.017232 -0.000056 0.005889 10 10 10
-0.017232 -0.000056 0.005889 10 10 10
-0.017232 -0.000056 0.005889 10 10 10
-0.017194 -0.000056 0.005876 10 10 10
-0.017501 -0.000058 0.005981 10 10 10
-0.017501 -0.000058 0.005981 10 10 10
-0.017500 -0.000058 0.005981 10 10 10
-0.017500 -0.000058 0.005981 10 10 10
-0.017500 -0.000058 0.005981 10 10 10
-0.018494 -0.000064 0.006321 10 10 10
-0.018494 -0.000064 0.006321 10 10 10
-0.018435 -0.000063 0.006301 10 10 10
-0.018333 -0.000063 0.006266 10 10 10
-0.017239 -0.000056 0.005892 10 10 10
-0.017239 -0.000056 0.005892 9 9 9
-0.017262 -0.000056 0.005901 10 10 10
-0.017252 -0.000056 0.005897 10 10 10
-0.017252 -0.000056 0.005897 10 10 10
-0.017262 -0.000056 0.005901 9 9 9
-0.017267 -0.000056 0.005902 10 10 10
-0.017282 -0.000057 0.005908 10 10 10
-0.017281 -0.000057 0.005908 10 10 10
-0.017286 -0.000057 0.005909 9 9 9
-0.017291 -0.000057 0.005911 10 10 10
-0.017291 -0.000057 0.005911 10 10 10
-0.017291 -0.000057 0.005911 10 10 10
-0.017281 -0.000057 0.005908 10 10 10
-0.017281 -0.000057 0.005908 10 10 10
-0.017265 -0.000056 0.005902 10 10 10
-0.017265 -0.000056 0.005902 10 10 10
-0.017260 -0.000056 0.005901 10 10 10
-0.017250 -0.000056 0.005897 10 10 10
-0.017250 -0.000056 0.005897 10 10 10
-0.018382 -0.000063 0.006285 10 10 10
-0.017250 -0.000056 0.005897 10 10 10
-0.017250 -0.000056 0.005897 10 10 10
-0.017255 -0.000056 0.005899 10 10 10
-0.017330 -0.000057 0.005925 10 10 10
-0.017155 -0.000056 0.005865 10 10 10
-0.017111 -0.000056 0.005850 10 10 10
-0.017111 -0.000056 0.005850 10 10 10
-0.017111 -0.000056 0.005850 10 10 10
-0.017111 -0.000056 0.005850 10 10 10
-0.017110 -0.000056 0.005850 10 10 10
-0.017110 -0.000056 0.005850 10 10 10
-0.017110 -0.000056 0.005850 10 10 10
-0.018457 -0.000063 0.006313 10 10 10
-0.017251 -0.000056 0.005899 10 10 10
-0.017246 -0.000056 0.005897 10 10 10
-0.017246 -0.000056 0.005897 10 10 10
-0.017241 -0.000056 0.005896 10 10 10
-0.017241 -0.000056 0.005896 10 10 10
-0.017207 -0.000056 0.005884 10 10 10
-0.017184 -0.000056 0.005876 10 10 10
-0.017170 -0.000056 0.005872 10 10 10
-0.017170 -0.000056 0.005872 10 10 10
-0.017170 -0.000056 0.005872 10 10 10
-0.017165 -0.000056 0.005870 10 10 10
-0.017165 -0.000056 0.005870 10 10 10
-0.017165 -0.000056 0.005870 10 10 10
-0.017165 -0.000056 0.005870 10 10 10
-0.017160 -0.000056 0.005869 10 10 10
-0.017169 -0.000056 0.005872 10 10 10
-0.017169 -0.000056 0.005872 10 10 10
-0.017178 -0.000056 0.005875 10 10 10
-0.017191 -0.000056 0.005879 10 10 10
-0.017182 -0.000056 0.005876 10 10 10
-0.017164 -0.000056 0.005870 9 9 9
-0.017164 -0.000056 0.005870 10 10 10
-0.017163 -0.000056 0.005870 10 10 10
-0.017163 -0.000056 0.005870 10 10 10
-0.017177 -0.000056 0.005875 10 10 10
-0.017200 -0.000056 0.005883 10 10 10
-0.017209 -0.000056 0.005886 10 10 10
-0.017218 -0.000056 0.005889 10 10 10
-0.017218 -0.000056 0.005889 10 10 10
-0.017195 -0.000056 0.005881 10 10 10
-0.017190 -0.000056 0.005879 10 10 10
-0.017190 -0.000056 0.005879 10 10 10
-0.017185 -0.000056 0.005878 10 10 10
-0.017180 -0.000056 0.005876 10 10 10
-0.017180 -0.000056 0.005876 10 10 10
-0.017185 -0.000056 0.005878 10 10 10
-0.017217 -0.000056 0.005889 10 10 10
-0.017217 -0.000056 0.005889 10 10 10
-0.017217 -0.000056 0.005889 10 10 10
-0.017189 -0.000056 0.005879 10 10 10
-0.017175 -0.000056 0.005875 10 10 10
-0.017175 -0.000056 0.005875 10 10 10
-0.017174 -0.000056 0.005875 10 10 10
-0.017183 -0.000056 0.005878 9 9 9
-0.017197 -0.000056 0.005883 10 10 10
-0.017197 -0.000056 0.005883 10 10 10
-0.017197 -0.000056 0.005883 10 10 10
-0.017192 -0.000056 0.005881 10 10 10
-0.017192 -0.000056 0.005881 10 10 10
-0.017183 -0.000056 0.005878 10 10 10
-0.017178 -0.000056 0.005876 10 10 10
-0.017210 -0.000056 0.005888 10 10 10
-0.017210 -0.000056 0.005888 10 10 10
-0.017215 -0.000056 0.005889 10 10 10
-0.017205 -0.000056 0.005886 10 10 10
-0.017908 -0.000060 0.006115 10 10 10
-0.017883 -0.000060 0.006107 10 10 10
-0.017851 -0.000060 0.006096 10 10 10
-0.017875 -0.000060 0.006104 10 10 10
-0.017875 -0.000060 0.006104 10 10 10
-0.017883 -0.000060 0.006107 10 10 10
-0.017859 -0.000060 0.006099 10 10 10
-0.017874 -0.000060 0.006104 10 10 10
-0.017874 -0.000060 0.006104 10 10 10
-0.017906 -0.000060 0.006115 10 10 10
-0.017898 -0.000060 0.006112 10 10 10
-0.017898 -0.000060 0.006112 9 9 9
-0.017898 -0.000060 0.006112 10 10 10
-0.017865 -0.000060 0.006101 10 10 10
-0.017803 -0.000059 0.006080 10 10 10
-0.017803 -0.000059 0.006080 10 10 10
-0.017826 -0.000059 0.006088 10 10 10
-0.017865 -0.000060 0.006101 10 10 10
-0.017880 -0.000060 0.006107 10 10 10
0.047152 0.000311 -0.016018 10 10 10
0.047149 0.000311 -0.016018 10 10 10
0.047145 0.000311 -0.016018 10 10 10
0.047141 0.000311 -0.016018 10 10 10
0.047137 0.000311 -0.016018 10 10 10
0.047133 0.000311 -0.016018 10 10 10
0.047129 0.000311 -0.016018 10 10 10
0.047125 0.000311 -0.016018 10 10 10
0.047121 0.000311 -0.016018 10 10 10
-0.018470 -0.000063 0.006309 10 10 10
-0.018459 -0.000063 0.006305 10 10 10
-0.018458 -0.000063 0.006305 10 10 10
0.047098 0.000311 -0.016018 10 10 10
0.047094 0.000311 -0.016018 10 10 10
0.047091 0.000311 -0.016018 10 10 10
-0.017753 -0.000059 0.006065 10 10 10
-0.017753 -0.000059 0.006065 10 10 10
-0.017753 -0.000059 0.006065 10 10 10
-0.017760 -0.000059 0.006068 10 10 10
-0.017760 -0.000059 0.006068 10 10 10
0.047040 0.000311 -0.016018 10 10 10
0.047036 0.000311 -0.016018 10 10 10
0.047033 0.000311 -0.016018 10 10 10
0.047029 0.000311 -0.016018 10 10 10
0.047025 0.000311 -0.016018 10 10 10
0.047021 0.000311 -0.016018 10 10 10
0.047017 0.000311 -0.016018 10 10 10
0.047013 0.000311 -0.016018 10 10 10
0.047009 0.000311 -0.016018 10 10 10
0.047005 0.000311 -0.016018 10 10 10
0.047002 0.000311 -0.016018 10 10 10
0.046998 0.000311 -0.016018 10 10 10
0.046994 0.000311 -0.016018 9 9 9
0.046990 0.000311 -0.016018 10 10 10
0.046986 0.000311 -0.016018 10 10 10
0.046982 0.000311 -0.016018 9 9 9
0.046978 0.000311 -0.016018 10 10 10
0.046975 0.000311 -0.016018 10 10 10
0.046971 0.000311 -0.016018 10 10 10
0.046967 0.000311 -0.016018 10 10 10
0.046963 0.000311 -0.016018 10 10 10
0.046947 0.000311 -0.016018 10 10 10
0.046944 0.000311 -0.016018 10 10 10
0.046940 0.000311 -0.016018 10 10 10
0.046936 0.000311 -0.016018 9 9 9
0.046932 0.000311 -0.016018 10 10 10
0.046928 0.000311 -0.016018 10 10 10
0.046924 0.000311 -0.016018 9 9 9
0.046920 0.000311 -0.016018 9 9 9
0.046917 0.000311 -0.016018 9 9 9
0.046913 0.000311 -0.016018 10 10 10
0.046909 0.000311 -0.016018 10 10 10
0.046905 0.000311 -0.016018 10 10 10
-0.018518 -0.000063 0.006329 10 10 10
-0.018494 -0.000063 0.006321 10 10 10
-0.018446 -0.000063 0.006305 10 10 10
-0.018412 -0.000063 0.006293 10 10 10
-0.018400 -0.000063 0.006289 10 10 10
-0.018423 -0.000063 0.006297 10 10 10
-0.018526 -0.000064 0.006333 10 10 10
-0.018420 -0.000063 0.006297 10 10 10
-0.018419 -0.000063 0.006297 10 10 10
-0.018363 -0.000063 0.006277 10 10 10
-0.018341 -0.000062 0.006270 10 10 10
-0.018308 -0.000062 0.006259 10 10 10
-0.018308 -0.000062 0.006259 10 10 10
-0.018308 -0.000062 0.006259 10 10 10
-0.018487 -0.000063 0.006321 10 10 10
-0.018487 -0.000063 0.006321 10 10 10
-0.018475 -0.000063 0.006317 10 10 10
-0.018475 -0.000063 0.006317 10 10 10
-0.018463 -0.000063 0.006313 10 10 10
-0.018451 -0.000063 0.006309 10 10 10
-0.018382 -0.000063 0.006285 10 10 10
-0.018382 -0.000063 0.006285 10 10 10
-0.018472 -0.000063 0.006317 10 10 10
-0.018471 -0.000063 0.006317 10 10 10
-0.018483 -0.000063 0.006321 10 10 10
-0.018483 -0.000063 0.006321 9 9 9
-0.018556 -0.000064 0.006346 10 10 10
-0.018568 -0.000064 0.006350 10 10 10
-0.018568 -0.000064 0.006350 10 10 10
-0.018481 -0.000063 0.006321 10 10 10
-0.018481 -0.000063 0.006321 10 10 10
-0.017841 -0.000060 0.006101 9 9 9
-0.017771 -0.000059 0.006078 10 10 10
-0.017771 -0.000059 0.006078 10 10 10
-0.017794 -0.000059 0.006086 10 10 10
-0.017980 -0.000060 0.006150 10 10 10
-0.017971 -0.000060 0.006147 10 10 10
-0.017937 -0.000060 0.006135 10 10 10
-0.017937 -0.000060 0.006135 10 10 10
-0.017937 -0.000060 0.006135 10 10 10
-0.017886 -0.000060 0.006118 10 10 10
-0.017885 -0.000060 0.006118 10 10 10
-0.017885 -0.000060 0.006118 10 10 10
-0.018405 -0.000063 0.006297 10 10 10
-0.018405 -0.000063 0.006297 10 10 10
-0.018360 -0.000063 0.006281 10 10 10
-0.018360 -0.000063 0.006281 10 10 10
-0.018359 -0.000063 0.006281 10 10 10
-0.018359 -0.000063 0.006281 10 10 10
-0.018337 -0.000063 0.006274 10 10 10
-0.018337 -0.000063 0.006274 10 10 10
-0.018326 -0.000062 0.006270 10 10 10
-0.018336 -0.000063 0.006274 10 10 10
-0.018336 -0.000063 0.006274 10 10 10
-0.018336 -0.000063 0.006274 10 10 10
-0.018336 -0.000063 0.006274 10 10 10
-0.018336 -0.000063 0.006274 10 10 10
-0.018335 -0.000063 0.006274 10 10 10
-0.018346 -0.000063 0.006277 10 10 10
-0.018368 -0.000063 0.006285 10 10 10
-0.018425 -0.000063 0.006305 10 10 10
-0.018436 -0.000063 0.006309 10 10 10
-0.018436 -0.000063 0.006309 10 10 10
-0.018436 -0.000063 0.006309 10 10 10
-0.018435 -0.000063 0.006309 10 10 10
-0.018435 -0.000063 0.006309 10 10 10
-0.018389 -0.000063 0.006293 10 10 10
-0.018458 -0.000063 0.006317 10 10 10
-0.018458 -0.000063 0.006317 10 10 10
-0.018481 -0.000063 0.006325 10 10 10
-0.018458 -0.000063 0.006317 10 10 10
-0.018434 -0.000063 0.006309 10 10 10
-0.018434 -0.000063 0.006309 10 10 10
-0.018433 -0.000063 0.006309 10 10 10
-0.018433 -0.000063 0.006309 10 10 10
-0.017941 -0.000060 0.006126 10 10 10
-0.017900 -0.000060 0.006112 10 10 10
-0.017883 -0.000060 0.006107 10 10 10
-0.017883 -0.000060 0.006107 10 10 10
-0.017883 -0.000060 0.006107 10 10 10
-0.017891 -0.000060 0.006110 10 10 10
-0.017891 -0.000060 0.006110 10 10 10
-0.017899 -0.000060 0.006112 10 10 10
-0.017915 -0.000060 0.006118 10 10 10
-0.017931 -0.000060 0.006124 10 10 10
-0.017914 -0.000060 0.006118 10 10 10
-0.017922 -0.000060 0.006121 10 10 10
-0.017956 -0.000060 0.006132 10 10 10
-0.017956 -0.000060 0.006132 10 10 10
-0.017897 -0.000060 0.006112 10 10 10
-0.017865 -0.000059 0.006101 10 10 10
-0.017905 -0.000060 0.006115 10 10 10
-0.017913 -0.000060 0.006118 10 10 10
-0.018015 -0.000060 0.006153 10 10 10
0.047152 0.000307 -0.016018 10 10 10
0.047149 0.000307 -0.016018 10 10 10
0.047145 0.000307 -0.016018 10 10 10
0.047141 0.000307 -0.016018 10 10 10
0.047125 0.000307 -0.016018 10 10 10
0.047121 0.000307 -0.016018 10 10 10
-0.018459 -0.000063 0.006305 10 10 10
-0.018424 -0.000063 0.006293 10 10 10
-0.018424 -0.000063 0.006293 10 10 10
-0.018470 -0.000063 0.006309 10 10 10
0.047094 0.000307 -0.016018 10 10 10
0.047091 0.000307 -0.016018 10 10 10
0.047087 0.000307 -0.016018 10 10 10
-0.018046 -0.000061 0.006165 10 10 10
-0.018010 -0.000060 0.006153 10 10 10
-0.018010 -0.000060 0.006153 10 10 10
0.047040 0.000307 -0.016018 10 10 10
0.047036 0.000307 -0.016018 9 9 9
0.047033 0.000307 -0.016018 10 10 10
0.047029 0.000307 -0.016018 10 10 10
0.047025 0.000307 -0.016018 10 10 10
0.047021 0.000307 -0.016018 10 10 10
0.047017 0.000307 -0.016018 10 10 10
0.047013 0.000307 -0.016018 10 10 10
0.047009 0.000307 -0.016018 10 10 10
0.047005 0.000307 -0.016018 10 10 10
0.047002 0.000307 -0.016018 10 10 10
0.046998 0.000307 -0.016018 10 10 10
0.046994 0.000307 -0.016018 10 10 10
0.046990 0.000307 -0.016018 9 9 9
0.046986 0.000307 -0.016018 9 9 9
0.046982 0.000307 -0.016018 10 10 10
0.046978 0.000307 -0.016018 10 10 10
0.046975 0.000307 -0.016018 9 9 9
0.046971 0.000307 -0.016018 10 10 10
0.046967 0.000307 -0.016018 10 10 10
0.046944 0.000307 -0.016018 10 10 10
0.046940 0.000307 -0.016018 9 9 9
0.046936 0.000307 -0.016018 10 10 10
0.046932 0.000307 -0.016018 10 10 10
0.046928 0.000307 -0.016018 10 10 10
0.046924 0.000307 -0.016018 10 10 10
0.046920 0.000307 -0.016018 9 9 9
0.046917 0.000307 -0.016018 10 10 10
0.046913 0.000307 -0.016018 10 10 10
0.046909 0.000307 -0.016018 10 10 10
-0.018518 -0.000063 0.006329 10 10 10
-0.018494 -0.000063 0.006321 10 10 10
-0.018458 -0.000063 0.006309 10 10 10
-0.018434 -0.000063 0.006301 10 10 10
-0.018411 -0.000063 0.006293 10 10 10
-0.018423 -0.000063 0.006297 10 10 10
-0.018588 -0.000064 0.006354 10 10 10
-0.018502 -0.000063 0.006325 10 10 10
-0.018431 -0.000063 0.006301 10 10 10
-0.018419 -0.000063 0.006297 10 10 10
-0.018363 -0.000062 0.006277 10 10 10
-0.018319 -0.000062 0.006262 10 10 10
-0.018319 -0.000062 0.006262 10 10 10
-0.018487 -0.000063 0.006321 10 10 10
-0.018487 -0.000063 0.006321 10 10 10
-0.018487 -0.000063 0.006321 10 10 10
-0.018474 -0.000063 0.006317 10 10 10
-0.018462 -0.000063 0.006313 10 10 10
-0.018416 -0.000063 0.006297 10 10 10
-0.018382 -0.000063 0.006285 10 10 10
-0.018484 -0.000063 0.006321 10 10 10
-0.018483 -0.000063 0.006321 10 10 10
-0.018483 -0.000063 0.006321 10 10 10
-0.018568 -0.000064 0.006350 10 10 10
-0.018568 -0.000064 0.006350 10 10 10
-0.018593 -0.000064 0.006359 10 10 10
-0.018458 -0.000063 0.006313 10 10 10
-0.018457 -0.000063 0.006313 10 10 10
-0.018457 -0.000063 0.006313 10 10 10
-0.018481 -0.000063 0.006321 10 10 10
-0.017938 -0.000060 0.006135 10 10 10
-0.017840 -0.000059 0.006101 10 10 10
-0.017840 -0.000059 0.006101 10 10 10
-0.017989 -0.000060 0.006153 10 10 10
-0.017989 -0.000060 0.006153 10 10 10
-0.017962 -0.000060 0.006144 10 10 10
-0.017937 -0.000060 0.006135 10 10 10
-0.017937 -0.000060 0.006135 10 10 10
-0.017927 -0.000060 0.006132 10 10 10
-0.017927 -0.000060 0.006132 9 9 9
-0.018406 -0.000063 0.006297 10 10 10
-0.018452 -0.000063 0.006313 10 10 10
-0.018451 -0.000063 0.006313 10 10 10
-0.018416 -0.000063 0.006301 10 10 10
-0.018416 -0.000063 0.006301 10 10 10
-0.018416 -0.000063 0.006301 10 10 10
-0.018393 -0.000063 0.006293 10 10 10
-0.018359 -0.000062 0.006281 10 10 10
-0.018381 -0.000063 0.006289 10 10 10
-0.018359 -0.000062 0.006281 10 10 10
-0.018358 -0.000062 0.006281 10 10 10
-0.018336 -0.000062 0.006274 10 10 10
-0.018347 -0.000062 0.006277 10 10 10
-0.018347 -0.000062 0.006277 10 10 10
-0.018347 -0.000062 0.006277 10 10 10
-0.018357 -0.000062 0.006281 10 10 10
-0.018368 -0.000063 0.006285 10 10 10
-0.018436 -0.000063 0.006309 10 10 10
-0.018436 -0.000063 0.006309 10 10 10
-0.018459 -0.000063 0.006317 10 10 10
-0.018459 -0.000063 0.006317 10 10 10
-0.018458 -0.000063 0.006317 10 10 10
-0.018458 -0.000063 0.006317 10 10 10
-0.018494 -0.000063 0.006329 10 10 10
-0.018518 -0.000063 0.006337 10 10 10
-0.018493 -0.000063 0.006329 10 10 10
-0.018469 -0.000063 0.006321 10 10 10
-0.018469 -0.000063 0.006321 10 10 10
-0.018469 -0.000063 0.006321 9 9 9
-0.018480 -0.000063 0.006325 10 10 10
-0.017966 -0.000060 0.006135 10 10 10
-0.017941 -0.000060 0.006126 10 10 10
-0.017941 -0.000060 0.006126 10 10 10
-0.017916 -0.000060 0.006118 10 10 10
-0.017915 -0.000060 0.006118 10 10 10
-0.017932 -0.000060 0.006124 10 10 10
-0.017907 -0.000060 0.006115 10 10 10
-0.017907 -0.000060 0.006115 10 10 10
-0.017915 -0.000060 0.006118 10 10 10
-0.017939 -0.000060 0.006126 10 10 10
-0.017931 -0.000060 0.006124 10 10 10
-0.017931 -0.000060 0.006124 10 10 10
-0.017964 -0.000060 0.006135 10 10 10
-0.017964 -0.000060 0.006135 10 10 10
-0.017947 -0.000060 0.006129 10 10 10
-0.017914 -0.000060 0.006118 10 10 10
-0.017964 -0.000060 0.006135 10 10 10
-0.017980 -0.000060 0.006141 10 10 10
-0.018015 -0.000060 0.006153 10 10 10
-0.018033 -0.000060 0.006159 9 9 9
-0.018024 -0.000060 0.006156 10 10 10
-0.018032 -0.000060 0.006159 10 10 10
-0.018032 -0.000060 0.006159 10 10 10
0.047141 0.000303 -0.016018 10 10 10
-0.018031 -0.000060 0.006159 10 10 10
-0.018031 -0.000060 0.006159 10 10 10
-0.018040 -0.000060 0.006162 10 10 10
-0.018031 -0.000060 0.006159 10 10 10
-0.018030 -0.000060 0.006159 10 10 10
-0.018013 -0.000060 0.006153 10 10 10
-0.018012 -0.000060 0.006153 10 10 10
-0.018012 -0.000060 0.006153 10 10 10
-0.018012 -0.000060 0.006153 10 10 10
0.047091 0.000303 -0.016018 10 10 10
-0.018046 -0.000060 0.006165 10 10 10
-0.018037 -0.000060 0.006162 9 9 9
-0.018028 -0.000060 0.006159 10 10 10
-0.018082 -0.000061 0.006177 10 10 10
-0.017730 -0.000059 0.006058 9 9 9
-0.017723 -0.000059 0.006055 9 9 9
-0.017723 -0.000059 0.006055 9 9 9
0.047029 0.000303 -0.016018 10 10 10
0.047025 0.000303 -0.016018 10 10 10
0.047021 0.000303 -0.016018 10 10 10
0.047017 0.000303 -0.016018 10 10 10
0.047013 0.000303 -0.016018 10 10 10
0.047009 0.000303 -0.016018 10 10 10
0.047005 0.000303 -0.016018 10 10 10
0.047002 0.000303 -0.016018 10 10 10
0.046998 0.000303 -0.016018 10 10 10
0.046994 0.000303 -0.016018 10 10 10
0.046990 0.000303 -0.016018 10 10 10
0.046986 0.000303 -0.016018 10 10 10
0.046982 0.000303 -0.016018 10 10 10
0.046978 0.000303 -0.016018 10 10 10
0.046975 0.000303 -0.016018 10 10 10
0.046971 0.000303 -0.016018 10 10 10
0.046967 0.000303 -0.016018 10 10 10
0.046963 0.000303 -0.016018 10 10 10
0.046944 0.000303 -0.016018 10 10 10
0.046940 0.000303 -0.016018 10 10 10
0.046936 0.000303 -0.016018 10 10 10
0.046932 0.000303 -0.016018 10 10 10
0.046928 0.000303 -0.016018 10 10 10
0.046924 0.000303 -0.016018 10 10 10
0.046920 0.000303 -0.016018 9 9 9
0.046917 0.000303 -0.016018 9 9 9
0.046913 0.000303 -0.016018 10 10 10
0.046909 0.000303 -0.016018 10 10 10
-0.018494 -0.000063 0.006321 10 10 10
-0.018458 -0.000063 0.006309 10 10 10
-0.018423 -0.000063 0.006297 10 10 10
-0.018400 -0.000062 0.006289 10 10 10
-0.018400 -0.000062 0.006289 10 10 10
-0.018538 -0.000063 0.006337 9 9 9
-0.018502 -0.000063 0.006325 10 10 10
-0.018489 -0.000063 0.006321 10 10 10
-0.018419 -0.000063 0.006297 10 10 10
-0.018319 -0.000062 0.006262 10 10 10
-0.018319 -0.000062 0.006262 10 10 10
-0.017348 -0.000057 0.005931 10 10 10
-0.018499 -0.000063 0.006325 10 10 10
-0.018498 -0.000063 0.006325 10 10 10
-0.018462 -0.000063 0.006313 10 10 10
-0.017995 -0.000060 0.006153 10 10 10
-0.017987 -0.000060 0.006150 10 10 10
-0.017986 -0.000060 0.006150 10 10 10
-0.017977 -0.000060 0.006147 9 9 9
-0.018483 -0.000063 0.006321 10 10 10
-0.018556 -0.000063 0.006346 10 10 10
-0.018568 -0.000063 0.006350 10 10 10
-0.017891 -0.000060 0.006118 10 10 10
-0.017890 -0.000060 0.006118 10 10 10
-0.017898 -0.000060 0.006121 10 10 10
-0.017940 -0.000060 0.006135 10 10 10
-0.017965 -0.000060 0.006144 10 10 10
-0.017991 -0.000060 0.006153 10 10 10
-0.018008 -0.000060 0.006159 10 10 10
-0.018008 -0.000060 0.006159 10 10 10
-0.018008 -0.000060 0.006159 10 10 10
-0.017990 -0.000060 0.006153 10 10 10
-0.017973 -0.000060 0.006147 10 10 10
-0.017938 -0.000060 0.006135 10 10 10
-0.017864 -0.000059 0.006110 10 10 10
-0.017864 -0.000059 0.006110 10 10 10
-0.017998 -0.000060 0.006156 10 10 10
-0.017989 -0.000060 0.006153 10 10 10
-0.017980 -0.000060 0.006150 10 10 10
-0.017971 -0.000060 0.006147 10 10 10
-0.017954 -0.000060 0.006141 10 10 10
-0.017945 -0.000060 0.006138 10 10 10
-0.017936 -0.000060 0.006135 10 10 10
-0.017928 -0.000060 0.006132 10 10 10
-0.017944 -0.000060 0.006138 10 10 10
-0.017944 -0.000060 0.006138 10 10 10
-0.017902 -0.000060 0.006124 10 10 10
-0.017902 -0.000060 0.006124 10 10 10
-0.017902 -0.000060 0.006124 10 10 10
-0.017927 -0.000060 0.006132 10 10 10
-0.017927 -0.000060 0.006132 10 10 10
-0.018463 -0.000063 0.006317 10 10 10
-0.018451 -0.000063 0.006313 10 10 10
-0.018427 -0.000063 0.006305 10 10 10
-0.018404 -0.000063 0.006297 10 10 10
-0.018381 -0.000062 0.006289 10 10 10
-0.018404 -0.000063 0.006297 10 10 10
-0.018404 -0.000063 0.006297 10 10 10
-0.018358 -0.000062 0.006281 10 10 10
-0.018325 -0.000062 0.006270 10 10 10
-0.018336 -0.000062 0.006274 10 10 10
-0.018336 -0.000062 0.006274 10 10 10
-0.018347 -0.000062 0.006277 10 10 10
-0.018346 -0.000062 0.006277 10 10 10
-0.018391 -0.000062 0.006293 10 10 10
-0.017898 -0.000060 0.006124 10 10 10
-0.017866 -0.000059 0.006112 10 10 10
-0.017857 -0.000059 0.006110 10 10 10
-0.018459 -0.000063 0.006317 10 10 10
-0.018459 -0.000063 0.006317 10 10 10
-0.018458 -0.000063 0.006317 10 10 10
-0.017889 -0.000060 0.006121 10 10 10
-0.018518 -0.000063 0.006337 10 10 10
-0.018469 -0.000063 0.006321 9 9 9
-0.018480 -0.000063 0.006325 10 10 10
-0.017984 -0.000060 0.006141 10 10 10
-0.017966 -0.000060 0.006135 10 10 10
-0.017966 -0.000060 0.006135 10 10 10
-0.017949 -0.000060 0.006129 10 10 10
-0.017957 -0.000060 0.006132 10 10 10
-0.017949 -0.000060 0.006129 10 10 10
-0.017940 -0.000060 0.006126 10 10 10
-0.017931 -0.000059 0.006124 10 10 10
-0.017940 -0.000060 0.006126 10 10 10
-0.017939 -0.000060 0.006126 10 10 10
-0.017931 -0.000059 0.006124 10 10 10
-0.017931 -0.000059 0.006124 10 10 10
-0.017964 -0.000060 0.006135 10 10 10
-0.017964 -0.000060 0.006135 10 10 10
-0.017964 -0.000060 0.006135 10 10 10
-0.017964 -0.000060 0.006135 10 10 10
-0.017972 -0.000060 0.006138 10 10 10
-0.017980 -0.000060 0.006141 10 10 10
-0.018015 -0.000060 0.006153 10 10 10
-0.018033 -0.000060 0.006159 10 10 10
-0.018015 -0.000060 0.006153 10 10 10
-0.018015 -0.000060 0.006153 10 10 10
-0.018014 -0.000060 0.006153 10 10 10
-0.018014 -0.000060 0.006153 10 10 10
-0.018014 -0.000060 0.006153 10 10 10
-0.018031 -0.000060 0.006159 10 10 10
-0.018031 -0.000060 0.006159 10 10 10
-0.018022 -0.000060 0.006156 10 10 10
-0.018031 -0.000060 0.006159 10 10 10
-0.018022 -0.000060 0.006156 10 10 10
-0.018013 -0.000060 0.006153 10 10 10
-0.018004 -0.000060 0.006150 10 10 10
-0.018004 -0.000060 0.006150 10 10 10
-0.018003 -0.000060 0.006150 10 10 10
-0.018003 -0.000060 0.006150 10 10 10
-0.018003 -0.000060 0.006150 10 10 10
-0.018101 -0.000060 0.006184 10 10 10
-0.018046 -0.000060 0.006165 10 10 10
-0.018037 -0.000060 0.006162 10 10 10
-0.018037 -0.000060 0.006162 10 10 10
-0.018037 -0.000060 0.006162 10 10 10
-0.018082 -0.000060 0.006177 10 10 10
-0.018063 -0.000060 0.006171 10 10 10
-0.017723 -0.000058 0.006055 9 9 9
-0.017716 -0.000058 0.006053 10 10 10
-0.017716 -0.000058 0.006053 10 10 10
-0.017709 -0.000058 0.006050 10 10 10
0.047025 0.000299 -0.016018 9 9 9
0.047021 0.000299 -0.016018 9 9 9
-0.018008 -0.000060 0.006153 10 10 10
-0.018008 -0.000060 0.006153 10 10 10
0.046998 0.000299 -0.016018 10 10 10
0.046994 0.000299 -0.016018 10 10 10
0.046990 0.000299 -0.016018 10 10 10
0.046986 0.000299 -0.016018 10 10 10
0.046982 0.000299 -0.016018 10 10 10
0.046978 0.000299 -0.016018 10 10 10
0.046975 0.000299 -0.016018 10 10 10
0.046971 0.000299 -0.016018 10 10 10
0.046967 0.000299 -0.016018 10 10 10
0.046963 0.000299 -0.016018 10 10 10
0.046944 0.000299 -0.016018 10 10 10
0.046940 0.000299 -0.016018 10 10 10
0.046936 0.000299 -0.016018 10 10 10
0.046932 0.000299 -0.016018 10 10 10
0.046928 0.000299 -0.016018 10 10 10
0.046924 0.000299 -0.016018 10 10 10
0.046920 0.000299 -0.016018 10 10 10
0.046917 0.000299 -0.016018 10 10 10
0.046913 0.000299 -0.016018 10 10 10
0.046909 0.000299 -0.016018 10 10 10
-0.018494 -0.000063 0.006321 10 10 10
-0.018435 -0.000062 0.006301 10 10 10
-0.018423 -0.000062 0.006297 10 10 10
-0.018400 -0.000062 0.006289 10 10 10
-0.018400 -0.000062 0.006289 10 10 10
-0.018308 -0.000062 0.006259 10 10 10
-0.018308 -0.000062 0.006259 10 10 10
-0.017348 -0.000056 0.005931 10 10 10
-0.017348 -0.000056 0.005931 10 10 10
-0.017359 -0.000056 0.005934 10 10 10
-0.018474 -0.000063 0.006317 10 10 10
-0.017987 -0.000060 0.006150 10 10 10
-0.017987 -0.000060 0.006150 10 10 10
-0.017986 -0.000060 0.006150 10 10 10
-0.017977 -0.000060 0.006147 10 10 10
-0.018483 -0.000063 0.006321 10 10 10
-0.018568 -0.000063 0.006350 10 10 10
-0.017966 -0.000060 0.006144 10 10 10
-0.017866 -0.000059 0.006110 10 10 10
-0.017866 -0.000059 0.006110 10 10 10
-0.017882 -0.000059 0.006115 10 10 10
-0.017890 -0.000059 0.006118 10 10 10
-0.017940 -0.000060 0.006135 10 10 10
-0.017957 -0.000060 0.006141 10 10 10
-0.017965 -0.000060 0.006144 10 10 10
-0.017991 -0.000060 0.006153 10 10 10
-0.017991 -0.000060 0.006153 10 10 10
-0.017990 -0.000060 0.006153 10 10 10
-0.017990 -0.000060 0.006153 10 10 10
-0.017973 -0.000060 0.006147 10 10 10
-0.017938 -0.000060 0.006135 10 10 10
-0.017888 -0.000059 0.006118 10 10 10
-0.017888 -0.000059 0.006118 10 10 10
-0.017989 -0.000060 0.006153 10 10 10
-0.017989 -0.000060 0.006153 10 10 10
-0.017989 -0.000060 0.006153 10 10 10
-0.017971 -0.000060 0.006147 10 10 10
-0.017954 -0.000060 0.006141 10 10 10
-0.017945 -0.000060 0.006138 10 10 10
-0.017936 -0.000060 0.006135 10 10 10
-0.017870 -0.000059 0.006112 10 10 10
-0.017870 -0.000059 0.006112 10 10 10
-0.017886 -0.000059 0.006118 10 10 10
-0.017886 -0.000059 0.006118 10 10 10
-0.017886 -0.000059 0.006118 10 10 10
-0.017902 -0.000059 0.006124 10 10 10
-0.017927 -0.000060 0.006132 10 10 10
-0.018372 -0.000062 0.006285 10 10 10
-0.017860 -0.000059 0.006110 10 10 10
-0.017860 -0.000059 0.006110 10 10 10
-0.017876 -0.000059 0.006115 10 10 10
-0.018404 -0.000062 0.006297 10 10 10
-0.018325 -0.000062 0.006270 10 10 10
-0.018325 -0.000062 0.006270 10 10 10
-0.018325 -0.000062 0.006270 10 10 10
-0.018325 -0.000062 0.006270 10 10 10
-0.018325 -0.000062 0.006270 9 9 9
-0.018324 -0.000062 0.006270 10 10 10
-0.018346 -0.000062 0.006277 10 10 10
-0.017898 -0.000059 0.006124 10 10 10
-0.017874 -0.000059 0.006115 10 10 10
-0.017858 -0.000059 0.006110 10 10 10
-0.017857 -0.000059 0.006110 10 10 10
-0.018270 -0.000062 0.006252 10 10 10
-0.018269 -0.000062 0.006252 10 10 10
-0.017889 -0.000059 0.006121 10 10 10
-0.017873 -0.000059 0.006115 10 10 10
-0.017889 -0.000059 0.006121 10 10 10
-0.017984 -0.000060 0.006141 10 10 10
-0.017975 -0.000060 0.006138 10 10 10
-0.017975 -0.000060 0.006138 10 10 10
-0.017966 -0.000059 0.006135 10 10 10
-0.017957 -0.000059 0.006132 10 10 10
-0.017949 -0.000059 0.006129 10 10 10
-0.017940 -0.000059 0.006126 10 10 10
-0.017907 -0.000059 0.006115 10 10 10
-0.017890 -0.000059 0.006110 10 10 10
-0.017939 -0.000059 0.006126 10 10 10
-0.017923 -0.000059 0.006121 10 10 10
-0.017931 -0.000059 0.006124 10 10 10
-0.017964 -0.000059 0.006135 10 10 10
-0.017964 -0.000059 0.006135 10 10 10
-0.017955 -0.000059 0.006132 10 10 10
-0.017964 -0.000059 0.006135 10 10 10
-0.017981 -0.000060 0.006141 10 10 10
-0.017980 -0.000060 0.006141 10 10 10
-0.017989 -0.000060 0.006144 10 10 10
-0.018015 -0.000060 0.006153 10 10 10
-0.018015 -0.000060 0.006153 10 10 10
-0.017644 -0.000058 0.006027 10 10 10
-0.017637 -0.000058 0.006024 10 10 10
-0.017637 -0.000058 0.006024 10 10 10
-0.017617 -0.000058 0.006018 10 10 10
-0.017591 -0.000057 0.006009 10 10 10
-0.018023 -0.000060 0.006156 10 10 10
-0.018040 -0.000060 0.006162 10 10 10
-0.018022 -0.000060 0.006156 10 10 10
-0.018022 -0.000060 0.006156 10 10 10
-0.018013 -0.000060 0.006153 10 10 10
-0.018004 -0.000060 0.006150 10 10 10
-0.017995 -0.000060 0.006147 10 10 10
-0.018004 -0.000060 0.006150 10 10 10
-0.018012 -0.000060 0.006153 10 10 10
-0.018012 -0.000060 0.006153 10 10 10
-0.018012 -0.000060 0.006153 10 10 10
-0.018101 -0.000060 0.006184 10 10 10
-0.018037 -0.000060 0.006162 10 10 10
-0.018037 -0.000060 0.006162 10 10 10
-0.018037 -0.000060 0.006162 10 10 10
-0.018064 -0.000060 0.006171 10 10 10
-0.018082 -0.000060 0.006177 10 10 10
-0.018063 -0.000060 0.006171 10 10 10
-0.017716 -0.000058 0.006053 10 10 10
-0.017709 -0.000058 0.006050 10 10 10
-0.017709 -0.000058 0.006050 10 10 10
-0.017709 -0.000058 0.006050 10 10 10
-0.017723 -0.000058 0.006055 10 10 10
0.047021 0.000296 -0.016018 10 10 10
-0.018008 -0.000060 0.006153 10 10 10
-0.018008 -0.000060 0.006153 10 10 10
-0.018016 -0.000060 0.006156 10 10 10
0.046994 0.000296 -0.016018 10 10 10
0.046990 0.000296 -0.016018 10 10 10
0.046986 0.000296 -0.016018 10 10 10
0.046982 0.000296 -0.016018 10 10 10
0.046975 0.000296 -0.016018 10 10 10
0.046971 0.000296 -0.016018 10 10 10
0.046967 0.000296 -0.016018 10 10 10
0.046944 0.000296 -0.016018 10 10 10
-0.017557 -0.000057 0.006000 10 10 10
-0.017551 -0.000057 0.005998 10 10 10
0.046924 0.000296 -0.016018 10 10 10
0.046920 0.000296 -0.016018 10 10 10
0.046917 0.000296 -0.016018 10 10 10
0.046913 0.000296 -0.016018 10 10 10
-0.018047 -0.000060 0.006168 10 10 10
-0.018423 -0.000062 0.006297 10 10 10
-0.018423 -0.000062 0.006297 10 10 10
-0.018423 -0.000062 0.006297 10 10 10
-0.018400 -0.000062 0.006289 10 10 10
-0.018322 -0.000062 0.006262 10 10 10
-0.017781 -0.000059 0.006078 10 10 10
-0.017766 -0.000058 0.006073 10 10 10
-0.018308 -0.000061 0.006259 9 9 9
-0.018308 -0.000061 0.006259 10 10 10
-0.017354 -0.000056 0.005932 10 10 10
-0.017348 -0.000056 0.005931 10 10 10
-0.017353 -0.000056 0.005932 10 10 10
-0.018154 -0.000061 0.006206 10 10 10
-0.018462 -0.000062 0.006313 10 10 10
-0.017987 -0.000060 0.006150 10 10 10
-0.017969 -0.000060 0.006144 10 10 10
-0.017986 -0.000060 0.006150 10 10 10
-0.017373 -0.000056 0.005940 10 10 10
-0.017346 -0.000056 0.005931 10 10 10
-0.017345 -0.000056 0.005931 10 10 10
-0.018448 -0.000062 0.006309 10 10 10
-0.018448 -0.000062 0.006309 10 10 10
-0.017958 -0.000060 0.006141 10 10 10
-0.017866 -0.000059 0.006110 10 10 10
-0.017811 -0.000059 0.006091 10 10 10
-0.017811 -0.000059 0.006091 10 10 10
-0.017850 -0.000059 0.006104 10 10 10
-0.017940 -0.000059 0.006135 10 10 10
-0.017948 -0.000060 0.006138 10 10 10
-0.017974 -0.000060 0.006147 10 10 10
-0.017991 -0.000060 0.006153 10 10 10
-0.017991 -0.000060 0.006153 10 10 10
-0.018017 -0.000060 0.006162 10 10 10
-0.017990 -0.000060 0.006153 10 10 10
-0.017990 -0.000060 0.006153 10 10 10
-0.017973 -0.000060 0.006147 10 10 10
-0.017938 -0.000059 0.006135 10 10 10
-0.017989 -0.000060 0.006153 10 10 10
-0.017989 -0.000060 0.006153 10 10 10
-0.017989 -0.000060 0.006153 10 10 10
-0.017971 -0.000060 0.006147 10 10 10
-0.017954 -0.000060 0.006141 10 10 10
-0.017945 -0.000060 0.006138 10 10 10
-0.017911 -0.000059 0.006126 10 10 10
-0.017870 -0.000059 0.006112 10 10 10
-0.017870 -0.000059 0.006112 10 10 10
-0.017886 -0.000059 0.006118 10 10 10
-0.017886 -0.000059 0.006118 10 10 10
-0.017886 -0.000059 0.006118 10 10 10
-0.017886 -0.000059 0.006118 10 10 10
-0.017952 -0.000060 0.006141 10 10 10
-0.018372 -0.000062 0.006285 10 10 10
-0.018405 -0.000062 0.006297 10 10 10
-0.018405 -0.000062 0.006297 10 10 10
-0.017860 -0.000059 0.006110 10 10 10
-0.017852 -0.000059 0.006107 10 10 10
-0.017852 -0.000059 0.006107 10 10 10
-0.018304 -0.000062 0.006262 10 10 10
-0.018315 -0.000062 0.006266 10 10 10
-0.018314 -0.000062 0.006266 10 10 10
-0.018325 -0.000062 0.006270 10 10 10
-0.018325 -0.000062 0.006270 10 10 10
-0.018303 -0.000062 0.006262 9 9 9
-0.018303 -0.000062 0.006262 10 10 10
-0.018346 -0.000062 0.006277 10 10 10
-0.017882 -0.000059 0.006118 10 10 10
-0.017858 -0.000059 0.006110 10 10 10
-0.017857 -0.000059 0.006110 10 10 10
-0.018280 -0.000061 0.006255 10 10 10
-0.018269 -0.000061 0.006252 10 10 10
-0.018269 -0.000061 0.006252 10 10 10
-0.017857 -0.000059 0.006110 10 10 10
-0.017873 -0.000059 0.006115 10 10 10
-0.017872 -0.000059 0.006115 10 10 10
-0.018566 -0.000063 0.006354 10 10 10
-0.018604 -0.000063 0.006367 10 10 10
-0.017984 -0.000059 0.006141 10 10 10
-0.017983 -0.000059 0.006141 10 10 10
-0.017975 -0.000059 0.006138 10 10 10
-0.017957 -0.000059 0.006132 10 10 10
-0.017957 -0.000059 0.006132 10 10 10
-0.017940 -0.000059 0.006126 10 10 10
-0.017907 -0.000059 0.006115 10 10 10
-0.017882 -0.000059 0.006107 10 10 10
-0.017835 -0.000059 0.006091 10 10 10
-0.017882 -0.000059 0.006107 10 10 10
-0.017882 -0.000059 0.006107 10 10 10
-0.017914 -0.000059 0.006118 10 10 10
-0.017964 -0.000059 0.006135 10 10 10
-0.017964 -0.000059 0.006135 10 10 10
-0.017905 -0.000059 0.006115 10 10 10
-0.017881 -0.000059 0.006107 10 10 10
-0.017758 -0.000058 0.006065 10 10 10
-0.017736 -0.000058 0.006058 10 10 10
-0.017721 -0.000058 0.006053 10 10 10
-0.017721 -0.000058 0.006053 10 10 10
-0.017645 -0.000058 0.006027 10 10 10
-0.017638 -0.000058 0.006024 10 10 10
-0.017637 -0.000058 0.006024 10 10 10
-0.017624 -0.000057 0.006020 10 10 10
-0.017591 -0.000057 0.006009 10 10 10
-0.017540 -0.000057 0.005991 10 10 10
-0.017521 -0.000057 0.005985 10 10 10
-0.018022 -0.000060 0.006156 9 9 9
-0.018013 -0.000060 0.006153 10 10 10
-0.018013 -0.000060 0.006153 10 10 10
-0.017995 -0.000059 0.006147 10 10 10
-0.018012 -0.000060 0.006153 10 10 10
-0.018012 -0.000060 0.006153 10 10 10
-0.018048 -0.000060 0.006165 10 10 10
-0.017822 -0.000059 0.006088 10 10 10
-0.017799 -0.000058 0.006080 10 10 10
-0.017761 -0.000058 0.006068 10 10 10
-0.017710 -0.000058 0.006050 10 10 10
-0.017661 -0.000058 0.006034 10 10 10
-0.017661 -0.000058 0.006034 10 10 10
-0.018037 -0.000060 0.006162 10 10 10
-0.018120 -0.000060 0.006190 10 10 10
-0.018063 -0.000060 0.006171 10 10 10
-0.017716 -0.000058 0.006053 10 10 10
-0.017709 -0.000058 0.006050 10 10 10
-0.017709 -0.000058 0.006050 10 10 10
-0.017709 -0.000058 0.006050 10 10 10
-0.017723 -0.000058 0.006055 10 10 10
-0.017722 -0.000058 0.006055 10 10 10
-0.018017 -0.000060 0.006156 10 10 10
-0.018008 -0.000060 0.006153 10 10 10
-0.018016 -0.000060 0.006156 10 10 10
-0.018043 -0.000060 0.006165 10 10 10
0.046990 0.000292 -0.016018 10 10 10
0.046986 0.000292 -0.016018 10 10 10
0.046982 0.000292 -0.016018 10 10 10
-0.017664 -0.000058 0.006036 10 10 10
0.046971 0.000292 -0.016018 10 10 10
-0.017551 -0.000057 0.005998 10 10 10
-0.017545 -0.000057 0.005996 10 10 10
-0.017538 -0.000057 0.005994 10 10 10
-0.017544 -0.000057 0.005996 10 10 10
0.046928 0.000292 -0.016018 10 10 10
0.046924 0.000292 -0.016018 10 10 10
0.046920 0.000292 -0.016018 10 10 10
-0.018121 -0.000060 0.006193 10 10 10
-0.018047 -0.000060 0.006168 10 10 10
-0.018056 -0.000060 0.006171 10 10 10
-0.018423 -0.000062 0.006297 10 10 10
-0.018435 -0.000062 0.006301 10 10 10
-0.018423 -0.000062 0.006297 10 10 10
-0.018400 -0.000062 0.006289 10 10 10
-0.017702 -0.000058 0.006050 10 10 10
-0.017694 -0.000058 0.006048 10 10 10
-0.017701 -0.000058 0.006050 10 10 10
-0.017723 -0.000058 0.006058 10 10 10
-0.017744 -0.000058 0.006065 10 10 10
-0.017744 -0.000058 0.006065 10 10 10
-0.017766 -0.000058 0.006073 10 10 10
-0.017780 -0.000058 0.006078 10 10 10
-0.017765 -0.000058 0.006073 10 10 10
-0.017743 -0.000058 0.006065 10 10 10
-0.017721 -0.000058 0.006058 10 10 10
-0.018308 -0.000061 0.006259 9 9 9
-0.018266 -0.000061 0.006244 10 10 10
-0.018265 -0.000061 0.006244 10 10 10
-0.017650 -0.000058 0.006034 10 10 10
-0.017629 -0.000058 0.006027 10 10 10
-0.017353 -0.000056 0.005932 10 10 10
-0.017359 -0.000056 0.005934 10 10 10
-0.018154 -0.000060 0.006206 10 10 10
-0.018306 -0.000061 0.006259 10 10 10
-0.018462 -0.000062 0.006313 10 10 10
-0.017944 -0.000059 0.006135 10 10 10
-0.017732 -0.000058 0.006063 10 10 10
-0.017373 -0.000056 0.005940 10 10 10
-0.017356 -0.000056 0.005934 10 10 10
-0.017346 -0.000056 0.005931 10 10 10
-0.017345 -0.000056 0.005931 10 10 10
-0.017351 -0.000056 0.005932 10 10 10
-0.018425 -0.000062 0.006301 10 10 10
-0.018425 -0.000062 0.006301 10 10 10
-0.018413 -0.000062 0.006297 10 10 10
-0.017958 -0.000059 0.006141 10 10 10
-0.017811 -0.000059 0.006091 10 10 10
-0.017758 -0.000058 0.006073 10 10 10
-0.017736 -0.000058 0.006065 10 10 10
-0.017736 -0.000058 0.006065 10 10 10
-0.017850 -0.000059 0.006104 10 10 10
-0.017948 -0.000059 0.006138 10 10 10
-0.017948 -0.000059 0.006138 10 10 10
-0.017973 -0.000059 0.006147 10 10 10
-0.018388 -0.000062 0.006289 10 10 10
-0.018387 -0.000062 0.006289 10 10 10
-0.018387 -0.000062 0.006289 10 10 10
-0.018332 -0.000061 0.006270 10 10 10
-0.017973 -0.000059 0.006147 10 10 10
-0.017551 -0.000057 0.006002 10 10 10
-0.017550 -0.000057 0.006002 10 10 10
-0.017989 -0.000060 0.006153 10 10 10
-0.017989 -0.000060 0.006153 10 10 10
-0.017962 -0.000059 0.006144 10 10 10
-0.017945 -0.000059 0.006138 10 10 10
-0.017937 -0.000059 0.006135 10 10 10
-0.017903 -0.000059 0.006124 10 10 10
-0.017854 -0.000059 0.006107 10 10 10
-0.017854 -0.000059 0.006107 10 10 10
-0.017878 -0.000059 0.006115 10 10 10
-0.017878 -0.000059 0.006115 10 10 10
-0.017870 -0.000059 0.006112 10 10 10
-0.017861 -0.000059 0.006110 10 10 10
-0.017902 -0.000059 0.006124 10 10 10
-0.018349 -0.000062 0.006277 10 10 10
-0.018371 -0.000062 0.006285 10 10 10
-0.018371 -0.000062 0.006285 10 10 10
-0.018405 -0.000062 0.006297 10 10 10
-0.017844 -0.000059 0.006104 10 10 10
-0.017836 -0.000059 0.006101 10 10 10
-0.017844 -0.000059 0.006104 10 10 10
-0.017867 -0.000059 0.006112 10 10 10
-0.018315 -0.000061 0.006266 10 10 10
-0.018314 -0.000061 0.006266 9 9 9
-0.018314 -0.000061 0.006266 10 10 10
-0.018314 -0.000061 0.006266 10 10 10
-0.018303 -0.000061 0.006262 10 10 10
-0.018303 -0.000061 0.006262 10 10 10
-0.018324 -0.000061 0.006270 10 10 10
-0.017874 -0.000059 0.006115 10 10 10
-0.018291 -0.000061 0.006259 10 10 10
-0.018291 -0.000061 0.006259 10 10 10
-0.018269 -0.000061 0.006252 10 10 10
-0.018259 -0.000061 0.006248 10 10 10
-0.017873 -0.000059 0.006115 10 10 10
-0.017930 -0.000059 0.006135 10 10 10
-0.017930 -0.000059 0.006135 10 10 10
-0.018567 -0.000063 0.006354 10 10 10
-0.018529 -0.000063 0.006341 10 10 10
-0.018566 -0.000063 0.006354 10 10 10
-0.018604 -0.000063 0.006367 10 10 10
-0.017992 -0.000059 0.006144 10 10 10
-0.017983 -0.000059 0.006141 10 10 10
-0.017975 -0.000059 0.006138 10 10 10
-0.017957 -0.000059 0.006132 10 10 10
-0.017924 -0.000059 0.006121 10 10 10
-0.017907 -0.000059 0.006115 10 10 10
-0.017883 -0.000059 0.006107 10 10 10
-0.017835 -0.000058 0.006091 10 10 10
-0.017759 -0.000058 0.006065 10 10 10
-0.017759 -0.000058 0.006065 10 10 10
-0.017882 -0.000059 0.006107 10 10 10
-0.017882 -0.000059 0.006107 10 10 10
-0.017973 -0.000059 0.006138 10 10 10
-0.017973 -0.000059 0.006138 10 10 10
-0.017857 -0.000059 0.006099 10 10 10
-0.017758 -0.000058 0.006065 10 10 10
-0.017722 -0.000058 0.006053 10 10 10
-0.017721 -0.000058 0.006053 10 10 10
-0.017721 -0.000058 0.006053 10 10 10
-0.017665 -0.000058 0.006034 10 10 10
-0.017645 -0.000057 0.006027 10 10 10
-0.017638 -0.000057 0.006024 10 10 10
-0.017637 -0.000057 0.006024 9 9 9
-0.017624 -0.000057 0.006020 10 10 10
-0.017597 -0.000057 0.006011 10 10 10
-0.017522 -0.000057 0.005985 10 10 10
-0.017515 -0.000057 0.005983 10 10 10
-0.017911 -0.000059 0.006118 10 10 10
-0.018013 -0.000059 0.006153 10 10 10
-0.018013 -0.000059 0.006153 9 9 9
-0.018013 -0.000059 0.006153 10 10 10
-0.018013 -0.000059 0.006153 10 10 10
-0.018013 -0.000059 0.006153 10 10 10
-0.018012 -0.000059 0.006153 10 10 10
-0.018039 -0.000060 0.006162 10 10 10
-0.018103 -0.000060 0.006184 10 10 10
-0.017799 -0.000058 0.006080 10 10 10
-0.017761 -0.000058 0.006068 10 10 10
-0.017746 -0.000058 0.006063 10 10 10
-0.017732 -0.000058 0.006058 10 10 10
-0.017710 -0.000058 0.006050 10 10 10
-0.017675 -0.000058 0.006038 9 9 9
-0.017710 -0.000058 0.006050 10 10 10
-0.017723 -0.000058 0.006055 10 10 10
-0.017709 -0.000058 0.006050 10 10 10
-0.017674 -0.000058 0.006038 10 10 10
-0.017709 -0.000058 0.006050 10 10 10
-0.017723 -0.000058 0.006055 10 10 10
-0.017730 -0.000058 0.006058 10 10 10
-0.017730 -0.000058 0.006058 10 10 10
-0.018025 -0.000060 0.006159 10 10 10
-0.018025 -0.000060 0.006159 10 10 10
-0.018043 -0.000060 0.006165 10 10 10
0.046990 0.000288 -0.016018 10 10 10
0.046986 0.000288 -0.016018 10 10 10
0.046982 0.000288 -0.016018 10 10 10
-0.017637 -0.000057 0.006027 10 10 10
-0.017651 -0.000058 0.006031 10 10 10
-0.017671 -0.000058 0.006038 10 10 10
-0.017551 -0.000057 0.005998 10 10 10
-0.017551 -0.000057 0.005998 10 10 10
-0.017539 -0.000057 0.005994 10 10 10
-0.017538 -0.000057 0.005994 10 10 10
-0.017538 -0.000057 0.005994 9 9 9
-0.017538 -0.000057 0.005994 10 10 10
0.046924 0.000288 -0.016018 10 10 10
-0.018180 -0.000060 0.006213 10 10 10
-0.018150 -0.000060 0.006203 10 10 10
-0.018121 -0.000060 0.006193 10 10 10
-0.018130 -0.000060 0.006197 10 10 10
-0.018356 -0.000061 0.006274 10 10 10
-0.018389 -0.000061 0.006285 10 10 10
-0.018389 -0.000061 0.006285 10 10 10
-0.017633 -0.000057 0.006027 10 10 10
-0.017667 -0.000058 0.006038 10 10 10
-0.017667 -0.000058 0.006038 10 10 10
-0.017694 -0.000058 0.006048 10 10 10
-0.017701 -0.000058 0.006050 10 10 10
-0.017708 -0.000058 0.006053 10 10 10
-0.017744 -0.000058 0.006065 10 10 10
-0.018148 -0.000060 0.006203 10 10 10
-0.018081 -0.000060 0.006180 10 10 10
-0.017780 -0.000058 0.006078 10 10 10
-0.017765 -0.000058 0.006073 10 10 10
-0.017765 -0.000058 0.006073 10 10 10
-0.017743 -0.000058 0.006065 10 10 10
-0.017721 -0.000058 0.006058 10 10 10
-0.017707 -0.000058 0.006053 10 10 10
-0.017706 -0.000058 0.006053 10 10 10
-0.018308 -0.000061 0.006259 10 10 10
-0.018266 -0.000061 0.006244 10 10 10
-0.017650 -0.000058 0.006034 10 10 10
-0.017650 -0.000058 0.006034 10 10 10
-0.018297 -0.000061 0.006255 10 10 10
-0.018296 -0.000061 0.006255 10 10 10
-0.018296 -0.000061 0.006255 10 10 10
-0.018173 -0.000060 0.006213 10 10 10
-0.018306 -0.000061 0.006259 10 10 10
-0.018306 -0.000061 0.006259 10 10 10
-0.018462 -0.000062 0.006313 10 10 10
-0.017732 -0.000058 0.006063 10 10 10
-0.017725 -0.000058 0.006060 10 10 10
-0.017717 -0.000058 0.006058 10 10 10
-0.017696 -0.000058 0.006050 10 10 10
-0.017356 -0.000056 0.005934 10 10 10
-0.017351 -0.000056 0.005932 10 10 10
-0.017351 -0.000056 0.005932 10 10 10
-0.017351 -0.000056 0.005932 10 10 10
-0.018150 -0.000060 0.006206 10 10 10
-0.018324 -0.000061 0.006266 10 10 10
-0.018390 -0.000062 0.006289 10 10 10
-0.017958 -0.000059 0.006141 10 10 10
-0.017941 -0.000059 0.006135 10 10 10
-0.017766 -0.000058 0.006075 10 10 10
-0.017736 -0.000058 0.006065 10 10 10
-0.017736 -0.000058 0.006065 10 10 10
-0.017729 -0.000058 0.006063 10 10 10
-0.017729 -0.000058 0.006063 10 10 10
-0.017773 -0.000058 0.006078 10 10 10
-0.017834 -0.000059 0.006099 10 10 10
-0.017873 -0.000059 0.006112 10 10 10
-0.018445 -0.000062 0.006309 10 10 10
-0.018433 -0.000062 0.006305 10 10 10
-0.018387 -0.000062 0.006289 10 10 10
-0.017889 -0.000059 0.006118 10 10 10
-0.017616 -0.000057 0.006024 10 10 10
-0.017616 -0.000057 0.006024 10 10 10
-0.017622 -0.000057 0.006027 10 10 10
-0.017551 -0.000057 0.006002 10 10 10
-0.017550 -0.000057 0.006002 10 10 10
-0.017989 -0.000059 0.006153 10 10 10
-0.017997 -0.000059 0.006156 10 10 10
-0.017988 -0.000059 0.006153 10 10 10
-0.017945 -0.000059 0.006138 10 10 10
-0.017903 -0.000059 0.006124 10 10 10
-0.017870 -0.000059 0.006112 10 10 10
-0.017846 -0.000059 0.006104 10 10 10
-0.017846 -0.000059 0.006104 10 10 10
-0.017870 -0.000059 0.006112 10 10 10
-0.017870 -0.000059 0.006112 10 10 10
-0.017862 -0.000059 0.006110 10 10 10
-0.017861 -0.000059 0.006110 10 10 10
-0.017869 -0.000059 0.006112 10 10 10
-0.018349 -0.000061 0.006277 10 10 10
-0.018383 -0.000062 0.006289 10 10 10
-0.018382 -0.000062 0.006289 10 10 10
-0.018382 -0.000062 0.006289 10 10 10
-0.018349 -0.000061 0.006277 10 10 10
-0.017829 -0.000059 0.006099 10 10 10
-0.017813 -0.000058 0.006093 10 10 10
-0.017813 -0.000058 0.006093 10 10 10
-0.017820 -0.000059 0.006096 10 10 10
-0.017844 -0.000059 0.006104 10 10 10
-0.018315 -0.000061 0.006266 10 10 10
-0.018314 -0.000061 0.006266 10 10 10
-0.018314 -0.000061 0.006266 10 10 10
-0.018303 -0.000061 0.006262 10 10 10
-0.018292 -0.000061 0.006259 10 10 10
-0.018292 -0.000061 0.006259 10 10 10
-0.018313 -0.000061 0.006266 10 10 10
-0.018291 -0.000061 0.006259 10 10 10
-0.018291 -0.000061 0.006259 10 10 10
-0.018291 -0.000061 0.006259 10 10 10
-0.018269 -0.000061 0.006252 10 10 10
-0.018259 -0.000061 0.006248 10 10 10
-0.018248 -0.000061 0.006244 10 10 10
-0.018493 -0.000062 0.006329 10 10 10
-0.018493 -0.000062 0.006329 10 10 10
-0.018517 -0.000062 0.006337 10 10 10
-0.018604 -0.000063 0.006367 10 10 10
-0.018617 -0.000063 0.006372 9 9 9
-0.017992 -0.000059 0.006144 10 10 10
-0.017983 -0.000059 0.006141 10 10 10
-0.017975 -0.000059 0.006138 10 10 10
-0.017924 -0.000059 0.006121 10 10 10
-0.017899 -0.000059 0.006112 10 10 10
-0.017883 -0.000059 0.006107 10 10 10
-0.017835 -0.000058 0.006091 10 10 10
-0.017835 -0.000058 0.006091 10 10 10
-0.017767 -0.000058 0.006068 10 10 10
-0.017766 -0.000058 0.006068 10 10 10
-0.017874 -0.000058 0.006104 10 10 10
-0.017882 -0.000059 0.006107 10 10 10
-0.017990 -0.000059 0.006144 10 10 10
-0.017990 -0.000059 0.006144 10 10 10
-0.017795 -0.000058 0.006078 10 10 10
-0.017715 -0.000058 0.006050 10 10 10
-0.017714 -0.000058 0.006050 9 9 9
-0.017714 -0.000058 0.006050 10 10 10
-0.017714 -0.000058 0.006050 10 10 10
-0.017665 -0.000057 0.006034 10 10 10
-0.017645 -0.000057 0.006027 10 10 10
-0.017638 -0.000057 0.006024 10 10 10
-0.017631 -0.000057 0.006022 10 10 10
-0.017624 -0.000057 0.006020 10 10 10
-0.017624 -0.000057 0.006020 10 10 10
-0.017604 -0.000057 0.006013 10 10 10
-0.017887 -0.000059 0.006110 10 10 10
-0.017903 -0.000059 0.006115 10 10 10
-0.017978 -0.000059 0.006141 10 10 10
-0.018013 -0.000059 0.006153 10 10 10
-0.018013 -0.000059 0.006153 10 10 10
-0.018013 -0.000059 0.006153 10 10 10
-0.018013 -0.000059 0.006153 10 10 10
-0.018021 -0.000059 0.006156 10 10 10
-0.018094 -0.000060 0.006180 10 10 10
-0.018103 -0.000060 0.006184 10 10 10
-0.017806 -0.000058 0.006083 10 10 10
-0.017761 -0.000058 0.006068 10 10 10
-0.017746 -0.000058 0.006063 10 10 10
-0.017739 -0.000058 0.006060 10 10 10
-0.017717 -0.000058 0.006053 10 10 10
-0.017710 -0.000058 0.006050 10 10 10
-0.017710 -0.000058 0.006050 10 10 10
-0.017674 -0.000057 0.006038 10 10 10
-0.017674 -0.000057 0.006038 10 10 10
-0.017674 -0.000057 0.006038 10 10 10
-0.017688 -0.000058 0.006043 10 10 10
-0.017730 -0.000058 0.006058 10 10 10
-0.017730 -0.000058 0.006058 10 10 10
-0.017737 -0.000058 0.006060 10 10 10
-0.017773 -0.000058 0.006073 10 10 10
-0.018025 -0.000059 0.006159 10 10 10
-0.018025 -0.000059 0.006159 10 10 10
-0.018025 -0.000059 0.006159 10 10 10
-0.018043 -0.000059 0.006165 10 10 10
-0.017617 -0.000057 0.006020 10 10 10
-0.017597 -0.000057 0.006013 10 10 10
-0.017637 -0.000057 0.006027 10 10 10
-0.017664 -0.000057 0.006036 10 10 10
-0.017764 -0.000058 0.006070 10 10 10
-0.017764 -0.000058 0.006070 10 10 10
-0.017749 -0.000058 0.006065 10 10 10
-0.017552 -0.000057 0.005998 10 10 10
-0.017551 -0.000057 0.005998 10 10 10
-0.017545 -0.000057 0.005996 10 10 10
-0.017539 -0.000057 0.005994 10 10 10
-0.017532 -0.000057 0.005991 10 10 10
-0.017538 -0.000057 0.005994 10 10 10
-0.017538 -0.000057 0.005994 10 10 10
-0.018672 -0.000063 0.006381 10 10 10
-0.018170 -0.000060 0.006210 10 10 10
-0.018180 -0.000060 0.006213 10 10 10
-0.018180 -0.000060 0.006213 10 10 10
-0.018179 -0.000060 0.006213 10 10 10
-0.018179 -0.000060 0.006213 10 10 10
-0.018150 -0.000060 0.006203 10 10 10
-0.017600 -0.000057 0.006015 10 10 10
-0.017619 -0.000057 0.006022 10 10 10
-0.017660 -0.000057 0.006036 10 10 10
-0.017666 -0.000057 0.006038 10 10 10
-0.017673 -0.000057 0.006041 10 10 10
-0.017701 -0.000058 0.006050 10 10 10
-0.017744 -0.000058 0.006065 10 10 10
-0.018148 -0.000060 0.006203 10 10 10
-0.018147 -0.000060 0.006203 10 10 10
-0.018167 -0.000060 0.006210 10 10 10
-0.018166 -0.000060 0.006210 10 10 10
-0.018157 -0.000060 0.006206 10 10 10
-0.017780 -0.000058 0.006078 10 10 10
-0.017765 -0.000058 0.006073 10 10 10
-0.017721 -0.000058 0.006058 10 10 10
-0.017707 -0.000058 0.006053 10 10 10
-0.017706 -0.000058 0.006053 10 10 10
-0.017706 -0.000058 0.006053 10 10 10
-0.018308 -0.000061 0.006259 10 10 10
-0.018266 -0.000061 0.006244 10 10 10
-0.018255 -0.000061 0.006241 10 10 10
-0.017650 -0.000057 0.006034 10 10 10
-0.017650 -0.000057 0.006034 10 10 10
-0.018307 -0.000061 0.006259 10 10 10
-0.018296 -0.000061 0.006255 10 10 10
-0.018296 -0.000061 0.006255 10 10 10
-0.018173 -0.000060 0.006213 10 10 10
-0.018306 -0.000061 0.006259 10 10 10
-0.017747 -0.000058 0.006068 10 10 10
-0.017725 -0.000058 0.006060 10 10 10
-0.017718 -0.000058 0.006058 10 10 10
-0.017696 -0.000058 0.006050 10 10 10
-0.017689 -0.000058 0.006048 10 10 10
-0.017696 -0.000058 0.006050 10 10 10
-0.017647 -0.000057 0.006034 10 10 10
-0.017356 -0.000056 0.005934 10 10 10
-0.017351 -0.000056 0.005932 10 10 10
-0.017351 -0.000056 0.005932 10 10 10
-0.017356 -0.000056 0.005934 10 10 10
-0.018140 -0.000060 0.006203 10 10 10
-0.018230 -0.000060 0.006234 10 10 10
-0.018229 -0.000060 0.006234 10 10 10
-0.017958 -0.000059 0.006141 10 10 10
-0.017859 -0.000059 0.006107 10 10 10
-0.017766 -0.000058 0.006075 10 10 10
-0.017736 -0.000058 0.006065 10 10 10
-0.017736 -0.000058 0.006065 10 10 10
-0.017729 -0.000058 0.006063 10 10 10
-0.017729 -0.000058 0.006063 10 10 10
-0.017736 -0.000058 0.006065 10 10 10
-0.017772 -0.000058 0.006078 10 10 10
-0.017780 -0.000058 0.006080 10 10 10
-0.017857 -0.000059 0.006107 10 10 10
-0.018310 -0.000061 0.006262 10 10 10
-0.017889 -0.000059 0.006118 10 10 10
-0.017865 -0.000059 0.006110 10 10 10
-0.017603 -0.000057 0.006020 10 10 10
-0.017603 -0.000057 0.006020 10 10 10
-0.017603 -0.000057 0.006020 10 10 10
-0.017602 -0.000057 0.006020 10 10 10
-0.017557 -0.000057 0.006004 10 10 10
-0.017557 -0.000057 0.006004 10 10 10
-0.017576 -0.000057 0.006011 10 10 10
-0.017997 -0.000059 0.006156 10 10 10
-0.017988 -0.000059 0.006153 10 10 10
-0.017945 -0.000059 0.006138 10 10 10
-0.017879 -0.000059 0.006115 10 10 10
-0.017862 -0.000059 0.006110 10 10 10
-0.017831 -0.000058 0.006099 10 10 10
-0.017830 -0.000058 0.006099 10 10 10
-0.017878 -0.000059 0.006115 10 10 10
-0.017878 -0.000059 0.006115 10 10 10
-0.017862 -0.000059 0.006110 10 10 10
-0.017861 -0.000059 0.006110 10 10 10
-0.017861 -0.000059 0.006110 10 10 10
-0.017861 -0.000059 0.006110 10 10 10
-0.018360 -0.000061 0.006281 10 10 10
-0.018394 -0.000061 0.006293 10 10 10
-0.018360 -0.000061 0.006281 10 10 10
-0.017667 -0.000058 0.006043 10 10 10
-0.017667 -0.000058 0.006043 10 10 10
-0.017730 -0.000058 0.006065 10 10 10
-0.017767 -0.000058 0.006078 10 10 10
-0.017767 -0.000058 0.006078 10 10 10
-0.017844 -0.000058 0.006104 10 10 10
-0.018304 -0.000061 0.006262 9 9 9
-0.018314 -0.000061 0.006266 10 10 10
-0.018314 -0.000061 0.006266 10 10 10
-0.018303 -0.000061 0.006262 10 10 10
-0.018292 -0.000061 0.006259 10 10 10
-0.018292 -0.000061 0.006259 10 10 10
-0.018313 -0.000061 0.006266 10 10 10
-0.018291 -0.000061 0.006259 10 10 10
-0.018291 -0.000061 0.006259 10 10 10
-0.018291 -0.000061 0.006259 10 10 10
-0.018259 -0.000061 0.006248 10 10 10
-0.018248 -0.000061 0.006244 10 10 10
-0.018238 -0.000061 0.006241 10 10 10
-0.017748 -0.000058 0.006073 10 10 10
-0.017726 -0.000058 0.006065 10 10 10
-0.018493 -0.000062 0.006329 10 10 10
-0.018604 -0.000063 0.006367 10 10 10
-0.018617 -0.000063 0.006372 10 10 10
-0.017992 -0.000059 0.006144 10 10 10
-0.017983 -0.000059 0.006141 10 10 10
-0.017966 -0.000059 0.006135 10 10 10
-0.017899 -0.000058 0.006112 10 10 10
-0.017883 -0.000058 0.006107 10 10 10
-0.017883 -0.000058 0.006107 10 10 10
-0.017835 -0.000058 0.006091 10 10 10
-0.017835 -0.000058 0.006091 10 10 10
-0.017827 -0.000058 0.006088 10 10 10
-0.017842 -0.000058 0.006093 10 10 10
-0.017882 -0.000058 0.006107 10 10 10
-0.017882 -0.000058 0.006107 10 10 10
-0.018025 -0.000059 0.006156 10 10 10
-0.018007 -0.000059 0.006150 10 10 10
-0.017773 -0.000058 0.006070 10 10 10
-0.017715 -0.000057 0.006050 10 10 10
-0.017714 -0.000057 0.006050 10 10 10
-0.017693 -0.000057 0.006043 10 10 10
-0.017693 -0.000057 0.006043 10 10 10
-0.017658 -0.000057 0.006031 10 10 10
-0.017638 -0.000057 0.006024 10 10 10
-0.017638 -0.000057 0.006024 10 10 10
-0.017631 -0.000057 0.006022 10 10 10
-0.017637 -0.000057 0.006024 10 10 10
-0.017624 -0.000057 0.006020 10 10 10
-0.017879 -0.000058 0.006107 10 10 10
-0.017887 -0.000058 0.006110 10 10 10
-0.017895 -0.000058 0.006112 10 10 10
-0.017911 -0.000059 0.006118 10 10 10
-0.017978 -0.000059 0.006141 10 10 10
-0.018013 -0.000059 0.006153 10 10 10
-0.018013 -0.000059 0.006153 10 10 10
-0.018013 -0.000059 0.006153 10 10 10
-0.018021 -0.000059 0.006156 10 10 10
-0.018103 -0.000060 0.006184 10 10 10
-0.018103 -0.000060 0.006184 10 10 10
-0.018219 -0.000060 0.006223 10 10 10
-0.018291 -0.000060 0.006248 10 10 10
-0.018367 -0.000061 0.006274 10 10 10
-0.018291 -0.000060 0.006248 10 10 10
-0.017769 -0.000058 0.006070 10 10 10
-0.017754 -0.000058 0.006065 10 10 10
-0.017746 -0.000058 0.006063 10 10 10
-0.017739 -0.000058 0.006060 10 10 10
-0.017739 -0.000058 0.006060 10 10 10
-0.017731 -0.000058 0.006058 10 10 10
-0.017709 -0.000057 0.006050 10 10 10
-0.017654 -0.000057 0.006031 10 10 10
-0.017660 -0.000057 0.006034 10 10 10
-0.017660 -0.000057 0.006034 10 10 10
-0.017674 -0.000057 0.006038 10 10 10
-0.017737 -0.000058 0.006060 10 10 10
-0.017737 -0.000058 0.006060 10 10 10
-0.018664 -0.000062 0.006376 10 10 10
-0.018664 -0.000062 0.006376 10 10 10
-0.018664 -0.000062 0.006376 10 10 10
-0.017773 -0.000058 0.006073 10 10 10
-0.017956 -0.000059 0.006135 10 10 10
-0.017956 -0.000059 0.006135 10 10 10
-0.017672 -0.000057 0.006038 10 10 10
-0.017624 -0.000057 0.006022 10 10 10
-0.017605 -0.000057 0.006015 10 10 10
-0.017566 -0.000057 0.006002 10 10 10
-0.017572 -0.000057 0.006004 10 10 10
-0.017591 -0.000057 0.006011 10 10 10
-0.017637 -0.000057 0.006027 10 10 10
-0.017664 -0.000057 0.006036 10 10 10
-0.017671 -0.000057 0.006038 10 10 10
-0.017764 -0.000058 0.006070 10 10 10
-0.017764 -0.000058 0.006070 10 10 10
-0.017663 -0.000057 0.006036 10 10 10
-0.017552 -0.000057 0.005998 10 10 10
-0.017545 -0.000057 0.005996 10 10 10
-0.017545 -0.000057 0.005996 10 10 10
-0.017539 -0.000057 0.005994 10 10 10
-0.017532 -0.000057 0.005991 10 10 10
-0.017538 -0.000057 0.005994 10 10 10
-0.017544 -0.000057 0.005996 10 10 10
-0.018672 -0.000063 0.006381 10 10 10
-0.018671 -0.000063 0.006381 10 10 10
-0.018671 -0.000063 0.006381 10 10 10
-0.018170 -0.000060 0.006210 10 10 10
-0.018170 -0.000060 0.006210 10 10 10
-0.018180 -0.000060 0.006213 10 10 10
-0.018180 -0.000060 0.006213 10 10 10
-0.018179 -0.000060 0.006213 10 10 10
-0.018179 -0.000060 0.006213 10 10 10
-0.017548 -0.000057 0.005998 10 10 10
-0.017561 -0.000057 0.006002 10 10 10
-0.017653 -0.000057 0.006034 10 10 10
-0.017653 -0.000057 0.006034 10 10 10
-0.017653 -0.000057 0.006034 10 10 10
-0.017673 -0.000057 0.006041 10 10 10
-0.018148 -0.000060 0.006203 10 10 10
-0.018148 -0.000060 0.006203 10 10 10
-0.018147 -0.000060 0.006203 10 10 10
-0.018167 -0.000060 0.006210 10 10 10
-0.018166 -0.000060 0.006210 10 10 10
-0.018147 -0.000060 0.006203 10 10 10
-0.017780 -0.000058 0.006078 10 10 10
-0.017780 -0.000058 0.006078 10 10 10
-0.017743 -0.000058 0.006065 10 10 10
-0.017707 -0.000058 0.006053 10 10 10
-0.017699 -0.000057 0.006050 10 10 10
-0.017706 -0.000058 0.006053 10 10 10
-0.018308 -0.000061 0.006259 10 10 10
-0.018266 -0.000060 0.006244 10 10 10
-0.018255 -0.000060 0.006241 10 10 10
-0.017657 -0.000057 0.006036 10 10 10
-0.017656 -0.000057 0.006036 10 10 10
-0.018307 -0.000061 0.006259 10 10 10
-0.018296 -0.000061 0.006255 10 10 10
-0.018296 -0.000061 0.006255 10 10 10
-0.017953 -0.000059 0.006138 10 10 10
-0.017903 -0.000059 0.006121 10 10 10
-0.017903 -0.000059 0.006121 10 10 10
-0.017878 -0.000058 0.006112 10 10 10
-0.017747 -0.000058 0.006068 10 10 10
-0.017725 -0.000058 0.006060 10 10 10
-0.017718 -0.000058 0.006058 10 10 10
-0.017696 -0.000057 0.006050 10 10 10
-0.017689 -0.000057 0.006048 10 10 10
-0.017654 -0.000057 0.006036 10 10 10
-0.017640 -0.000057 0.006031 10 10 10
-0.017351 -0.000056 0.005932 10 10 10
-0.017351 -0.000056 0.005932 10 10 10
-0.017356 -0.000056 0.005934 10 10 10
-0.018102 -0.000060 0.006190 10 10 10
-0.018112 -0.000060 0.006193 10 10 10
-0.018093 -0.000060 0.006187 10 10 10
-0.018037 -0.000059 0.006168 10 10 10
-0.017941 -0.000059 0.006135 10 10 10
-0.017859 -0.000058 0.006107 10 10 10
-0.017827 -0.000058 0.006096 10 10 10
-0.017758 -0.000058 0.006073 10 10 10
-0.017736 -0.000058 0.006065 10 10 10
-0.017736 -0.000058 0.006065 10 10 10
-0.017736 -0.000058 0.006065 10 10 10
-0.017736 -0.000058 0.006065 10 10 10
-0.017758 -0.000058 0.006073 10 10 10
-0.017765 -0.000058 0.006075 10 10 10
-0.017780 -0.000058 0.006080 10 10 10
-0.017857 -0.000058 0.006107 10 10 10
-0.017857 -0.000058 0.006107 10 10 10
-0.017857 -0.000058 0.006107 10 10 10
-0.017833 -0.000058 0.006099 10 10 10
-0.017623 -0.000057 0.006027 10 10 10
-0.017603 -0.000057 0.006020 10 10 10
-0.017602 -0.000057 0.006020 10 10 10
-0.017563 -0.000057 0.006007 10 10 10
-0.017563 -0.000057 0.006007 10 10 10
-0.017576 -0.000057 0.006011 10 10 10
-0.017997 -0.000059 0.006156 10 10 10
-0.017962 -0.000059 0.006144 10 10 10
-0.017945 -0.000059 0.006138 10 10 10
-0.017871 -0.000058 0.006112 10 10 10
-0.017862 -0.000058 0.006110 10 10 10
-0.017831 -0.000058 0.006099 10 10 10
-0.017830 -0.000058 0.006099 10 10 10
-0.017870 -0.000058 0.006112 10 10 10
-0.017870 -0.000058 0.006112 10 10 10
-0.017862 -0.000058 0.006110 10 10 10
-0.017861 -0.000058 0.006110 10 10 10
-0.017861 -0.000058 0.006110 10 10 10
-0.017861 -0.000058 0.006110 10 10 10
-0.018394 -0.000061 0.006293 10 10 10
-0.018394 -0.000061 0.006293 10 10 10
-0.018394 -0.000061 0.006293 10 10 10
-0.017667 -0.000057 0.006043 10 10 10
-0.017667 -0.000057 0.006043 10 10 10
-0.017716 -0.000058 0.006060 10 10 10
-0.017730 -0.000058 0.006065 10 10 10
-0.017730 -0.000058 0.006065 10 10 10
-0.017844 -0.000058 0.006104 10 10 10
-0.018304 -0.000061 0.006262 10 10 10
-0.018314 -0.000061 0.006266 10 10 10
-0.018303 -0.000061 0.006262 10 10 10
-0.018303 -0.000061 0.006262 10 10 10
-0.018292 -0.000061 0.006259 10 10 10
-0.018292 -0.000061 0.006259 10 10 10
-0.018281 -0.000061 0.006255 10 10 10
-0.018324 -0.000061 0.006270 10 10 10
-0.017803 -0.000058 0.006091 10 10 10
-0.018291 -0.000061 0.006259 10 10 10
-0.018291 -0.000061 0.006259 10 10 10
-0.018291 -0.000061 0.006259 10 10 10
-0.018259 -0.000060 0.006248 10 10 10
-0.018238 -0.000060 0.006241 10 10 10
-0.018157 -0.000060 0.006213 10 10 10
-0.018238 -0.000060 0.006241 10 10 10
-0.017726 -0.000058 0.006065 10 10 10
-0.017628 -0.000057 0.006031 10 10 10
-0.017628 -0.000057 0.006031 10 10 10
-0.018591 -0.000062 0.006363 10 10 10
-0.018617 -0.000062 0.006372 10 10 10
-0.017992 -0.000059 0.006144 10 10 10
-0.017983 -0.000059 0.006141 10 10 10
-0.017966 -0.000059 0.006135 10 10 10
-0.017883 -0.000058 0.006107 10 10 10
-0.017867 -0.000058 0.006101 10 10 10
-0.017867 -0.000058 0.006101 10 10 10
-0.017843 -0.000058 0.006093 10 10 10
-0.017851 -0.000058 0.006096 10 10 10
-0.017843 -0.000058 0.006093 10 10 10
-0.017882 -0.000058 0.006107 10 10 10
-0.017882 -0.000058 0.006107 10 10 10
-0.017882 -0.000058 0.006107 10 10 10
-0.018034 -0.000059 0.006159 10 10 10
-0.018034 -0.000059 0.006159 10 10 10
-0.017773 -0.000058 0.006070 10 10 10
-0.017715 -0.000057 0.006050 10 10 10
-0.017693 -0.000057 0.006043 10 10 10
-0.017686 -0.000057 0.006041 10 10 10
-0.017679 -0.000057 0.006038 10 10 10
-0.017658 -0.000057 0.006031 10 10 10
-0.017651 -0.000057 0.006029 10 10 10
-0.017638 -0.000057 0.006024 10 10 10
-0.017631 -0.000057 0.006022 10 10 10
-0.017637 -0.000057 0.006024 10 10 10
-0.017840 -0.000058 0.006093 10 10 10
-0.017879 -0.000058 0.006107 10 10 10
-0.017879 -0.000058 0.006107 9 9 9
-0.017895 -0.000058 0.006112 10 10 10
-0.017895 -0.000058 0.006112 10 10 10
-0.017970 -0.000059 0.006138 10 10 10
-0.018013 -0.000059 0.006153 10 10 10
-0.018013 -0.000059 0.006153 10 10 10
-0.018013 -0.000059 0.006153 10 10 10
-0.018012 -0.000059 0.006153 10 10 10
-0.018048 -0.000059 0.006165 10 10 10
-0.018057 -0.000059 0.006168 10 10 10
-0.018057 -0.000059 0.006168 10 10 10
-0.018219 -0.000060 0.006223 10 10 10
-0.017754 -0.000058 0.006065 10 10 10
-0.017753 -0.000058 0.006065 10 10 10
-0.017746 -0.000057 0.006063 10 10 10
-0.017746 -0.000057 0.006063 10 10 10
-0.017738 -0.000057 0.006060 10 10 10
-0.017709 -0.000057 0.006050 10 10 10
-0.017654 -0.000057 0.006031 10 10 10
-0.017653 -0.000057 0.006031 10 10 10
-0.017653 -0.000057 0.006031 10 10 10
-0.017660 -0.000057 0.006034 10 10 10
-0.017737 -0.000057 0.006060 10 10 10
-0.018678 -0.000062 0.006381 10 10 10
-0.018677 -0.000062 0.006381 10 10 10
-0.018651 -0.000062 0.006372 10 10 10
-0.017773 -0.000058 0.006073 10 10 10
-0.017758 -0.000058 0.006068 10 10 10
-0.017751 -0.000058 0.006065 10 10 10
-0.017714 -0.000057 0.006053 10 10 10
-0.017672 -0.000057 0.006038 10 10 10
-0.017638 -0.000057 0.006027 10 10 10
-0.017566 -0.000057 0.006002 10 10 10
-0.017565 -0.000057 0.006002 10 10 10
-0.017572 -0.000057 0.006004 10 10 10
-0.017664 -0.000057 0.006036 10 10 10
-0.017664 -0.000057 0.006036 10 10 10
-0.017671 -0.000057 0.006038 10 10 10
-0.017779 -0.000058 0.006075 10 10 10
-0.017764 -0.000058 0.006070 10 10 10
-0.017734 -0.000057 0.006060 10 10 10
-0.017552 -0.000057 0.005998 10 10 10
-0.017545 -0.000056 0.005996 10 10 10
-0.017545 -0.000056 0.005996 10 10 10
-0.017545 -0.000056 0.005996 10 10 10
-0.017538 -0.000056 0.005994 10 10 10
-0.017557 -0.000057 0.006000 10 10 10
-0.018672 -0.000062 0.006381 10 10 10
-0.018672 -0.000062 0.006381 10 10 10
-0.018671 -0.000062 0.006381 10 10 10
-0.018632 -0.000062 0.006367 10 10 10
-0.018200 -0.000060 0.006220 10 10 10
-0.018190 -0.000060 0.006217 10 10 10
-0.018190 -0.000060 0.006217 10 10 10
-0.018180 -0.000060 0.006213 10 10 10
-0.018179 -0.000060 0.006213 10 10 10
-0.017536 -0.000056 0.005994 10 10 10
-0.017536 -0.000056 0.005994 10 10 10
-0.017633 -0.000057 0.006027 10 10 10
-0.017646 -0.000057 0.006031 10 10 10
-0.017632 -0.000057 0.006027 10 10 10
-0.017646 -0.000057 0.006031 10 10 10
-0.018480 -0.000061 0.006317 10 10 10
-0.018480 -0.000061 0.006317 10 10 10
-0.018157 -0.000060 0.006206 10 10 10
-0.018157 -0.000060 0.006206 10 10 10
-0.018157 -0.000060 0.006206 10 10 10
-0.018157 -0.000060 0.006206 10 10 10
-0.018156 -0.000060 0.006206 10 10 10
-0.017707 -0.000057 0.006053 10 10 10
-0.017706 -0.000057 0.006053 10 10 10
-0.017706 -0.000057 0.006053 10 10 10
-0.018308 -0.000060 0.006259 10 10 10
-0.018308 -0.000060 0.006259 10 10 10
-0.018276 -0.000060 0.006248 10 10 10
-0.018255 -0.000060 0.006241 10 10 10
-0.018276 -0.000060 0.006248 10 10 10
-0.018307 -0.000060 0.006259 10 10 10
-0.018306 -0.000060 0.006259 10 10 10
-0.017953 -0.000059 0.006138 10 10 10
-0.017887 -0.000058 0.006115 10 10 10
-0.017886 -0.000058 0.006115 10 10 10
-0.017862 -0.000058 0.006107 10 10 10
-0.017747 -0.000058 0.006068 10 10 10
-0.017718 -0.000057 0.006058 10 10 10
-0.017718 -0.000057 0.006058 10 10 10
-0.017703 -0.000057 0.006053 10 10 10
-0.017689 -0.000057 0.006048 10 10 10
-0.017654 -0.000057 0.006036 10 10 10
-0.017633 -0.000057 0.006029 10 10 10
-0.017633 -0.000057 0.006029 10 10 10
-0.017356 -0.000056 0.005934 10 10 10
-0.017356 -0.000056 0.005934 10 10 10
-0.018093 -0.000059 0.006187 10 10 10
-0.018102 -0.000059 0.006190 10 10 10
-0.018093 -0.000059 0.006187 10 10 10
-0.017867 -0.000058 0.006110 10 10 10
-0.017859 -0.000058 0.006107 10 10 10
-0.017827 -0.000058 0.006096 10 10 10
-0.017758 -0.000058 0.006073 10 10 10
-0.017751 -0.000058 0.006070 10 10 10
-0.017736 -0.000058 0.006065 10 10 10
-0.017750 -0.000058 0.006070 10 10 10
-0.017758 -0.000058 0.006073 10 10 10
-0.017757 -0.000058 0.006073 10 10 10
-0.017765 -0.000058 0.006075 10 10 10
-0.017833 -0.000058 0.006099 10 10 10
-0.017849 -0.000058 0.006104 10 10 10
-0.017849 -0.000058 0.006104 10 10 10
-0.017833 -0.000058 0.006099 10 10 10
-0.017656 -0.000057 0.006038 10 10 10
-0.017609 -0.000057 0.006022 10 10 10
-0.017602 -0.000057 0.006020 10 10 10
-0.017563 -0.000057 0.006007 10 10 10
-0.017563 -0.000057 0.006007 10 10 10
-0.017998 -0.000059 0.006156 10 10 10
-0.017997 -0.000059 0.006156 10 10 10
-0.017971 -0.000059 0.006147 10 10 10
-0.017945 -0.000059 0.006138 10 10 10
-0.017887 -0.000058 0.006118 10 10 10
-0.017862 -0.000058 0.006110 10 10 10
-0.017831 -0.000058 0.006099 10 10 10
-0.017830 -0.000058 0.006099 10 10 10
-0.017862 -0.000058 0.006110 10 10 10
-0.017862 -0.000058 0.006110 10 10 10
-0.017862 -0.000058 0.006110 10 10 10
-0.017861 -0.000058 0.006110 10 10 10
-0.017861 -0.000058 0.006110 10 10 10
-0.017822 -0.000058 0.006096 10 10 10
-0.017814 -0.000058 0.006093 10 10 10
-0.017768 -0.000058 0.006078 10 10 10
-0.017745 -0.000058 0.006070 10 10 10
-0.017695 -0.000057 0.006053 10 10 10
-0.017695 -0.000057 0.006053 10 10 10
-0.017716 -0.000057 0.006060 10 10 10
-0.017716 -0.000057 0.006060 10 10 10
-0.017715 -0.000057 0.006060 10 10 10
-0.017844 -0.000058 0.006104 10 10 10
-0.018283 -0.000060 0.006255 10 10 10
-0.018282 -0.000060 0.006255 10 10 10
-0.018140 -0.000060 0.006206 10 10 10
-0.018293 -0.000060 0.006259 10 10 10
-0.018282 -0.000060 0.006255 10 10 10
-0.018282 -0.000060 0.006255 10 10 10
-0.017842 -0.000058 0.006104 10 10 10
-0.017842 -0.000058 0.006104 10 10 10
-0.017842 -0.000058 0.006104 10 10 10
-0.017803 -0.000058 0.006091 10 10 10
-0.017818 -0.000058 0.006096 10 10 10
-0.018291 -0.000060 0.006259 10 10 10
-0.018291 -0.000060 0.006259 10 10 10
-0.018269 -0.000060 0.006252 10 10 10
-0.018238 -0.000060 0.006241 10 10 10
-0.018157 -0.000060 0.006213 10 10 10
-0.017964 -0.000059 0.006147 10 10 10
-0.017864 -0.000058 0.006112 10 10 10
-0.017864 -0.000058 0.006112 10 10 10
-0.017726 -0.000058 0.006065 10 10 10
-0.017628 -0.000057 0.006031 10 10 10
-0.017615 -0.000057 0.006027 10 10 10
-0.017615 -0.000057 0.006027 10 10 10
-0.018617 -0.000062 0.006372 10 10 10
-0.017983 -0.000058 0.006141 10 10 10
-0.017932 -0.000058 0.006124 10 10 10
-0.017875 -0.000058 0.006104 10 10 10
-0.017859 -0.000058 0.006099 10 10 10
-0.017859 -0.000058 0.006099 10 10 10
-0.017851 -0.000058 0.006096 10 10 10
-0.017882 -0.000058 0.006107 10 10 10
-0.017882 -0.000058 0.006107 10 10 10
-0.017882 -0.000058 0.006107 10 10 10
-0.018070 -0.000059 0.006171 10 10 10
-0.018025 -0.000059 0.006156 10 10 10
-0.017708 -0.000057 0.006048 10 10 10
-0.017686 -0.000057 0.006041 10 10 10
-0.017679 -0.000057 0.006038 10 10 10
-0.017679 -0.000057 0.006038 10 10 10
-0.017679 -0.000057 0.006038 10 10 10
-0.017658 -0.000057 0.006031 10 10 10
-0.017631 -0.000057 0.006022 10 10 10
-0.017624 -0.000057 0.006020 10 10 10
-0.017880 -0.000058 0.006107 10 10 10
-0.017879 -0.000058 0.006107 10 10 10
-0.017879 -0.000058 0.006107 10 10 10
-0.017879 -0.000058 0.006107 10 10 10
-0.017887 -0.000058 0.006110 10 10 10
-0.017895 -0.000058 0.006112 10 10 10
-0.017970 -0.000058 0.006138 10 10 10
-0.018004 -0.000059 0.006150 10 10 10
-0.018013 -0.000059 0.006153 10 10 10
-0.018004 -0.000059 0.006150 10 10 10
-0.018012 -0.000059 0.006153 10 10 10
-0.018048 -0.000059 0.006165 10 10 10
-0.018057 -0.000059 0.006168 10 10 10
-0.018057 -0.000059 0.006168 10 10 10
-0.018239 -0.000060 0.006230 10 10 10
-0.017754 -0.000057 0.006065 10 10 10
-0.017753 -0.000057 0.006065 10 10 10
-0.017753 -0.000057 0.006065 10 10 10
-0.017753 -0.000057 0.006065 10 10 10
-0.017746 -0.000057 0.006063 10 10 10
-0.017746 -0.000057 0.006063 10 10 10
-0.017724 -0.000057 0.006055 10 10 10
-0.017654 -0.000057 0.006031 10 10 10
-0.017653 -0.000057 0.006031 10 10 10
-0.017653 -0.000057 0.006031 10 10 10
-0.017660 -0.000057 0.006034 10 10 10
-0.018691 -0.000062 0.006385 10 10 10
-0.018691 -0.000062 0.006385 10 10 10
-0.018677 -0.000062 0.006381 10 10 10
-0.018651 -0.000062 0.006372 10 10 10
-0.017788 -0.000058 0.006078 10 10 10
-0.017758 -0.000057 0.006068 10 10 10
-0.017722 -0.000057 0.006055 10 10 10
-0.017714 -0.000057 0.006053 10 10 10
-0.017736 -0.000057 0.006060 10 10 10
-0.017566 -0.000056 0.006002 10 10 10
-0.017553 -0.000056 0.005998 10 10 10
-0.017565 -0.000056 0.006002 10 10 10
-0.017664 -0.000057 0.006036 10 10 10
-0.017963 -0.000058 0.006138 10 10 10
-0.017794 -0.000058 0.006080 10 10 10
-0.017832 -0.000058 0.006093 10 10 10
-0.017793 -0.000058 0.006080 10 10 10
-0.017778 -0.000058 0.006075 10 10 10
-0.017734 -0.000057 0.006060 10 10 10
-0.017558 -0.000056 0.006000 10 10 10
-0.017545 -0.000056 0.005996 10 10 10
-0.017557 -0.000056 0.006000 10 10 10
-0.017557 -0.000056 0.006000 10 10 10
-0.018659 -0.000062 0.006376 10 10 10
-0.018672 -0.000062 0.006381 10 10 10
-0.018672 -0.000062 0.006381 10 10 10
-0.018671 -0.000062 0.006381 10 10 10
-0.018581 -0.000062 0.006350 10 10 10
-0.018325 -0.000060 0.006262 10 10 10
-0.018200 -0.000060 0.006220 10 10 10
-0.018200 -0.000060 0.006220 10 10 10
-0.018180 -0.000060 0.006213 10 10 10
-0.018179 -0.000060 0.006213 10 10 10
-0.017517 -0.000056 0.005987 10 10 10
-0.017511 -0.000056 0.005985 10 10 10
-0.017619 -0.000057 0.006022 10 10 10
-0.017632 -0.000057 0.006027 10 10 10
-0.017619 -0.000057 0.006022 10 10 10
-0.017619 -0.000057 0.006022 10 10 10
-0.018492 -0.000061 0.006321 10 10 10
-0.018491 -0.000061 0.006321 10 10 10
-0.018157 -0.000059 0.006206 10 10 10
-0.018157 -0.000059 0.006206 10 10 10
-0.018157 -0.000059 0.006206 10 10 10
-0.018157 -0.000059 0.006206 10 10 10
-0.018186 -0.000060 0.006217 10 10 10
-0.017707 -0.000057 0.006053 10 10 10
-0.017706 -0.000057 0.006053 10 10 10
-0.017706 -0.000057 0.006053 10 10 10
-0.018308 -0.000060 0.006259 10 10 10
-0.018308 -0.000060 0.006259 10 10 10
-0.018287 -0.000060 0.006252 10 10 10
-0.018276 -0.000060 0.006248 10 10 10
-0.018488 -0.000061 0.006321 10 10 10
-0.018487 -0.000061 0.006321 10 10 10
-0.017945 -0.000058 0.006135 10 10 10
-0.017862 -0.000058 0.006107 10 10 10
-0.017740 -0.000057 0.006065 10 10 10
-0.017718 -0.000057 0.006058 10 10 10
-0.017718 -0.000057 0.006058 10 10 10
-0.017703 -0.000057 0.006053 10 10 10
-0.017689 -0.000057 0.006048 10 10 10
-0.017661 -0.000057 0.006038 10 10 10
-0.017640 -0.000057 0.006031 10 10 10
-0.017640 -0.000057 0.006031 10 10 10
-0.018103 -0.000059 0.006190 10 10 10
-0.018093 -0.000059 0.006187 10 10 10
-0.018093 -0.000059 0.006187 10 10 10
-0.018093 -0.000059 0.006187 10 10 10
-0.017875 -0.000058 0.006112 10 10 10
-0.017859 -0.000058 0.006107 10 10 10
-0.017850 -0.000058 0.006104 10 10 10
-0.017834 -0.000058 0.006099 10 10 10
-0.017780 -0.000058 0.006080 10 10 10
-0.017780 -0.000058 0.006080 10 10 10
-0.017765 -0.000058 0.006075 10 10 10
-0.017765 -0.000058 0.006075 10 10 10
-0.017757 -0.000057 0.006073 10 10 10
-0.017757 -0.000057 0.006073 10 10 10
-0.017802 -0.000058 0.006088 10 10 10
-0.017833 -0.000058 0.006099 10 10 10
-0.017817 -0.000058 0.006093 10 10 10
-0.017802 -0.000058 0.006088 10 10 10
-0.017749 -0.000057 0.006070 10 10 10
-0.017643 -0.000057 0.006034 10 10 10
-0.017602 -0.000057 0.006020 10 10 10
-0.017576 -0.000057 0.006011 10 10 10
-0.017576 -0.000057 0.006011 10 10 10
-0.018033 -0.000059 0.006168 10 10 10
-0.018015 -0.000059 0.006162 10 10 10
-0.017980 -0.000059 0.006150 10 10 10
-0.017962 -0.000059 0.006144 10 10 10
-0.017954 -0.000058 0.006141 10 10 10
-0.017870 -0.000058 0.006112 10 10 10
-0.017846 -0.000058 0.006104 10 10 10
-0.017846 -0.000058 0.006104 10 10 10
-0.017854 -0.000058 0.006107 10 10 10
-0.017854 -0.000058 0.006107 10 10 10
-0.017862 -0.000058 0.006110 10 10 10
-0.017861 -0.000058 0.006110 10 10 10
-0.017861 -0.000058 0.006110 10 10 10
-0.017829 -0.000058 0.006099 10 10 10
-0.017821 -0.000058 0.006096 10 10 10
-0.017768 -0.000058 0.006078 10 10 10
-0.017745 -0.000057 0.006070 10 10 10
-0.017709 -0.000057 0.006058 10 10 10
-0.017709 -0.000057 0.006058 10 10 10
-0.017716 -0.000057 0.006060 10 10 10
-0.017716 -0.000057 0.006060 10 10 10
-0.017708 -0.000057 0.006058 10 10 10
-0.017708 -0.000057 0.006058 10 10 10
-0.018251 -0.000060 0.006244 10 10 10
-0.018141 -0.000059 0.006206 10 10 10
-0.017958 -0.000059 0.006144 10 10 10
-0.017950 -0.000058 0.006141 10 10 10
-0.017835 -0.000058 0.006101 10 10 10
-0.017819 -0.000058 0.006096 10 10 10
-0.017827 -0.000058 0.006099 10 10 10
-0.017811 -0.000058 0.006093 10 10 10
-0.017818 -0.000058 0.006096 10 10 10
-0.017795 -0.000058 0.006088 10 10 10
-0.017818 -0.000058 0.006096 10 10 10
-0.018291 -0.000060 0.006259 10 10 10
-0.018291 -0.000060 0.006259 10 10 10
-0.018269 -0.000060 0.006252 10 10 10
-0.018248 -0.000060 0.006244 10 10 10
-0.018167 -0.000060 0.006217 10 10 10
-0.017964 -0.000059 0.006147 10 10 10
-0.017864 -0.000058 0.006112 10 10 10
-0.017897 -0.000058 0.006124 10 10 10
-0.017741 -0.000057 0.006070 10 10 10
-0.017628 -0.000057 0.006031 10 10 10
-0.017615 -0.000057 0.006027 10 10 10
-0.017615 -0.000057 0.006027 10 10 10
-0.018617 -0.000062 0.006372 10 10 10
-0.017933 -0.000058 0.006124 10 10 10
-0.017883 -0.000058 0.006107 10 10 10
-0.017867 -0.000058 0.006101 10 10 10
-0.017859 -0.000058 0.006099 10 10 10
-0.017859 -0.000058 0.006099 10 10 10
-0.017851 -0.000058 0.006096 10 10 10
-0.017882 -0.000058 0.006107 10 10 10
-0.017858 -0.000058 0.006099 10 10 10
-0.017882 -0.000058 0.006107 10 10 10
-0.018034 -0.000059 0.006159 10 10 10
-0.017693 -0.000057 0.006043 10 10 10
-0.017679 -0.000057 0.006038 10 10 10
-0.017679 -0.000057 0.006038 10 10 10
-0.017679 -0.000057 0.006038 10 10 10
-0.018015 -0.000058 0.006153 10 10 10
-0.018015 -0.000058 0.006153 10 10 10
-0.017451 -0.000056 0.005961 10 10 10
-0.017451 -0.000056 0.005961 10 10 10
-0.017880 -0.000058 0.006107 10 10 10
-0.017879 -0.000058 0.006107 10 10 10
-0.017863 -0.000058 0.006101 10 10 10
-0.017863 -0.000058 0.006101 10 10 10
-0.017887 -0.000058 0.006110 10 10 10
-0.017895 -0.000058 0.006112 10 10 10
-0.017978 -0.000058 0.006141 10 10 10
-0.017995 -0.000058 0.006147 10 10 10
-0.018004 -0.000058 0.006150 10 10 10
-0.017995 -0.000058 0.006147 10 10 10
-0.018012 -0.000058 0.006153 10 10 10
-0.018057 -0.000059 0.006168 10 10 10
-0.018057 -0.000059 0.006168 10 10 10
-0.018057 -0.000059 0.006168 10 10 10
-0.017753 -0.000057 0.006065 10 10 10
-0.017753 -0.000057 0.006065 10 10 10
-0.017753 -0.000057 0.006065 10 10 10
-0.017746 -0.000057 0.006063 10 10 10
-0.017753 -0.000057 0.006065 10 10 10
-0.017745 -0.000057 0.006063 10 10 10
-0.017667 -0.000057 0.006036 10 10 10
-0.017660 -0.000057 0.006034 10 10 10
-0.017660 -0.000057 0.006034 10 10 10
-0.018691 -0.000062 0.006385 10 10 10
-0.018664 -0.000062 0.006376 10 10 10
-0.018638 -0.000062 0.006367 10 10 10
-0.017796 -0.000057 0.006080 10 10 10
-0.017758 -0.000057 0.006068 10 10 10
-0.017736 -0.000057 0.006060 10 10 10
-0.017722 -0.000057 0.006055 10 10 10
-0.017591 -0.000056 0.006011 10 10 10
-0.017565 -0.000056 0.006002 10 10 10
-0.017624 -0.000057 0.006022 10 10 10
-0.017963 -0.000058 0.006138 10 10 10
-0.017872 -0.000058 0.006107 10 10 10
-0.017872 -0.000058 0.006107 10 10 10
-0.017848 -0.000058 0.006099 10 10 10
-0.017847 -0.000058 0.006099 10 10 10
-0.017698 -0.000057 0.006048 10 10 10
-0.017603 -0.000056 0.006015 10 10 10
-0.017602 -0.000056 0.006015 10 10 10
-0.018659 -0.000062 0.006376 10 10 10
-0.018659 -0.000062 0.006376 10 10 10
-0.018659 -0.000062 0.006376 10 10 10
-0.018672 -0.000062 0.006381 10 10 10
-0.018658 -0.000062 0.006376 10 10 10
-0.018594 -0.000061 0.006354 10 10 10
-0.018336 -0.000060 0.006266 10 10 10
-0.018210 -0.000060 0.006223 10 10 10
-0.018200 -0.000059 0.006220 10 10 10
-0.018180 -0.000059 0.006213 10 10 10
-0.018179 -0.000059 0.006213 10 10 10
-0.017517 -0.000056 0.005987 10 10 10
-0.017511 -0.000056 0.005985 10 10 10
-0.017523 -0.000056 0.005989 10 10 10
-0.017561 -0.000056 0.006002 10 10 10
-0.017560 -0.000056 0.006002 10 10 10
-0.017560 -0.000056 0.006002 10 10 10
-0.018492 -0.000061 0.006321 10 10 10
-0.018503 -0.000061 0.006325 10 10 10
-0.018444 -0.000061 0.006305 10 10 10
-0.018157 -0.000059 0.006206 10 10 10
-0.018157 -0.000059 0.006206 10 10 10
-0.018166 -0.000059 0.006210 10 10 10
-0.018186 -0.000059 0.006217 10 10 10
-0.018186 -0.000059 0.006217 10 10 10
-0.018185 -0.000059 0.006217 10 10 10
-0.017707 -0.000057 0.006053 10 10 10
-0.017706 -0.000057 0.006053 10 10 10
-0.017706 -0.000057 0.006053 10 10 10
-0.018319 -0.000060 0.006262 10 10 10
-0.018308 -0.000060 0.006259 10 10 10
-0.018287 -0.000060 0.006252 10 10 10
-0.018286 -0.000060 0.006252 10 10 10
-0.017718 -0.000057 0.006058 10 10 10
-0.017718 -0.000057 0.006058 10 10 10
-0.017710 -0.000057 0.006055 10 10 10
-0.017689 -0.000057 0.006048 10 10 10
-0.017661 -0.000057 0.006038 10 10 10
-0.017661 -0.000057 0.006038 10 10 10
-0.017661 -0.000057 0.006038 10 10 10
-0.017717 -0.000057 0.006058 10 10 10
-0.018093 -0.000059 0.006187 10 10 10
-0.018093 -0.000059 0.006187 10 10 10
-0.018093 -0.000059 0.006187 10 10 10
-0.017966 -0.000058 0.006144 10 10 10
-0.017891 -0.000058 0.006118 10 10 10
-0.017866 -0.000058 0.006110 10 10 10
-0.017858 -0.000058 0.006107 10 10 10
-0.017842 -0.000058 0.006101 10 10 10
-0.017834 -0.000058 0.006099 10 10 10
-0.017834 -0.000058 0.006099 10 10 10
-0.017826 -0.000058 0.006096 10 10 10
-0.017780 -0.000057 0.006080 10 10 10
-0.017765 -0.000057 0.006075 10 10 10
-0.017757 -0.000057 0.006073 10 10 10
-0.017757 -0.000057 0.006073 10 10 10
-0.017779 -0.000057 0.006080 10 10 10
-0.017757 -0.000057 0.006073 10 10 10
-0.017771 -0.000057 0.006078 10 10 10
-0.017749 -0.000057 0.006070 10 10 10
-0.017705 -0.000057 0.006055 10 10 10
-0.017616 -0.000057 0.006024 10 10 10
-0.017602 -0.000057 0.006020 10 10 10
-0.018098 -0.000059 0.006190 10 10 10
-0.018098 -0.000059 0.006190 10 10 10
-0.018033 -0.000059 0.006168 10 10 10
-0.017988 -0.000058 0.006153 10 10 10
-0.017980 -0.000058 0.006150 10 10 10
-0.017979 -0.000058 0.006150 10 10 10
-0.017936 -0.000058 0.006135 10 10 10
-0.017854 -0.000058 0.006107 10 10 10
-0.017854 -0.000058 0.006107 10 10 10
-0.017854 -0.000058 0.006107 10 10 10
-0.017854 -0.000058 0.006107 9 9 9
-0.017854 -0.000058 0.006107 10 10 10
-0.017853 -0.000058 0.006107 10 10 10
-0.017853 -0.000058 0.006107 10 10 10
-0.017829 -0.000058 0.006099 10 10 10
-0.017821 -0.000058 0.006096 10 10 10
-0.017775 -0.000057 0.006080 10 10 10
-0.017768 -0.000057 0.006078 10 10 10
-0.017723 -0.000057 0.006063 10 10 10
-0.017723 -0.000057 0.006063 10 10 10
-0.017716 -0.000057 0.006060 10 10 10
-0.017716 -0.000057 0.006060 10 10 10
-0.017687 -0.000057 0.006050 10 10 10
-0.017687 -0.000057 0.006050 10 10 10
-0.018141 -0.000059 0.006206 10 10 10
-0.018141 -0.000059 0.006206 10 10 10
-0.017958 -0.000058 0.006144 10 10 10
-0.017851 -0.000058 0.006107 10 10 10
-0.017827 -0.000058 0.006099 10 10 10
-0.017811 -0.000058 0.006093 10 10 10
-0.017819 -0.000058 0.006096 10 10 10
-0.017803 -0.000058 0.006091 10 10 10
-0.017818 -0.000058 0.006096 10 10 10
-0.017803 -0.000058 0.006091 9 9 9
-0.017818 -0.000058 0.006096 10 10 10
-0.018291 -0.000060 0.006259 10 10 10
-0.018291 -0.000060 0.006259 10 10 10
-0.018269 -0.000060 0.006252 10 10 10
-0.018259 -0.000060 0.006248 10 10 10
-0.018187 -0.000060 0.006223 10 10 10
-0.018258 -0.000060 0.006248 10 10 10
-0.017964 -0.000058 0.006147 10 10 10
-0.018258 -0.000060 0.006248 10 10 10
-0.017864 -0.000058 0.006112 10 10 10
-0.017628 -0.000057 0.006031 10 10 10
-0.017615 -0.000057 0.006027 10 10 10
-0.017543 -0.000056 0.006002 10 10 10
-0.017543 -0.000056 0.006002 10 10 10
-0.017883 -0.000058 0.006107 10 10 10
-0.017867 -0.000058 0.006101 10 10 10
-0.017867 -0.000058 0.006101 10 10 10
-0.017867 -0.000058 0.006101 10 10 10
-0.017867 -0.000058 0.006101 10 10 10
-0.017843 -0.000057 0.006093 10 10 10
-0.017882 -0.000058 0.006107 10 10 10
-0.017850 -0.000057 0.006096 10 10 10
-0.017759 -0.000057 0.006065 10 10 10
-0.017858 -0.000058 0.006099 10 10 10
-0.017751 -0.000057 0.006063 10 10 10
-0.017686 -0.000057 0.006041 10 10 10
-0.017679 -0.000057 0.006038 10 10 10
-0.017672 -0.000057 0.006036 10 10 10
-0.017679 -0.000057 0.006038 10 10 10
-0.018024 -0.000058 0.006156 10 10 10
-0.018015 -0.000058 0.006153 10 10 10
-0.018015 -0.000058 0.006153 10 10 10
-0.017946 -0.000058 0.006129 10 10 10
-0.017880 -0.000058 0.006107 10 10 10
-0.017879 -0.000058 0.006107 10 10 10
-0.017847 -0.000057 0.006096 10 10 10
-0.017847 -0.000057 0.006096 10 10 10
-0.017887 -0.000058 0.006110 10 10 10
-0.017895 -0.000058 0.006112 10 10 10
-0.017987 -0.000058 0.006144 10 10 10
-0.017995 -0.000058 0.006147 10 10 10
-0.017995 -0.000058 0.006147 10 10 10
-0.017995 -0.000058 0.006147 10 10 10
-0.018131 -0.000059 0.006193 10 10 10
-0.018150 -0.000059 0.006200 10 10 10
-0.018131 -0.000059 0.006193 10 10 10
-0.018239 -0.000059 0.006230 10 10 10
-0.017753 -0.000057 0.006065 10 10 10
-0.017753 -0.000057 0.006065 10 10 10
-0.017753 -0.000057 0.006065 10 10 10
-0.017753 -0.000057 0.006065 10 10 10
-0.017753 -0.000057 0.006065 10 10 10
-0.017753 -0.000057 0.006065 10 10 10
-0.017716 -0.000057 0.006053 10 10 10
-0.017681 -0.000057 0.006041 10 10 10
-0.017716 -0.000057 0.006053 10 10 10
-0.018664 -0.000062 0.006376 10 10 10
-0.018612 -0.000061 0.006359 10 10 10
-0.017811 -0.000057 0.006086 10 10 10
-0.017758 -0.000057 0.006068 10 10 10
-0.017751 -0.000057 0.006065 10 10 10
-0.017736 -0.000057 0.006060 10 10 10
-0.017750 -0.000057 0.006065 10 10 10
-0.017624 -0.000056 0.006022 10 10 10
-0.017591 -0.000056 0.006011 10 10 10
-0.017559 -0.000056 0.006000 10 10 10
-0.017559 -0.000056 0.006000 10 10 10
-0.017591 -0.000056 0.006011 10 10 10
-0.017623 -0.000056 0.006022 10 10 10
-0.017872 -0.000058 0.006107 10 10 10
-0.017871 -0.000058 0.006107 10 10 10
-0.017712 -0.000057 0.006053 10 10 10
-0.017629 -0.000056 0.006024 10 10 10
-0.017629 -0.000056 0.006024 10 10 10
-0.018659 -0.000062 0.006376 10 10 10
-0.018659 -0.000062 0.006376 10 10 10
-0.018659 -0.000062 0.006376 10 10 10
-0.018659 -0.000062 0.006376 10 10 10
-0.018658 -0.000062 0.006376 10 10 10
-0.018658 -0.000062 0.006376 10 10 10
-0.018593 -0.000061 0.006354 10 10 10
-0.018220 -0.000059 0.006227 10 10 10
-0.018210 -0.000059 0.006223 10 10 10
-0.018180 -0.000059 0.006213 10 10 10
-0.018179 -0.000059 0.006213 10 10 10
-0.017524 -0.000056 0.005989 10 10 10
-0.017511 -0.000056 0.005985 10 10 10
-0.017511 -0.000056 0.005985 10 10 10
-0.017511 -0.000056 0.005985 10 10 10
-0.017523 -0.000056 0.005989 10 10 10
-0.017517 -0.000056 0.005987 10 10 10
-0.017516 -0.000056 0.005987 10 10 10
-0.018503 -0.000061 0.006325 10 10 10
-0.018468 -0.000061 0.006313 10 10 10
-0.018176 -0.000059 0.006213 10 10 10
-0.018166 -0.000059 0.006210 10 10 10
-0.018176 -0.000059 0.006213 10 10 10
-0.018186 -0.000059 0.006217 10 10 10
-0.018186 -0.000059 0.006217 10 10 10
-0.018176 -0.000059 0.006213 10 10 10
-0.017707 -0.000057 0.006053 10 10 10
-0.017706 -0.000057 0.006053 10 10 10
-0.018298 -0.000060 0.006255 10 10 10
-0.018308 -0.000060 0.006259 10 10 10
-0.018308 -0.000060 0.006259 10 10 10
-0.018287 -0.000060 0.006252 10 10 10
-0.018286 -0.000060 0.006252 10 10 10
-0.018428 -0.000060 0.006301 10 10 10
-0.018305 -0.000060 0.006259 10 10 10
-0.017718 -0.000057 0.006058 10 10 10
-0.017717 -0.000057 0.006058 10 10 10
-0.017696 -0.000057 0.006050 10 10 10
-0.017689 -0.000057 0.006048 10 10 10
-0.017682 -0.000057 0.006046 10 10 10
-0.017688 -0.000057 0.006048 10 10 10
-0.017709 -0.000057 0.006055 10 10 10
-0.017716 -0.000057 0.006058 10 10 10
-0.017724 -0.000057 0.006060 10 10 10
-0.018084 -0.000059 0.006184 10 10 10
-0.018083 -0.000059 0.006184 10 10 10
-0.018047 -0.000059 0.006171 10 10 10
-0.018010 -0.000058 0.006159 10 10 10
-0.017993 -0.000058 0.006153 10 10 10
-0.017966 -0.000058 0.006144 10 10 10
-0.017899 -0.000058 0.006121 10 10 10
-0.017883 -0.000058 0.006115 10 10 10
-0.017858 -0.000058 0.006107 10 10 10
-0.017850 -0.000058 0.006104 10 10 10
-0.017842 -0.000058 0.006101 10 10 10
-0.017850 -0.000058 0.006104 10 10 10
-0.017858 -0.000058 0.006107 10 10 10
-0.017826 -0.000057 0.006096 10 10 10
-0.017765 -0.000057 0.006075 10 10 10
-0.017757 -0.000057 0.006073 10 10 10
-0.017750 -0.000057 0.006070 10 10 10
-0.017749 -0.000057 0.006070 10 10 10
-0.017742 -0.000057 0.006068 10 10 10
-0.017749 -0.000057 0.006070 10 10 10
-0.017734 -0.000057 0.006065 10 10 10
-0.017734 -0.000057 0.006065 10 10 10
-0.017649 -0.000057 0.006036 10 10 10
-0.017649 -0.000057 0.006036 10 10 10
-0.018136 -0.000059 0.006203 10 10 10
-0.018136 -0.000059 0.006203 10 10 10
-0.018051 -0.000059 0.006174 10 10 10
-0.017997 -0.000058 0.006156 10 10 10
-0.017988 -0.000058 0.006153 10 10 10
-0.017988 -0.000058 0.006153 10 10 10
-0.017962 -0.000058 0.006144 10 10 10
-0.017854 -0.000058 0.006107 10 10 10
-0.017854 -0.000058 0.006107 10 10 10
-0.017854 -0.000058 0.006107 10 10 10
-0.017854 -0.000058 0.006107 10 10 10
-0.017854 -0.000058 0.006107 10 10 10
-0.017853 -0.000058 0.006107 10 10 10
-0.017853 -0.000058 0.006107 10 10 10
-0.017829 -0.000058 0.006099 10 10 10
-0.017821 -0.000057 0.006096 10 10 10
-0.017790 -0.000057 0.006086 10 10 10
-0.017790 -0.000057 0.006086 10 10 10
-0.017731 -0.000057 0.006065 10 10 10
-0.017730 -0.000057 0.006065 10 10 10
-0.017723 -0.000057 0.006063 10 10 10
-0.017716 -0.000057 0.006060 10 10 10
-0.017687 -0.000057 0.006050 10 10 10
-0.017687 -0.000057 0.006050 10 10 10
-0.017638 -0.000057 0.006034 10 10 10
-0.017976 -0.000058 0.006150 10 10 10
-0.017851 -0.000058 0.006107 10 10 10
-0.017843 -0.000058 0.006104 10 10 10
-0.017819 -0.000057 0.006096 10 10 10
-0.017804 -0.000057 0.006091 10 10 10
-0.017819 -0.000057 0.006096 10 10 10
-0.017796 -0.000057 0.006088 10 10 10
-0.017818 -0.000057 0.006096 10 10 10
-0.017803 -0.000057 0.006091 10 10 10
-0.017818 -0.000057 0.006096 10 10 10
-0.018291 -0.000060 0.006259 10 10 10
-0.018291 -0.000060 0.006259 10 10 10
-0.018269 -0.000060 0.006252 10 10 10
-0.018259 -0.000060 0.006248 10 10 10
-0.018187 -0.000059 0.006223 10 10 10
-0.018258 -0.000060 0.006248 10 10 10
-0.018258 -0.000060 0.006248 10 10 10
-0.017622 -0.000057 0.006029 10 10 10
-0.017615 -0.000056 0.006027 10 10 10
-0.017543 -0.000056 0.006002 10 10 10
-0.017543 -0.000056 0.006002 10 10 10
-0.017544 -0.000056 0.005991 10 10 10
-0.017544 -0.000056 0.005991 10 10 10
-0.017867 -0.000057 0.006101 10 10 10
-0.017875 -0.000057 0.006104 10 10 10
-0.017867 -0.000057 0.006101 10 10 10
-0.017867 -0.000057 0.006101 10 10 10
-0.017835 -0.000057 0.006091 10 10 10
-0.017874 -0.000057 0.006104 10 10 10
-0.017819 -0.000057 0.006086 10 10 10
-0.017737 -0.000057 0.006058 10 10 10
-0.017752 -0.000057 0.006063 10 10 10
-0.017759 -0.000057 0.006065 10 10 10
-0.017751 -0.000057 0.006063 10 10 10
-0.017686 -0.000057 0.006041 10 10 10
-0.017672 -0.000056 0.006036 10 10 10
-0.017672 -0.000056 0.006036 10 10 10
-0.018087 -0.000058 0.006177 10 10 10
-0.018087 -0.000058 0.006177 10 10 10
-0.018024 -0.000058 0.006156 10 10 10
-0.018015 -0.000058 0.006153 10 10 10
-0.017962 -0.000058 0.006135 10 10 10
-0.017945 -0.000058 0.006129 10 10 10
-0.017879 -0.000057 0.006107 10 10 10
-0.017847 -0.000057 0.006096 10 10 10
-0.017847 -0.000057 0.006096 10 10 10
-0.017895 -0.000058 0.006112 10 10 10
-0.018005 -0.000058 0.006150 10 10 10
-0.018004 -0.000058 0.006150 10 10 10
-0.018004 -0.000058 0.006150 10 10 10
-0.017995 -0.000058 0.006147 10 10 10
-0.017995 -0.000058 0.006147 10 10 10
-0.018447 -0.000060 0.006301 10 10 10
-0.018470 -0.000060 0.006309 10 10 10
-0.018458 -0.000060 0.006305 10 10 10
-0.018458 -0.000060 0.006305 10 10 10
-0.017761 -0.000057 0.006068 10 10 10
-0.017753 -0.000057 0.006065 10 10 10
-0.017753 -0.000057 0.006065 10 10 10
-0.017753 -0.000057 0.006065 10 10 10
-0.017753 -0.000057 0.006065 10 10 10
-0.017767 -0.000057 0.006070 10 10 10
-0.017752 -0.000057 0.006065 10 10 10
-0.017716 -0.000057 0.006053 10 10 10
-0.017716 -0.000057 0.006053 10 10 10
-0.018612 -0.000061 0.006359 10 10 10
-0.018574 -0.000061 0.006346 10 10 10
-0.018501 -0.000061 0.006321 10 10 10
-0.017811 -0.000057 0.006086 10 10 10
-0.017758 -0.000057 0.006068 10 10 10
-0.017751 -0.000057 0.006065 10 10 10
-0.017750 -0.000057 0.006065 10 10 10
-0.017624 -0.000056 0.006022 10 10 10
-0.017598 -0.000056 0.006013 10 10 10
-0.017559 -0.000056 0.006000 10 10 10
-0.017559 -0.000056 0.006000 10 10 10
-0.017546 -0.000056 0.005996 10 10 10
-0.017558 -0.000056 0.006000 10 10 10
-0.017848 -0.000057 0.006099 10 10 10
-0.017887 -0.000058 0.006112 10 10 10
-0.017712 -0.000057 0.006053 10 10 10
-0.017698 -0.000057 0.006048 10 10 10
-0.017636 -0.000056 0.006027 10 10 10
-0.017636 -0.000056 0.006027 10 10 10
-0.018646 -0.000061 0.006372 10 10 10
-0.018659 -0.000061 0.006376 10 10 10
-0.018646 -0.000061 0.006372 10 10 10
-0.018659 -0.000061 0.006376 10 10 10
-0.018658 -0.000061 0.006376 10 10 10
-0.018698 -0.000062 0.006390 10 10 10
-0.018698 -0.000062 0.006390 10 10 10
-0.018220 -0.000059 0.006227 10 10 10
-0.018210 -0.000059 0.006223 10 10 10
-0.018180 -0.000059 0.006213 10 10 10
-0.018179 -0.000059 0.006213 10 10 10
-0.018179 -0.000059 0.006213 10 10 10
-0.017536 -0.000056 0.005994 10 10 10
-0.017523 -0.000056 0.005989 10 10 10
-0.017511 -0.000056 0.005985 10 10 10
-0.017505 -0.000056 0.005983 10 10 10
-0.017505 -0.000056 0.005983 10 10 10
-0.017469 -0.000056 0.005971 10 10 10
-0.017439 -0.000055 0.005961 10 10 10
-0.017439 -0.000055 0.005961 10 10 10
-0.018479 -0.000060 0.006317 10 10 10
-0.018467 -0.000060 0.006313 10 10 10
-0.018247 -0.000059 0.006237 10 10 10
-0.018236 -0.000059 0.006234 10 10 10
-0.018196 -0.000059 0.006220 10 10 10
-0.018196 -0.000059 0.006220 10 10 10
-0.018185 -0.000059 0.006217 10 10 10
-0.018175 -0.000059 0.006213 10 10 10
-0.018246 -0.000059 0.006237 10 10 10
-0.018298 -0.000060 0.006255 10 10 10
-0.018308 -0.000060 0.006259 10 10 10
-0.018308 -0.000060 0.006259 10 10 10
-0.018308 -0.000060 0.006259 10 10 10
-0.018297 -0.000060 0.006255 10 10 10
-0.018487 -0.000061 0.006321 10 10 10
-0.018451 -0.000060 0.006309 10 10 10
-0.018428 -0.000060 0.006301 10 10 10
-0.018349 -0.000060 0.006274 10 10 10
-0.018305 -0.000060 0.006259 10 10 10
-0.017732 -0.000057 0.006063 10 10 10
-0.017717 -0.000057 0.006058 10 10 10
-0.017689 -0.000057 0.006048 10 10 10
-0.017689 -0.000057 0.006048 10 10 10
-0.017688 -0.000057 0.006048 10 10 10
-0.017709 -0.000057 0.006055 10 10 10
-0.017709 -0.000057 0.006055 10 10 10
-0.017709 -0.000057 0.006055 10 10 10
-0.017716 -0.000057 0.006058 10 10 10
-0.018047 -0.000058 0.006171 10 10 10
-0.018047 -0.000058 0.006171 10 10 10
-0.018011 -0.000058 0.006159 10 10 10
-0.017993 -0.000058 0.006153 10 10 10
-0.017984 -0.000058 0.006150 10 10 10
-0.017966 -0.000058 0.006144 10 10 10
-0.017916 -0.000058 0.006126 10 10 10
-0.017891 -0.000058 0.006118 10 10 10
-0.017866 -0.000058 0.006110 10 10 10
-0.017858 -0.000057 0.006107 10 10 10
-0.017850 -0.000057 0.006104 10 10 10
-0.017858 -0.000057 0.006107 10 10 10
-0.017866 -0.000058 0.006110 10 10 10
-0.017873 -0.000058 0.006112 10 10 10
-0.017826 -0.000057 0.006096 10 10 10
-0.017757 -0.000057 0.006073 10 10 10
-0.017742 -0.000057 0.006068 10 10 10
-0.017742 -0.000057 0.006068 10 10 10
-0.017735 -0.000057 0.006065 10 10 10
-0.017734 -0.000057 0.006065 10 10 10
-0.017734 -0.000057 0.006065 10 10 10
-0.017734 -0.000057 0.006065 10 10 10
-0.017656 -0.000056 0.006038 10 10 10
-0.017656 -0.000056 0.006038 10 10 10
-0.018145 -0.000059 0.006206 10 10 10
-0.018136 -0.000059 0.006203 10 10 10
-0.018135 -0.000059 0.006203 10 10 10
-0.018051 -0.000058 0.006174 10 10 10
-0.017988 -0.000058 0.006153 10 10 10
-0.017988 -0.000058 0.006153 10 10 10
-0.017971 -0.000058 0.006147 10 10 10
-0.017854 -0.000057 0.006107 10 10 10
-0.017854 -0.000057 0.006107 10 10 10
-0.017854 -0.000057 0.006107 10 10 10
-0.017854 -0.000057 0.006107 10 10 10
-0.017854 -0.000057 0.006107 10 10 10
-0.017853 -0.000057 0.006107 10 10 10
-0.017853 -0.000057 0.006107 10 10 10
-0.017829 -0.000057 0.006099 10 10 10
-0.017829 -0.000057 0.006099 10 10 10
-0.017798 -0.000057 0.006088 10 10 10
-0.017798 -0.000057 0.006088 10 10 10
-0.017738 -0.000057 0.006068 10 10 10
-0.017738 -0.000057 0.006068 10 10 10
-0.017730 -0.000057 0.006065 10 10 10
-0.017723 -0.000057 0.006063 10 10 10
-0.017694 -0.000057 0.006053 10 10 10
-0.017694 -0.000057 0.006053 10 10 10
-0.017638 -0.000056 0.006034 10 10 10
-0.017631 -0.000056 0.006031 10 10 10
-0.017631 -0.000056 0.006031 10 10 10
-0.017796 -0.000057 0.006088 10 10 10
-0.017811 -0.000057 0.006093 10 10 10
-0.017804 -0.000057 0.006091 10 10 10
-0.017811 -0.000057 0.006093 10 10 10
-0.017803 -0.000057 0.006091 10 10 10
-0.017818 -0.000057 0.006096 10 10 10
-0.017811 -0.000057 0.006093 10 10 10
-0.017818 -0.000057 0.006096 10 10 10
-0.018291 -0.000060 0.006259 10 10 10
-0.018291 -0.000060 0.006259 10 10 10
-0.018269 -0.000060 0.006252 10 10 10
-0.018259 -0.000059 0.006248 10 10 10
-0.018187 -0.000059 0.006223 10 10 10
-0.018258 -0.000059 0.006248 10 10 10
-0.018258 -0.000059 0.006248 10 10 10
-0.018257 -0.000059 0.006248 10 10 10
-0.017621 -0.000056 0.006029 10 10 10
-0.017608 -0.000056 0.006024 10 10 10
-0.018257 -0.000059 0.006248 10 10 10
-0.017544 -0.000056 0.005991 10 10 10
-0.017544 -0.000056 0.005991 10 10 10
-0.017875 -0.000057 0.006104 10 10 10
-0.017875 -0.000057 0.006104 10 10 10
-0.017867 -0.000057 0.006101 10 10 10
-0.017867 -0.000057 0.006101 10 10 10
-0.017827 -0.000057 0.006088 10 10 10
-0.017820 -0.000057 0.006086 10 10 10
-0.017737 -0.000057 0.006058 10 10 10
-0.017730 -0.000057 0.006055 10 10 10
-0.017737 -0.000057 0.006058 10 10 10
-0.017759 -0.000057 0.006065 10 10 10
-0.017751 -0.000057 0.006063 10 10 10
-0.017686 -0.000056 0.006041 10 10 10
-0.017672 -0.000056 0.006036 10 10 10
-0.017672 -0.000056 0.006036 10 10 10
-0.018106 -0.000058 0.006184 10 10 10
-0.018096 -0.000058 0.006180 10 10 10
-0.018024 -0.000058 0.006156 10 10 10
-0.018023 -0.000058 0.006156 10 10 10
-0.018014 -0.000058 0.006153 10 10 10
-0.017962 -0.000058 0.006135 10 10 10
-0.017879 -0.000057 0.006107 10 10 10
-0.017879 -0.000057 0.006107 10 10 10
-0.017879 -0.000057 0.006107 10 10 10
-0.018013 -0.000058 0.006153 10 10 10
-0.018013 -0.000058 0.006153 10 10 10
-0.018004 -0.000058 0.006150 10 10 10
-0.018004 -0.000058 0.006150 10 10 10
-0.018447 -0.000060 0.006301 10 10 10
-0.018470 -0.000060 0.006309 10 10 10
-0.018470 -0.000060 0.006309 10 10 10
-0.018469 -0.000060 0.006309 10 10 10
-0.018101 -0.000058 0.006184 10 10 10
-0.017761 -0.000057 0.006068 10 10 10
-0.017753 -0.000057 0.006065 10 10 10
-0.017753 -0.000057 0.006065 10 10 10
-0.017326 -0.000055 0.005920 10 10 10
-0.017753 -0.000057 0.006065 10 10 10
-0.017752 -0.000057 0.006065 10 10 10
-0.017752 -0.000057 0.006065 10 10 10
-0.017738 -0.000057 0.006060 10 10 10
-0.017737 -0.000057 0.006060 10 10 10
-0.018563 -0.000061 0.006341 10 10 10
-0.018613 -0.000061 0.006359 10 10 10
-0.018612 -0.000061 0.006359 10 10 10
-0.018574 -0.000061 0.006346 10 10 10
-0.018501 -0.000060 0.006321 10 10 10
-0.018127 -0.000059 0.006193 10 10 10
-0.018117 -0.000058 0.006190 10 10 10
-0.018117 -0.000058 0.006190 10 10 10
-0.018136 -0.000059 0.006197 10 10 10
-0.017624 -0.000056 0.006022 10 10 10
-0.017604 -0.000056 0.006015 10 10 10
-0.017565 -0.000056 0.006002 10 10 10
-0.017559 -0.000056 0.006000 10 10 10
-0.017540 -0.000056 0.005994 10 10 10
-0.017533 -0.000056 0.005991 10 10 10
-0.017533 -0.000056 0.005991 10 10 10
-0.017533 -0.000056 0.005991 10 10 10
-0.017712 -0.000057 0.006053 10 10 10
-0.017705 -0.000056 0.006050 10 10 10
-0.017643 -0.000056 0.006029 10 10 10
-0.017642 -0.000056 0.006029 10 10 10
-0.018608 -0.000061 0.006359 10 10 10
-0.018646 -0.000061 0.006372 10 10 10
-0.018646 -0.000061 0.006372 10 10 10
-0.018645 -0.000061 0.006372 10 10 10
-0.018210 -0.000059 0.006223 10 10 10
-0.018190 -0.000059 0.006217 10 10 10
-0.018179 -0.000059 0.006213 10 10 10
-0.018179 -0.000059 0.006213 10 10 10
-0.017530 -0.000056 0.005991 10 10 10
-0.017511 -0.000056 0.005985 10 10 10
-0.017505 -0.000056 0.005983 10 10 10
-0.017475 -0.000055 0.005973 10 10 10
-0.017457 -0.000055 0.005967 10 10 10
-0.017439 -0.000055 0.005961 10 10 10
-0.017439 -0.000055 0.005961 10 10 10
-0.018479 -0.000060 0.006317 10 10 10
-0.018479 -0.000060 0.006317 10 10 10
-0.018455 -0.000060 0.006309 10 10 10
-0.018247 -0.000059 0.006237 10 10 10
-0.018236 -0.000059 0.006234 10 10 10
-0.018196 -0.000059 0.006220 10 10 10
-0.018195 -0.000059 0.006220 10 10 10
-0.018195 -0.000059 0.006220 10 10 10
-0.018256 -0.000059 0.006241 10 10 10
-0.018277 -0.000059 0.006248 10 10 10
-0.018298 -0.000059 0.006255 10 10 10
-0.018297 -0.000059 0.006255 10 10 10
-0.018308 -0.000059 0.006259 10 10 10
-0.018475 -0.000060 0.006317 10 10 10
-0.018439 -0.000060 0.006305 10 10 10
-0.018349 -0.000060 0.006274 10 10 10
-0.018305 -0.000059 0.006259 10 10 10
-0.018305 -0.000059 0.006259 10 10 10
-0.018305 -0.000059 0.006259 10 10 10
-0.018273 -0.000059 0.006248 10 10 10
-0.017717 -0.000057 0.006058 10 10 10
-0.017689 -0.000056 0.006048 10 10 10
-0.017710 -0.000057 0.006055 10 10 10
-0.017709 -0.000057 0.006055 10 10 10
-0.017695 -0.000056 0.006050 10 10 10
-0.017688 -0.000056 0.006048 10 10 10
-0.017695 -0.000056 0.006050 10 10 10
-0.018047 -0.000058 0.006171 10 10 10
-0.018047 -0.000058 0.006171 10 10 10
-0.018002 -0.000058 0.006156 10 10 10
-0.017993 -0.000058 0.006153 10 10 10
-0.017975 -0.000058 0.006147 10 10 10
-0.017958 -0.000058 0.006141 10 10 10
-0.017924 -0.000058 0.006129 10 10 10
-0.017899 -0.000057 0.006121 10 10 10
-0.017874 -0.000057 0.006112 10 10 10
-0.017858 -0.000057 0.006107 10 10 10
-0.017858 -0.000057 0.006107 10 10 10
-0.017882 -0.000057 0.006115 10 10 10
-0.017882 -0.000057 0.006115 10 10 10
-0.017890 -0.000057 0.006118 10 10 10
-0.017881 -0.000057 0.006115 10 10 10
-0.018109 -0.000059 0.006193 10 10 10
-0.017742 -0.000057 0.006068 10 10 10
-0.017742 -0.000057 0.006068 10 10 10
-0.017735 -0.000057 0.006065 10 10 10
-0.017734 -0.000057 0.006065 10 10 10
-0.017734 -0.000057 0.006065 10 10 10
-0.017734 -0.000057 0.006065 10 10 10
-0.017663 -0.000056 0.006041 10 10 10
-0.017663 -0.000056 0.006041 10 10 10
-0.018145 -0.000059 0.006206 10 10 10
-0.018145 -0.000059 0.006206 10 10 10
-0.018145 -0.000059 0.006206 10 10 10
-0.018297 -0.000059 0.006259 10 10 10
-0.018308 -0.000059 0.006262 10 10 10
-0.018308 -0.000059 0.006262 10 10 10
-0.018329 -0.000060 0.006270 10 10 10
-0.018407 -0.000060 0.006297 10 10 10
-0.017862 -0.000057 0.006110 10 10 10
-0.017862 -0.000057 0.006110 10 10 10
-0.017854 -0.000057 0.006107 10 10 10
-0.017854 -0.000057 0.006107 10 10 10
-0.017853 -0.000057 0.006107 10 10 10
-0.017853 -0.000057 0.006107 10 10 10
-0.017829 -0.000057 0.006099 10 10 10
-0.017829 -0.000057 0.006099 10 10 10
-0.017829 -0.000057 0.006099 10 10 10
-0.017837 -0.000057 0.006101 10 10 10
-0.018161 -0.000059 0.006213 10 10 10
-0.017805 -0.000057 0.006091 10 10 10
-0.017760 -0.000057 0.006075 10 10 10
-0.017730 -0.000057 0.006065 10 10 10
-0.017701 -0.000057 0.006055 10 10 10
-0.017701 -0.000057 0.006055 10 10 10
-0.017638 -0.000056 0.006034 10 10 10
-0.017631 -0.000056 0.006031 10 10 10
-0.017618 -0.000056 0.006027 10 10 10
-0.017618 -0.000056 0.006027 10 10 10
-0.017804 -0.000057 0.006091 10 10 10
-0.017804 -0.000057 0.006091 10 10 10
-0.017803 -0.000057 0.006091 10 10 10
-0.017811 -0.000057 0.006093 10 10 10
-0.017826 -0.000057 0.006099 10 10 10
-0.017818 -0.000057 0.006096 10 10 10
-0.017818 -0.000057 0.006096 10 10 10
-0.018302 -0.000059 0.006262 10 10 10
-0.018301 -0.000059 0.006262 10 10 10
-0.018269 -0.000059 0.006252 10 10 10
-0.018248 -0.000059 0.006244 10 10 10
-0.018167 -0.000059 0.006217 10 10 10
-0.018248 -0.000059 0.006244 10 10 10
-0.018157 -0.000059 0.006213 10 10 10
-0.018268 -0.000059 0.006252 10 10 10
-0.018258 -0.000059 0.006248 10 10 10
-0.018268 -0.000059 0.006252 10 10 10
-0.018257 -0.000059 0.006248 10 10 10
-0.018247 -0.000059 0.006244 10 10 10
-0.018257 -0.000059 0.006248 10 10 10
-0.017544 -0.000055 0.005991 10 10 10
-0.017544 -0.000055 0.005991 10 10 10
-0.017875 -0.000057 0.006104 10 10 10
-0.017875 -0.000057 0.006104 10 10 10
-0.017867 -0.000057 0.006101 10 10 10
-0.017828 -0.000057 0.006088 10 10 10
-0.017767 -0.000057 0.006068 10 10 10
-0.017737 -0.000056 0.006058 10 10 10
-0.017730 -0.000056 0.006055 10 10 10
-0.017723 -0.000056 0.006053 10 10 10
-0.017730 -0.000056 0.006055 10 10 10
-0.017744 -0.000056 0.006060 10 10 10
-0.018052 -0.000058 0.006165 10 10 10
-0.018052 -0.000058 0.006165 10 10 10
-0.017758 -0.000057 0.006065 10 10 10
-0.017686 -0.000056 0.006041 10 10 10
-0.017686 -0.000056 0.006041 10 10 10
-0.018106 -0.000058 0.006184 10 10 10
-0.018097 -0.000058 0.006180 10 10 10
-0.018096 -0.000058 0.006180 10 10 10
-0.018033 -0.000058 0.006159 10 10 10
-0.018032 -0.000058 0.006159 10 10 10
-0.018032 -0.000058 0.006159 10 10 10
-0.017997 -0.000058 0.006147 10 10 10
-0.017887 -0.000057 0.006110 10 10 10
-0.017879 -0.000057 0.006107 10 10 10
-0.017895 -0.000057 0.006112 10 10 10
-0.018040 -0.000058 0.006162 10 10 10
-0.018013 -0.000058 0.006153 10 10 10
-0.018013 -0.000058 0.006153 10 10 10
-0.018013 -0.000058 0.006153 10 10 10
-0.018447 -0.000060 0.006301 10 10 10
-0.018470 -0.000060 0.006309 10 10 10
-0.018470 -0.000060 0.006309 10 10 10
-0.018469 -0.000060 0.006309 10 10 10
-0.018130 -0.000058 0.006193 10 10 10
-0.017984 -0.000058 0.006144 10 10 10
-0.017761 -0.000057 0.006068 10 10 10
-0.017327 -0.000054 0.005920 10 10 10
-0.017291 -0.000054 0.005908 10 10 10
-0.017285 -0.000054 0.005906 10 10 10
-0.017311 -0.000054 0.005915 10 10 10
-0.017752 -0.000057 0.006065 10 10 10
-0.017752 -0.000057 0.006065 10 10 10
-0.017737 -0.000056 0.006060 10 10 10
-0.017716 -0.000056 0.006053 10 10 10
-0.018562 -0.000060 0.006341 10 10 10
-0.018612 -0.000061 0.006359 10 10 10
-0.018587 -0.000061 0.006350 10 10 10
-0.018501 -0.000060 0.006321 10 10 10
-0.018127 -0.000058 0.006193 10 10 10
-0.018127 -0.000058 0.006193 10 10 10
-0.018117 -0.000058 0.006190 10 10 10
-0.017604 -0.000056 0.006015 10 10 10
-0.017565 -0.000056 0.006002 10 10 10
-0.017559 -0.000056 0.006000 10 10 10
-0.017540 -0.000056 0.005994 10 10 10
-0.017533 -0.000055 0.005991 10 10 10
-0.017521 -0.000055 0.005987 10 10 10
-0.017521 -0.000055 0.005987 10 10 10
-0.017533 -0.000055 0.005991 10 10 10
-0.017705 -0.000056 0.006050 10 10 10
-0.018485 -0.000060 0.006317 10 10 10
-0.017705 -0.000056 0.006050 10 10 10
-0.018449 -0.000060 0.006305 10 10 10
-0.018608 -0.000061 0.006359 10 10 10
-0.018633 -0.000061 0.006367 10 10 10
-0.018646 -0.000061 0.006372 10 10 10
-0.018685 -0.000061 0.006385 10 10 10
-0.018190 -0.000059 0.006217 10 10 10
-0.018189 -0.000059 0.006217 10 10 10
-0.018179 -0.000059 0.006213 10 10 10
-0.017555 -0.000056 0.006000 10 10 10
-0.017536 -0.000056 0.005994 10 10 10
-0.017523 -0.000055 0.005989 10 10 10
-0.017505 -0.000055 0.005983 10 10 10
-0.017463 -0.000055 0.005969 10 10 10
-0.017451 -0.000055 0.005965 10 10 10
-0.017439 -0.000055 0.005961 10 10 10
-0.017439 -0.000055 0.005961 10 10 10
-0.018479 -0.000060 0.006317 10 10 10
-0.018479 -0.000060 0.006317 10 10 10
-0.018455 -0.000060 0.006309 10 10 10
-0.018409 -0.000060 0.006293 10 10 10
-0.018246 -0.000059 0.006237 10 10 10
-0.018206 -0.000059 0.006223 10 10 10
-0.018205 -0.000059 0.006223 10 10 10
-0.018256 -0.000059 0.006241 10 10 10
-0.018256 -0.000059 0.006241 10 10 10
-0.018266 -0.000059 0.006244 10 10 10
-0.018276 -0.000059 0.006248 10 10 10
-0.018276 -0.000059 0.006248 10 10 10
-0.018297 -0.000059 0.006255 10 10 10
-0.018560 -0.000060 0.006346 10 10 10
-0.018463 -0.000060 0.006313 10 10 10
-0.018360 -0.000060 0.006277 10 10 10
-0.018305 -0.000059 0.006259 10 10 10
-0.018305 -0.000059 0.006259 10 10 10
-0.018305 -0.000059 0.006259 10 10 10
-0.018283 -0.000059 0.006252 10 10 10
-0.017695 -0.000056 0.006050 10 10 10
-0.017688 -0.000056 0.006048 10 10 10
-0.017695 -0.000056 0.006050 10 10 10
-0.018047 -0.000058 0.006171 10 10 10
-0.018047 -0.000058 0.006171 10 10 10
-0.018002 -0.000058 0.006156 10 10 10
-0.017975 -0.000058 0.006147 10 10 10
-0.017967 -0.000058 0.006144 10 10 10
-0.017941 -0.000058 0.006135 10 10 10
-0.017924 -0.000057 0.006129 10 10 10
-0.017924 -0.000057 0.006129 10 10 10
-0.017924 -0.000057 0.006129 10 10 10
-0.017874 -0.000057 0.006112 10 10 10
-0.017874 -0.000057 0.006112 10 10 10
-0.017898 -0.000057 0.006121 10 10 10
-0.017882 -0.000057 0.006115 10 10 10
-0.017914 -0.000057 0.006126 10 10 10
-0.017742 -0.000057 0.006068 10 10 10
-0.017735 -0.000057 0.006065 10 10 10
-0.017734 -0.000057 0.006065 10 10 10
-0.017734 -0.000057 0.006065 10 10 10
-0.017727 -0.000056 0.006063 10 10 10
-0.017663 -0.000056 0.006041 10 10 10
-0.017656 -0.000056 0.006038 10 10 10
-0.018145 -0.000059 0.006206 10 10 10
-0.018145 -0.000059 0.006206 10 10 10
-0.018145 -0.000059 0.006206 10 10 10
-0.018308 -0.000059 0.006262 10 10 10
-0.018330 -0.000059 0.006270 10 10 10
-0.018329 -0.000059 0.006270 10 10 10
-0.018407 -0.000060 0.006297 10 10 10
-0.018407 -0.000060 0.006297 10 10 10
-0.017878 -0.000057 0.006115 10 10 10
-0.017862 -0.000057 0.006110 10 10 10
-0.017854 -0.000057 0.006107 10 10 10
-0.017853 -0.000057 0.006107 10 10 10
-0.017853 -0.000057 0.006107 10 10 10
-0.017829 -0.000057 0.006099 10 10 10
-0.017829 -0.000057 0.006099 10 10 10
-0.017837 -0.000057 0.006101 10 10 10
-0.018263 -0.000059 0.006248 10 10 10
-0.018284 -0.000059 0.006255 10 10 10
-0.018132 -0.000058 0.006203 10 10 10
-0.017828 -0.000057 0.006099 10 10 10
-0.017745 -0.000057 0.006070 10 10 10
-0.017723 -0.000056 0.006063 10 10 10
-0.017723 -0.000056 0.006063 10 10 10
-0.017645 -0.000056 0.006036 10 10 10
-0.017631 -0.000056 0.006031 10 10 10
-0.017618 -0.000056 0.006027 10 10 10
-0.017618 -0.000056 0.006027 10 10 10
-0.017638 -0.000056 0.006034 10 10 10
-0.017804 -0.000057 0.006091 10 10 10
-0.017803 -0.000057 0.006091 10 10 10
-0.017819 -0.000057 0.006096 10 10 10
-0.017834 -0.000057 0.006101 10 10 10
-0.017818 -0.000057 0.006096 10 10 10
-0.017818 -0.000057 0.006096 10 10 10
-0.017818 -0.000057 0.006096 10 10 10
-0.018270 -0.000059 0.006252 10 10 10
-0.018259 -0.000059 0.006248 10 10 10
-0.018238 -0.000059 0.006241 10 10 10
-0.018157 -0.000059 0.006213 10 10 10
-0.018227 -0.000059 0.006237 10 10 10
-0.018147 -0.000059 0.006210 10 10 10
-0.018268 -0.000059 0.006252 10 10 10
-0.018268 -0.000059 0.006252 10 10 10
-0.018279 -0.000059 0.006255 10 10 10
-0.018257 -0.000059 0.006248 10 10 10
-0.018247 -0.000059 0.006244 10 10 10
-0.018246 -0.000059 0.006244 10 10 10
-0.017538 -0.000055 0.005989 10 10 10
-0.017538 -0.000055 0.005989 10 10 10
-0.017867 -0.000057 0.006101 10 10 10
-0.017867 -0.000057 0.006101 10 10 10
-0.017851 -0.000057 0.006096 10 10 10
-0.017752 -0.000056 0.006063 10 10 10
-0.017738 -0.000056 0.006058 10 10 10
-0.017723 -0.000056 0.006053 10 10 10
-0.017723 -0.000056 0.006053 10 10 10
-0.017709 -0.000056 0.006048 10 10 10
-0.017708 -0.000056 0.006048 10 10 10
-0.017744 -0.000056 0.006060 10 10 10
-0.018052 -0.000058 0.006165 10 10 10
-0.018052 -0.000058 0.006165 10 10 10
-0.017780 -0.000056 0.006073 10 10 10
-0.017758 -0.000056 0.006065 10 10 10
-0.017998 -0.000057 0.006147 10 10 10
-0.018106 -0.000058 0.006184 10 10 10
-0.018097 -0.000058 0.006180 10 10 10
-0.018096 -0.000058 0.006180 10 10 10
-0.018060 -0.000058 0.006168 10 10 10
-0.018059 -0.000058 0.006168 10 10 10
-0.018059 -0.000058 0.006168 10 10 10
-0.018068 -0.000058 0.006171 10 10 10
-0.017979 -0.000057 0.006141 10 10 10
-0.017895 -0.000057 0.006112 10 10 10
-0.017903 -0.000057 0.006115 10 10 10
-0.018040 -0.000058 0.006162 10 10 10
-0.018013 -0.000058 0.006153 10 10 10
-0.018013 -0.000058 0.006153 10 10 10
-0.018013 -0.000058 0.006153 10 10 10
-0.018447 -0.000060 0.006301 10 10 10
-0.018458 -0.000060 0.006305 10 10 10
-0.018470 -0.000060 0.006309 10 10 10
-0.018092 -0.000058 0.006180 10 10 10
-0.017958 -0.000057 0.006135 10 10 10
-0.017291 -0.000054 0.005908 10 10 10
-0.017276 -0.000054 0.005902 10 10 10
-0.017271 -0.000054 0.005901 10 10 10
-0.017285 -0.000054 0.005906 10 10 10
-0.017752 -0.000056 0.006065 10 10 10
-0.017752 -0.000056 0.006065 10 10 10
-0.017737 -0.000056 0.006060 10 10 10
-0.017716 -0.000056 0.006053 10 10 10
-0.017744 -0.000056 0.006063 10 10 10
-0.018625 -0.000060 0.006363 10 10 10
-0.018638 -0.000061 0.006367 10 10 10
-0.018549 -0.000060 0.006337 10 10 10
-0.018127 -0.000058 0.006193 10 10 10
-0.018108 -0.000058 0.006187 10 10 10
-0.018089 -0.000058 0.006180 10 10 10
-0.018107 -0.000058 0.006187 10 10 10
-0.017604 -0.000056 0.006015 10 10 10
-0.017565 -0.000055 0.006002 10 10 10
-0.017559 -0.000055 0.006000 10 10 10
-0.017540 -0.000055 0.005994 10 10 10
-0.017533 -0.000055 0.005991 10 10 10
-0.017521 -0.000055 0.005987 10 10 10
-0.017521 -0.000055 0.005987 10 10 10
-0.017533 -0.000055 0.005991 10 10 10
-0.018497 -0.000060 0.006321 10 10 10
-0.018497 -0.000060 0.006321 10 10 10
-0.018461 -0.000060 0.006309 10 10 10
-0.018461 -0.000060 0.006309 10 10 10
-0.018633 -0.000061 0.006367 10 10 10
-0.018190 -0.000058 0.006217 10 10 10
-0.018199 -0.000058 0.006220 10 10 10
-0.018179 -0.000058 0.006213 10 10 10
-0.017555 -0.000055 0.006000 10 10 10
-0.017555 -0.000055 0.006000 10 10 10
-0.017529 -0.000055 0.005991 10 10 10
-0.017505 -0.000055 0.005983 10 10 10
-0.017463 -0.000055 0.005969 10 10 10
-0.017451 -0.000055 0.005965 10 10 10
-0.017439 -0.000055 0.005961 10 10 10
-0.017439 -0.000055 0.005961 10 10 10
-0.018479 -0.000060 0.006317 10 10 10
-0.018479 -0.000060 0.006317 10 10 10
-0.018467 -0.000060 0.006313 10 10 10
-0.018420 -0.000060 0.006297 10 10 10
-0.018299 -0.000059 0.006255 10 10 10
-0.018226 -0.000059 0.006230 10 10 10
-0.018226 -0.000059 0.006230 10 10 10
-0.018256 -0.000059 0.006241 10 10 10
-0.018266 -0.000059 0.006244 10 10 10
-0.018266 -0.000059 0.006244 10 10 10
-0.018266 -0.000059 0.006244 10 10 10
-0.018266 -0.000059 0.006244 10 10 10
-0.018297 -0.000059 0.006255 10 10 10
-0.018676 -0.000061 0.006385 10 10 10
-0.018649 -0.000061 0.006376 10 10 10
-0.018610 -0.000060 0.006363 10 10 10
-0.018498 -0.000060 0.006325 10 10 10
-0.018371 -0.000059 0.006281 10 10 10
-0.018305 -0.000059 0.006259 10 10 10
-0.018305 -0.000059 0.006259 10 10 10
-0.018305 -0.000059 0.006259 10 10 10
-0.017702 -0.000056 0.006053 10 10 10
-0.018131 -0.000058 0.006200 10 10 10
-0.018131 -0.000058 0.006200 10 10 10
-0.018121 -0.000058 0.006197 10 10 10
-0.018002 -0.000058 0.006156 10 10 10
-0.017967 -0.000057 0.006144 10 10 10
-0.017950 -0.000057 0.006138 10 10 10
-0.017916 -0.000057 0.006126 10 10 10
-0.017916 -0.000057 0.006126 10 10 10
-0.017924 -0.000057 0.006129 10 10 10
-0.017924 -0.000057 0.006129 10 10 10
-0.017940 -0.000057 0.006135 10 10 10
-0.017940 -0.000057 0.006135 10 10 10
-0.017915 -0.000057 0.006126 10 10 10
-0.017931 -0.000057 0.006132 10 10 10
-0.017749 -0.000056 0.006070 10 10 10
-0.017735 -0.000056 0.006065 10 10 10
-0.017734 -0.000056 0.006065 10 10 10
-0.017727 -0.000056 0.006063 10 10 10
-0.017727 -0.000056 0.006063 10 10 10
-0.017677 -0.000056 0.006046 10 10 10
-0.017649 -0.000056 0.006036 10 10 10
-0.017649 -0.000056 0.006036 10 10 10
-0.018145 -0.000058 0.006206 10 10 10
-0.018385 -0.000059 0.006289 10 10 10
-0.018330 -0.000059 0.006270 10 10 10
-0.018352 -0.000059 0.006277 10 10 10
-0.018351 -0.000059 0.006277 10 10 10
-0.018407 -0.000060 0.006297 10 10 10
-0.017878 -0.000057 0.006115 10 10 10
-0.017854 -0.000057 0.006107 10 10 10
-0.017854 -0.000057 0.006107 10 10 10
-0.017853 -0.000057 0.006107 10 10 10
-0.017853 -0.000057 0.006107 10 10 10
-0.017829 -0.000057 0.006099 10 10 10
-0.017829 -0.000057 0.006099 10 10 10
-0.017837 -0.000057 0.006101 10 10 10
-0.018263 -0.000059 0.006248 10 10 10
-0.018284 -0.000059 0.006255 10 10 10
-0.018161 -0.000058 0.006213 10 10 10
-0.017844 -0.000057 0.006104 10 10 10
-0.017767 -0.000057 0.006078 10 10 10
-0.017745 -0.000056 0.006070 10 10 10
-0.017666 -0.000056 0.006043 10 10 10
-0.017645 -0.000056 0.006036 10 10 10
-0.017624 -0.000056 0.006029 10 10 10
-0.017624 -0.000056 0.006029 10 10 10
-0.017631 -0.000056 0.006031 10 10 10
-0.017700 -0.000056 0.006055 10 10 10
-0.017729 -0.000056 0.006065 10 10 10
-0.017819 -0.000057 0.006096 10 10 10
-0.017834 -0.000057 0.006101 10 10 10
-0.017818 -0.000057 0.006096 10 10 10
-0.017818 -0.000057 0.006096 10 10 10
-0.017818 -0.000057 0.006096 10 10 10
-0.018259 -0.000059 0.006248 10 10 10
-0.018259 -0.000059 0.006248 10 10 10
-0.018228 -0.000059 0.006237 10 10 10
-0.018148 -0.000058 0.006210 10 10 10
-0.018147 -0.000058 0.006210 10 10 10
-0.018138 -0.000058 0.006206 10 10 10
-0.018279 -0.000059 0.006255 10 10 10
-0.018268 -0.000059 0.006252 10 10 10
-0.018279 -0.000059 0.006255 10 10 10
-0.018247 -0.000059 0.006244 10 10 10
-0.018247 -0.000059 0.006244 10 10 10
-0.018246 -0.000059 0.006244 10 10 10
-0.017532 -0.000055 0.005987 10 10 10
-0.017531 -0.000055 0.005987 10 10 10
-0.017760 -0.000056 0.006065 10 10 10
-0.017851 -0.000057 0.006096 10 10 10
-0.017760 -0.000056 0.006065 10 10 10
-0.017738 -0.000056 0.006058 10 10 10
-0.017730 -0.000056 0.006055 10 10 10
-0.017723 -0.000056 0.006053 10 10 10
-0.017723 -0.000056 0.006053 10 10 10
-0.017687 -0.000056 0.006041 10 10 10
-0.017687 -0.000056 0.006041 10 10 10
-0.018089 -0.000058 0.006177 10 10 10
-0.018089 -0.000058 0.006177 10 10 10
-0.018043 -0.000058 0.006162 10 10 10
-0.018025 -0.000057 0.006156 10 10 10
-0.018007 -0.000057 0.006150 10 10 10
-0.018007 -0.000057 0.006150 10 10 10
-0.018007 -0.000057 0.006150 10 10 10
-0.018060 -0.000058 0.006168 10 10 10
-0.018060 -0.000058 0.006168 10 10 10
-0.018060 -0.000058 0.006168 10 10 10
-0.018096 -0.000058 0.006180 10 10 10
-0.018096 -0.000058 0.006180 10 10 10
-0.018114 -0.000058 0.006187 10 10 10
-0.018005 -0.000057 0.006150 10 10 10
-0.017920 -0.000057 0.006121 10 10 10
-0.017920 -0.000057 0.006121 10 10 10
-0.017928 -0.000057 0.006124 10 10 10
-0.018005 -0.000057 0.006150 10 10 10
-0.018013 -0.000057 0.006153 10 10 10
-0.018013 -0.000057 0.006153 10 10 10
-0.018030 -0.000057 0.006159 10 10 10
-0.018435 -0.000059 0.006297 10 10 10
-0.018458 -0.000059 0.006305 10 10 10
-0.018458 -0.000059 0.006305 10 10 10
-0.017442 -0.000055 0.005959 10 10 10
-0.017466 -0.000055 0.005967 10 10 10
-0.017465 -0.000055 0.005967 10 10 10
-0.017985 -0.000057 0.006144 10 10 10
-0.017984 -0.000057 0.006144 10 10 10
-0.017958 -0.000057 0.006135 10 10 10
-0.017291 -0.000054 0.005908 10 10 10
-0.017276 -0.000054 0.005902 10 10 10
-0.017271 -0.000054 0.005901 10 10 10
-0.017843 -0.000057 0.006096 10 10 10
-0.017752 -0.000056 0.006065 10 10 10
-0.017752 -0.000056 0.006065 10 10 10
-0.017752 -0.000056 0.006065 10 10 10
-0.017737 -0.000056 0.006060 10 10 10
-0.017752 -0.000056 0.006065 10 10 10
-0.018625 -0.000060 0.006363 10 10 10
-0.018625 -0.000060 0.006363 10 10 10
-0.018127 -0.000058 0.006193 10 10 10
-0.018089 -0.000058 0.006180 10 10 10
-0.018052 -0.000058 0.006168 10 10 10
-0.018061 -0.000058 0.006171 10 10 10
-0.018052 -0.000058 0.006168 10 10 10
-0.017572 -0.000055 0.006004 10 10 10
-0.017565 -0.000055 0.006002 10 10 10
-0.017546 -0.000055 0.005996 10 10 10
-0.017540 -0.000055 0.005994 10 10 10
-0.017527 -0.000055 0.005989 10 10 10
-0.017527 -0.000055 0.005989 10 10 10
-0.017533 -0.000055 0.005991 10 10 10
-0.018485 -0.000060 0.006317 10 10 10
-0.018485 -0.000060 0.006317 10 10 10
-0.018461 -0.000060 0.006309 10 10 10
-0.018461 -0.000060 0.006309 10 10 10
-0.018150 -0.000058 0.006203 10 10 10
-0.017555 -0.000055 0.006000 10 10 10
-0.017555 -0.000055 0.006000 10 10 10
-0.017554 -0.000055 0.006000 10 10 10
-0.017529 -0.000055 0.005991 10 10 10
-0.017492 -0.000055 0.005979 10 10 10
-0.017451 -0.000055 0.005965 10 10 10
-0.017434 -0.000055 0.005959 10 10 10
-0.017433 -0.000055 0.005959 10 10 10
-0.018479 -0.000060 0.006317 10 10 10
-0.018479 -0.000060 0.006317 10 10 10
-0.018467 -0.000060 0.006313 10 10 10
-0.018444 -0.000059 0.006305 10 10 10
-0.018309 -0.000059 0.006259 10 10 10
-0.018246 -0.000059 0.006237 10 10 10
-0.018246 -0.000059 0.006237 10 10 10
-0.018267 -0.000059 0.006244 10 10 10
-0.018277 -0.000059 0.006248 10 10 10
-0.018266 -0.000059 0.006244 10 10 10
-0.018266 -0.000059 0.006244 10 10 10
-0.018276 -0.000059 0.006248 10 10 10
-0.018676 -0.000061 0.006385 10 10 10
-0.018649 -0.000060 0.006376 10 10 10
-0.018623 -0.000060 0.006367 10 10 10
-0.018510 -0.000060 0.006329 10 10 10
-0.018393 -0.000059 0.006289 10 10 10
-0.018305 -0.000059 0.006259 10 10 10
-0.018305 -0.000059 0.006259 10 10 10
-0.018305 -0.000059 0.006259 10 10 10
-0.018141 -0.000058 0.006203 10 10 10
-0.018131 -0.000058 0.006200 10 10 10
-0.018131 -0.000058 0.006200 10 10 10
-0.018121 -0.000058 0.006197 10 10 10
-0.018002 -0.000057 0.006156 10 10 10
-0.017950 -0.000057 0.006138 10 10 10
-0.017924 -0.000057 0.006129 10 10 10
-0.017891 -0.000057 0.006118 10 10 10
-0.017899 -0.000057 0.006121 10 10 10
-0.017899 -0.000057 0.006121 10 10 10
-0.017924 -0.000057 0.006129 10 10 10
-0.017957 -0.000057 0.006141 10 10 10
-0.017982 -0.000057 0.006150 10 10 10
-0.017735 -0.000056 0.006065 10 10 10
-0.017727 -0.000056 0.006063 10 10 10
-0.017727 -0.000056 0.006063 10 10 10
-0.017720 -0.000056 0.006060 10 10 10
-0.017677 -0.000056 0.006046 10 10 10
-0.017649 -0.000056 0.006036 10 10 10
-0.017649 -0.000056 0.006036 10 10 10
-0.018155 -0.000058 0.006210 10 10 10
-0.018408 -0.000059 0.006297 10 10 10
-0.018385 -0.000059 0.006289 10 10 10
-0.018385 -0.000059 0.006289 10 10 10
-0.018396 -0.000059 0.006293 10 10 10
-0.018407 -0.000059 0.006297 10 10 10
-0.017878 -0.000057 0.006115 10 10 10
-0.017854 -0.000057 0.006107 10 10 10
-0.017862 -0.000057 0.006110 10 10 10
-0.017861 -0.000057 0.006110 10 10 10
-0.017861 -0.000057 0.006110 10 10 10
-0.017829 -0.000057 0.006099 10 10 10
-0.017829 -0.000057 0.006099 10 10 10
-0.017837 -0.000057 0.006101 10 10 10
-0.018242 -0.000059 0.006241 10 10 10
-0.018263 -0.000059 0.006248 10 10 10
-0.017876 -0.000057 0.006115 10 10 10
-0.017852 -0.000057 0.006107 10 10 10
-0.017844 -0.000057 0.006104 10 10 10
-0.017767 -0.000056 0.006078 10 10 10
-0.017652 -0.000056 0.006038 10 10 10
-0.017624 -0.000056 0.006029 10 10 10
-0.017624 -0.000056 0.006029 10 10 10
-0.017631 -0.000056 0.006031 10 10 10
-0.017679 -0.000056 0.006048 10 10 10
-0.017700 -0.000056 0.006055 10 10 10
-0.017811 -0.000057 0.006093 10 10 10
-0.017826 -0.000057 0.006099 10 10 10
-0.017818 -0.000057 0.006096 10 10 10
-0.017818 -0.000057 0.006096 10 10 10
-0.017818 -0.000057 0.006096 10 10 10
-0.017818 -0.000057 0.006096 10 10 10
-0.018148 -0.000058 0.006210 10 10 10
-0.018228 -0.000059 0.006237 10 10 10
-0.018138 -0.000058 0.006206 10 10 10
-0.018128 -0.000058 0.006203 10 10 10
-0.018128 -0.000058 0.006203 10 10 10
-0.018268 -0.000059 0.006252 10 10 10
-0.018279 -0.000059 0.006255 10 10 10
-0.018279 -0.000059 0.006255 10 10 10
-0.018268 -0.000059 0.006252 10 10 10
-0.018247 -0.000059 0.006244 10 10 10
-0.018246 -0.000059 0.006244 10 10 10
-0.017538 -0.000055 0.005989 10 10 10
-0.017538 -0.000055 0.005989 10 10 10
-0.017634 -0.000055 0.006022 10 10 10
-0.017760 -0.000056 0.006065 10 10 10
-0.017738 -0.000056 0.006058 10 10 10
-0.017731 -0.000056 0.006055 10 10 10
-0.017723 -0.000056 0.006053 10 10 10
-0.017716 -0.000056 0.006050 10 10 10
-0.017716 -0.000056 0.006050 10 10 10
-0.017674 -0.000056 0.006036 10 10 10
-0.017673 -0.000056 0.006036 10 10 10
-0.018098 -0.000058 0.006180 10 10 10
-0.018098 -0.000058 0.006180 10 10 10
-0.018025 -0.000057 0.006156 10 10 10
-0.018025 -0.000057 0.006156 10 10 10
-0.018007 -0.000057 0.006150 10 10 10
-0.018007 -0.000057 0.006150 10 10 10
-0.017980 -0.000057 0.006141 10 10 10
-0.017980 -0.000057 0.006141 10 10 10
-0.018033 -0.000057 0.006159 10 10 10
-0.018060 -0.000057 0.006168 10 10 10
-0.018096 -0.000058 0.006180 10 10 10
-0.018105 -0.000058 0.006184 10 10 10
-0.017928 -0.000057 0.006124 10 10 10
-0.017928 -0.000057 0.006124 10 10 10
-0.017928 -0.000057 0.006124 10 10 10
-0.017936 -0.000057 0.006126 10 10 10
-0.017996 -0.000057 0.006147 10 10 10
-0.018013 -0.000057 0.006153 10 10 10
-0.018030 -0.000057 0.006159 10 10 10
-0.018435 -0.000059 0.006297 10 10 10
-0.018447 -0.000059 0.006301 10 10 10
-0.018012 -0.000057 0.006153 10 10 10
-0.017443 -0.000055 0.005959 10 10 10
-0.017442 -0.000055 0.005959 10 10 10
-0.017877 -0.000057 0.006107 10 10 10
-0.017877 -0.000057 0.006107 10 10 10
-0.017959 -0.000057 0.006135 10 10 10
-0.017959 -0.000057 0.006135 10 10 10
-0.017967 -0.000057 0.006138 10 10 10
-0.018001 -0.000057 0.006150 10 10 10
-0.018001 -0.000057 0.006150 10 10 10
-0.018010 -0.000057 0.006153 10 10 10
-0.018073 -0.000057 0.006174 10 10 10
-0.017875 -0.000057 0.006107 10 10 10
-0.017752 -0.000056 0.006065 10 10 10
-0.017752 -0.000056 0.006065 10 10 10
-0.017752 -0.000056 0.006065 10 10 10
-0.017752 -0.000056 0.006065 10 10 10
-0.017759 -0.000056 0.006068 10 10 10
-0.018117 -0.000058 0.006190 10 10 10
-0.018062 -0.000057 0.006171 10 10 10
-0.018052 -0.000057 0.006168 10 10 10
-0.018043 -0.000057 0.006165 10 10 10
-0.018034 -0.000057 0.006162 10 10 10
-0.018034 -0.000057 0.006162 10 10 10
-0.017604 -0.000055 0.006015 10 10 10
-0.017552 -0.000055 0.005998 10 10 10
-0.017552 -0.000055 0.005998 10 10 10
-0.017539 -0.000055 0.005994 10 10 10
-0.017533 -0.000055 0.005991 10 10 10
-0.018486 -0.000059 0.006317 10 10 10
-0.018485 -0.000059 0.006317 10 10 10
-0.018462 -0.000059 0.006309 10 10 10
-0.018415 -0.000059 0.006293 10 10 10
-0.018415 -0.000059 0.006293 10 10 10
-0.017555 -0.000055 0.006000 10 10 10
-0.017555 -0.000055 0.006000 10 10 10
-0.017555 -0.000055 0.006000 10 10 10
-0.017561 -0.000055 0.006002 10 10 10
-0.017548 -0.000055 0.005998 10 10 10
-0.017511 -0.000055 0.005985 10 10 10
-0.017492 -0.000055 0.005979 10 10 10
-0.017451 -0.000055 0.005965 10 10 10
-0.018516 -0.000060 0.006329 10 10 10
-0.018479 -0.000059 0.006317 10 10 10
-0.018491 -0.000059 0.006321 10 10 10
-0.018479 -0.000059 0.006317 10 10 10
-0.018444 -0.000059 0.006305 10 10 10
-0.018309 -0.000059 0.006259 10 10 10
-0.018257 -0.000058 0.006241 10 10 10
-0.018256 -0.000058 0.006241 10 10 10
-0.018277 -0.000058 0.006248 10 10 10
-0.018287 -0.000059 0.006252 10 10 10
-0.018277 -0.000058 0.006248 10 10 10
-0.018287 -0.000059 0.006252 10 10 10
-0.018297 -0.000059 0.006255 10 10 10
-0.018689 -0.000060 0.006390 10 10 10
-0.018662 -0.000060 0.006381 10 10 10
-0.018636 -0.000060 0.006372 10 10 10
-0.018510 -0.000060 0.006329 10 10 10
-0.018416 -0.000059 0.006297 10 10 10
-0.018305 -0.000059 0.006259 10 10 10
-0.018294 -0.000059 0.006255 10 10 10
-0.018294 -0.000059 0.006255 10 10 10
-0.018220 -0.000058 0.006230 10 10 10
-0.018220 -0.000058 0.006230 10 10 10
-0.018141 -0.000058 0.006203 10 10 10
-0.018131 -0.000058 0.006200 10 10 10
-0.018131 -0.000058 0.006200 10 10 10
-0.018002 -0.000057 0.006156 10 10 10
-0.017933 -0.000057 0.006132 10 10 10
-0.017899 -0.000057 0.006121 10 10 10
-0.017875 -0.000057 0.006112 10 10 10
-0.017891 -0.000057 0.006118 10 10 10
-0.017891 -0.000057 0.006118 10 10 10
-0.017899 -0.000057 0.006121 10 10 10
-0.017735 -0.000056 0.006065 10 10 10
-0.017727 -0.000056 0.006063 10 10 10
-0.017720 -0.000056 0.006060 10 10 10
-0.017720 -0.000056 0.006060 10 10 10
-0.017677 -0.000056 0.006046 10 10 10
-0.017649 -0.000056 0.006036 10 10 10
-0.017649 -0.000056 0.006036 10 10 10
-0.018408 -0.000059 0.006297 10 10 10
-0.018408 -0.000059 0.006297 10 10 10
-0.018407 -0.000059 0.006297 10 10 10
-0.018407 -0.000059 0.006297 10 10 10
-0.018407 -0.000059 0.006297 10 10 10
-0.018362 -0.000059 0.006281 10 10 10
-0.017878 -0.000057 0.006115 10 10 10
-0.017854 -0.000057 0.006107 10 10 10
-0.017878 -0.000057 0.006115 10 10 10
-0.017869 -0.000057 0.006112 10 10 10
-0.017861 -0.000057 0.006110 10 10 10
-0.017845 -0.000057 0.006104 10 10 10
-0.017837 -0.000057 0.006101 10 10 10
-0.017845 -0.000057 0.006104 10 10 10
-0.017845 -0.000057 0.006104 10 10 10
-0.017876 -0.000057 0.006115 10 10 10
-0.017852 -0.000057 0.006107 10 10 10
-0.017852 -0.000057 0.006107 10 10 10
-0.017852 -0.000057 0.006107 10 10 10
-0.018103 -0.000058 0.006193 10 10 10
-0.017679 -0.000056 0.006048 10 10 10
-0.017638 -0.000056 0.006034 10 10 10
-0.017638 -0.000056 0.006034 10 10 10
-0.017638 -0.000056 0.006034 10 10 10
-0.017651 -0.000056 0.006038 10 10 10
-0.017651 -0.000056 0.006038 10 10 10
-0.017765 -0.000056 0.006078 10 10 10
-0.017818 -0.000056 0.006096 10 10 10
-0.017818 -0.000056 0.006096 10 10 10
-0.017818 -0.000056 0.006096 10 10 10
-0.017818 -0.000056 0.006096 10 10 10
-0.017818 -0.000056 0.006096 10 10 10
-0.018138 -0.000058 0.006206 10 10 10
-0.018228 -0.000058 0.006237 10 10 10
-0.018138 -0.000058 0.006206 10 10 10
-0.018128 -0.000058 0.006203 10 10 10
-0.018035 -0.000057 0.006171 10 10 10
-0.018035 -0.000057 0.006171 10 10 10
-0.018258 -0.000058 0.006248 10 10 10
-0.018279 -0.000059 0.006255 10 10 10
-0.018268 -0.000059 0.006252 10 10 10
-0.018268 -0.000059 0.006252 10 10 10
-0.018267 -0.000059 0.006252 10 10 10
-0.017544 -0.000055 0.005991 10 10 10
-0.017544 -0.000055 0.005991 10 10 10
-0.017634 -0.000055 0.006022 10 10 10
-0.017724 -0.000056 0.006053 10 10 10
-0.017724 -0.000056 0.006053 10 10 10
-0.017723 -0.000056 0.006053 10 10 10
-0.017716 -0.000056 0.006050 10 10 10
-0.017702 -0.000056 0.006046 10 10 10
-0.017702 -0.000056 0.006046 10 10 10
-0.017674 -0.000055 0.006036 10 10 10
-0.017673 -0.000055 0.006036 10 10 10
-0.018098 -0.000057 0.006180 10 10 10
-0.018070 -0.000057 0.006171 10 10 10
-0.018016 -0.000057 0.006153 10 10 10
-0.018007 -0.000057 0.006150 10 10 10
-0.017972 -0.000057 0.006138 10 10 10
-0.017972 -0.000057 0.006138 10 10 10
-0.017972 -0.000057 0.006138 10 10 10
-0.017972 -0.000057 0.006138 10 10 10
-0.018033 -0.000057 0.006159 10 10 10
-0.018060 -0.000057 0.006168 10 10 10
-0.018096 -0.000057 0.006180 10 10 10
-0.018134 -0.000058 0.006193 10 10 10
-0.017928 -0.000057 0.006124 10 10 10
-0.017928 -0.000057 0.006124 10 10 10
-0.017936 -0.000057 0.006126 10 10 10
-0.017996 -0.000057 0.006147 10 10 10
-0.018004 -0.000057 0.006150 10 10 10
-0.018022 -0.000057 0.006156 10 10 10
-0.018004 -0.000057 0.006150 10 10 10
-0.018021 -0.000057 0.006156 10 10 10
-0.018012 -0.000057 0.006153 10 10 10
-0.017437 -0.000054 0.005957 10 10 10
-0.017437 -0.000054 0.005957 10 10 10
-0.017877 -0.000056 0.006107 10 10 10
-0.017877 -0.000056 0.006107 10 10 10
-0.017959 -0.000057 0.006135 10 10 10
-0.018002 -0.000057 0.006150 10 10 10
-0.018010 -0.000057 0.006153 10 10 10
-0.018010 -0.000057 0.006153 10 10 10
-0.018064 -0.000057 0.006171 10 10 10
-0.018082 -0.000057 0.006177 10 10 10
-0.018063 -0.000057 0.006171 10 10 10
-0.017745 -0.000056 0.006063 10 10 10
-0.017745 -0.000056 0.006063 10 10 10
-0.017752 -0.000056 0.006065 10 10 10
-0.017752 -0.000056 0.006065 10 10 10
-0.017759 -0.000056 0.006068 10 10 10
-0.018108 -0.000057 0.006187 10 10 10
-0.018052 -0.000057 0.006168 11 11 11
-0.018043 -0.000057 0.006165 10 10 10
-0.018043 -0.000057 0.006165 10 10 10
-0.018034 -0.000057 0.006162 10 10 10
-0.018034 -0.000057 0.006162 10 10 10
-0.017637 -0.000055 0.006027 10 10 10
-0.017578 -0.000055 0.006007 10 10 10
-0.017610 -0.000055 0.006018 10 10 10
-0.017577 -0.000055 0.006007 10 10 10
-0.018371 -0.000059 0.006277 10 10 10
-0.018439 -0.000059 0.006301 10 10 10
-0.018439 -0.000059 0.006301 10 10 10
-0.018438 -0.000059 0.006301 10 10 10
-0.018381 -0.000059 0.006281 10 10 10
-0.018381 -0.000059 0.006281 10 10 10
-0.017549 -0.000055 0.005998 10 10 10
-0.017548 -0.000055 0.005998 10 10 10
-0.017561 -0.000055 0.006002 10 10 10
-0.017567 -0.000055 0.006004 10 10 10
-0.017586 -0.000055 0.006011 10 10 10
-0.017567 -0.000055 0.006004 10 10 10
-0.017535 -0.000055 0.005994 10 10 10
-0.017504 -0.000055 0.005983 10 10 10
-0.018528 -0.000059 0.006333 10 10 10
-0.018491 -0.000059 0.006321 10 10 10
-0.018491 -0.000059 0.006321 10 10 10
-0.018479 -0.000059 0.006317 10 10 10
-0.018444 -0.000059 0.006305 10 10 10
-0.018309 -0.000058 0.006259 10 10 10
-0.018257 -0.000058 0.006241 10 10 10
-0.018256 -0.000058 0.006241 10 10 10
-0.018330 -0.000059 0.006266 10 10 10
-0.018330 -0.000059 0.006266 10 10 10
-0.018319 -0.000058 0.006262 10 10 10
-0.018308 -0.000058 0.006259 10 10 10
-0.018308 -0.000058 0.006259 10 10 10
-0.018828 -0.000061 0.006437 10 10 10
-0.018689 -0.000060 0.006390 10 10 10
-0.018662 -0.000060 0.006381 10 10 10
-0.018610 -0.000060 0.006363 10 10 10
-0.018510 -0.000059 0.006329 10 10 10
-0.018416 -0.000059 0.006297 10 10 10
-0.018295 -0.000058 0.006255 10 10 10
-0.018273 -0.000058 0.006248 10 10 10
-0.018294 -0.000058 0.006255 10 10 10
-0.017536 -0.000055 0.005996 10 10 10
-0.018220 -0.000058 0.006230 10 10 10
-0.018141 -0.000058 0.006203 10 10 10
-0.018141 -0.000058 0.006203 10 10 10
-0.018141 -0.000058 0.006203 10 10 10
-0.018140 -0.000058 0.006203 10 10 10
-0.018140 -0.000058 0.006203 10 10 10
-0.018002 -0.000057 0.006156 10 10 10
-0.017933 -0.000057 0.006132 10 10 10
-0.017891 -0.000057 0.006118 10 10 10
-0.017875 -0.000056 0.006112 10 10 10
-0.017891 -0.000057 0.006118 10 10 10
-0.017883 -0.000057 0.006115 10 10 10
-0.017891 -0.000057 0.006118 10 10 10
-0.017957 -0.000057 0.006141 10 10 10
-0.017735 -0.000056 0.006065 10 10 10
-0.017727 -0.000056 0.006063 10 10 10
-0.017720 -0.000056 0.006060 10 10 10
-0.017712 -0.000056 0.006058 10 10 10
-0.017677 -0.000056 0.006046 10 10 10
-0.017656 -0.000055 0.006038 10 10 10
-0.017649 -0.000055 0.006036 10 10 10
-0.017656 -0.000055 0.006038 10 10 10
-0.018443 -0.000059 0.006309 10 10 10
-0.018431 -0.000059 0.006305 10 10 10
-0.018408 -0.000059 0.006297 10 10 10
-0.018407 -0.000059 0.006297 10 10 10
-0.018407 -0.000059 0.006297 10 10 10
-0.018407 -0.000059 0.006297 10 10 10
-0.018362 -0.000059 0.006281 10 10 10
-0.018318 -0.000059 0.006266 10 10 10
-0.017878 -0.000057 0.006115 10 10 10
-0.017878 -0.000057 0.006115 10 10 10
-0.017886 -0.000057 0.006118 10 10 10
-0.017869 -0.000056 0.006112 10 10 10
-0.017869 -0.000056 0.006112 10 10 10
-0.017853 -0.000056 0.006107 10 10 10
-0.017853 -0.000056 0.006107 10 10 10
-0.017837 -0.000056 0.006101 10 10 10
-0.017837 -0.000056 0.006101 10 10 10
-0.017844 -0.000056 0.006104 10 10 10
-0.017844 -0.000056 0.006104 10 10 10
-0.017852 -0.000056 0.006107 10 10 10
-0.018103 -0.000058 0.006193 10 10 10
-0.018103 -0.000058 0.006193 10 10 10
-0.018230 -0.000058 0.006237 10 10 10
-0.018230 -0.000058 0.006237 10 10 10
-0.017652 -0.000055 0.006038 10 10 10
-0.017651 -0.000055 0.006038 10 10 10
-0.017644 -0.000055 0.006036 10 10 10
-0.017651 -0.000055 0.006038 10 10 10
-0.017651 -0.000055 0.006038 10 10 10
-0.017714 -0.000056 0.006060 11 11 11
-0.017765 -0.000056 0.006078 10 10 10
-0.017788 -0.000056 0.006086 10 10 10
-0.017803 -0.000056 0.006091 10 10 10
-0.017810 -0.000056 0.006093 10 10 10
-0.017826 -0.000056 0.006099 10 10 10
-0.017849 -0.000056 0.006107 10 10 10
-0.018228 -0.000058 0.006237 10 10 10
-0.018119 -0.000058 0.006200 10 10 10
-0.018026 -0.000057 0.006168 10 10 10
-0.018026 -0.000057 0.006168 10 10 10
-0.018025 -0.000057 0.006168 10 10 10
-0.018227 -0.000058 0.006237 10 10 10
-0.018268 -0.000058 0.006252 10 10 10
-0.018278 -0.000058 0.006255 10 10 10
-0.018278 -0.000058 0.006255 10 10 10
-0.018278 -0.000058 0.006255 10 10 10
-0.017550 -0.000055 0.005994 10 10 10
-0.017550 -0.000055 0.005994 10 10 10
-0.017647 -0.000055 0.006027 10 10 10
-0.017717 -0.000055 0.006050 10 10 10
-0.017724 -0.000056 0.006053 10 10 10
-0.017723 -0.000056 0.006053 10 10 10
-0.017702 -0.000055 0.006046 10 10 10
-0.017702 -0.000055 0.006046 10 10 10
-0.017702 -0.000055 0.006046 10 10 10
-0.017701 -0.000055 0.006046 10 10 10
-0.018175 -0.000058 0.006206 10 10 10
-0.018174 -0.000058 0.006206 10 10 10
-0.018052 -0.000057 0.006165 10 10 10
-0.018007 -0.000057 0.006150 10 10 10
-0.017881 -0.000056 0.006107 10 10 10
-0.017881 -0.000056 0.006107 10 10 10
-0.017972 -0.000057 0.006138 10 10 10
-0.017972 -0.000057 0.006138 10 10 10
-0.017989 -0.000057 0.006144 10 10 10
-0.018033 -0.000057 0.006159 10 10 10
-0.018050 -0.000057 0.006165 10 10 10
-0.018068 -0.000057 0.006171 10 10 10
-0.018134 -0.000057 0.006193 10 10 10
-0.017979 -0.000057 0.006141 10 10 10
-0.017953 -0.000057 0.006132 10 10 10
-0.017978 -0.000057 0.006141 10 10 10
-0.017996 -0.000057 0.006147 10 10 10
-0.018004 -0.000057 0.006150 10 10 10
-0.018004 -0.000057 0.006150 10 10 10
-0.017995 -0.000057 0.006147 10 10 10
-0.017995 -0.000057 0.006147 10 10 10
-0.018021 -0.000057 0.006156 10 10 10
-0.018021 -0.000057 0.006156 10 10 10
-0.018003 -0.000057 0.006150 10 10 10
-0.017869 -0.000056 0.006104 10 10 10
-0.017869 -0.000056 0.006104 10 10 10
-0.017869 -0.000056 0.006104 10 10 10
-0.017845 -0.000056 0.006096 10 10 10
-0.017942 -0.000057 0.006129 10 10 10
-0.017967 -0.000057 0.006138 10 10 10
-0.017993 -0.000057 0.006147 10 10 10
-0.018010 -0.000057 0.006153 10 10 10
-0.018010 -0.000057 0.006153 10 10 10
-0.018054 -0.000057 0.006168 10 10 10
-0.018063 -0.000057 0.006171 10 10 10
-0.018063 -0.000057 0.006171 10 10 10
-0.017745 -0.000056 0.006063 10 10 10
-0.017745 -0.000056 0.006063 10 10 10
-0.017759 -0.000056 0.006068 10 10 10
-0.017759 -0.000056 0.006068 10 10 10
-0.017766 -0.000056 0.006070 10 10 10
-0.018053 -0.000057 0.006168 10 10 10
-0.018043 -0.000057 0.006165 10 10 10
-0.018034 -0.000057 0.006162 10 10 10
-0.018043 -0.000057 0.006165 10 10 10
-0.018043 -0.000057 0.006165 10 10 10
-0.018034 -0.000057 0.006162 10 10 10
-0.018016 -0.000057 0.006156 10 10 10
-0.017644 -0.000055 0.006029 10 10 10
-0.017610 -0.000055 0.006018 10 10 10
-0.017637 -0.000055 0.006027 10 10 10
-0.018394 -0.000059 0.006285 10 10 10
-0.018439 -0.000059 0.006301 10 10 10
-0.018439 -0.000059 0.006301 10 10 10
-0.018427 -0.000059 0.006297 10 10 10
-0.018415 -0.000059 0.006293 10 10 10
-0.018370 -0.000058 0.006277 10 10 10
-0.018370 -0.000058 0.006277 10 10 10
-0.017542 -0.000055 0.005996 10 10 10
-0.017542 -0.000055 0.005996 10 10 10
-0.017555 -0.000055 0.006000 10 10 10
-0.017593 -0.000055 0.006013 10 10 10
-0.017599 -0.000055 0.006015 10 10 10
-0.017612 -0.000055 0.006020 10 10 10
-0.018628 -0.000060 0.006367 10 10 10
-0.018654 -0.000060 0.006376 10 10 10
-0.018615 -0.000060 0.006363 10 10 10
-0.018515 -0.000059 0.006329 10 10 10
-0.018503 -0.000059 0.006325 10 10 10
-0.018491 -0.000059 0.006321 10 10 10
-0.018455 -0.000059 0.006309 10 10 10
-0.018299 -0.000058 0.006255 10 10 10
-0.018257 -0.000058 0.006241 10 10 10
-0.018331 -0.000058 0.006266 10 10 10
-0.018443 -0.000059 0.006305 10 10 10
-0.018419 -0.000059 0.006297 10 10 10
-0.018419 -0.000059 0.006297 10 10 10
-0.018408 -0.000059 0.006293 10 10 10
-0.018407 -0.000059 0.006293 10 10 10
-0.018828 -0.000061 0.006437 10 10 10
-0.018689 -0.000060 0.006390 10 10 10
-0.018662 -0.000060 0.006381 10 10 10
-0.018610 -0.000060 0.006363 10 10 10
-0.018610 -0.000060 0.006363 10 10 10
-0.018510 -0.000059 0.006329 10 10 10
-0.018393 -0.000059 0.006289 10 10 10
-0.017648 -0.000055 0.006034 10 10 10
-0.017648 -0.000055 0.006034 10 10 10
-0.017620 -0.000055 0.006024 10 10 10
-0.017600 -0.000055 0.006018 10 10 10
-0.017536 -0.000055 0.005996 10 10 10
-0.018220 -0.000058 0.006230 10 10 10
-0.018220 -0.000058 0.006230 10 10 10
-0.018180 -0.000058 0.006217 10 10 10
-0.018141 -0.000057 0.006203 10 10 10
-0.018140 -0.000057 0.006203 10 10 10
-0.018140 -0.000057 0.006203 10 10 10
-0.018140 -0.000057 0.006203 10 10 10
-0.017941 -0.000057 0.006135 10 10 10
-0.017891 -0.000056 0.006118 10 10 10
-0.017867 -0.000056 0.006110 10 10 10
-0.017883 -0.000056 0.006115 10 10 10
-0.017875 -0.000056 0.006112 10 10 10
-0.017891 -0.000056 0.006118 10 10 10
-0.017940 -0.000057 0.006135 11 11 11
-0.017735 -0.000056 0.006065 10 10 10
-0.017727 -0.000056 0.006063 10 10 10
-0.017720 -0.000056 0.006060 10 10 10
-0.017712 -0.000056 0.006058 10 10 10
-0.017712 -0.000056 0.006058 10 10 10
-0.017670 -0.000055 0.006043 10 10 10
-0.017656 -0.000055 0.006038 10 10 10
-0.018455 -0.000059 0.006313 10 10 10
-0.018454 -0.000059 0.006313 10 10 10
-0.018442 -0.000059 0.006309 10 10 10
-0.018363 -0.000059 0.006281 10 10 10
-0.018362 -0.000059 0.006281 10 10 10
-0.018419 -0.000059 0.006301 10 10 10
-0.018362 -0.000059 0.006281 10 10 10
-0.018351 -0.000058 0.006277 10 10 10
-0.018339 -0.000058 0.006274 10 10 10
-0.018328 -0.000058 0.006270 10 10 10
-0.018005 -0.000057 0.006159 10 10 10
-0.017944 -0.000057 0.006138 10 10 10
-0.017894 -0.000056 0.006121 10 10 10
-0.017902 -0.000056 0.006124 10 10 10
-0.017869 -0.000056 0.006112 10 10 10
-0.017861 -0.000056 0.006110 10 10 10
-0.017837 -0.000056 0.006101 10 10 10
-0.017837 -0.000056 0.006101 10 10 10
-0.017844 -0.000056 0.006104 10 10 10
-0.017844 -0.000056 0.006104 10 10 10
-0.017844 -0.000056 0.006104 10 10 10
-0.018103 -0.000057 0.006193 10 10 10
-0.018103 -0.000057 0.006193 10 10 10
-0.018220 -0.000058 0.006234 10 10 10
-0.018230 -0.000058 0.006237 10 10 10
-0.018140 -0.000058 0.006206 10 10 10
-0.017700 -0.000056 0.006055 10 10 10
-0.017651 -0.000055 0.006038 10 10 10
-0.017658 -0.000055 0.006041 10 10 10
-0.017658 -0.000055 0.006041 10 10 10
-0.017707 -0.000056 0.006058 10 10 10
-0.017714 -0.000056 0.006060 10 10 10
-0.017735 -0.000056 0.006068 10 10 10
-0.017803 -0.000056 0.006091 10 10 10
-0.017826 -0.000056 0.006099 10 10 10
-0.017857 -0.000056 0.006110 10 10 10
-0.017897 -0.000056 0.006124 10 10 10
-0.017865 -0.000056 0.006112 10 10 10
-0.017964 -0.000057 0.006147 10 10 10
-0.017990 -0.000057 0.006156 10 10 10
-0.018017 -0.000057 0.006165 10 10 10
-0.018186 -0.000058 0.006223 10 10 10
-0.018257 -0.000058 0.006248 10 10 10
-0.018268 -0.000058 0.006252 10 10 10
-0.018289 -0.000058 0.006259 10 10 10
-0.018289 -0.000058 0.006259 10 10 10
-0.017575 -0.000055 0.006002 10 10 10
-0.017575 -0.000055 0.006002 10 10 10
-0.017661 -0.000055 0.006031 10 10 10
-0.017717 -0.000055 0.006050 10 10 10
-0.017716 -0.000055 0.006050 10 10 10
-0.017716 -0.000055 0.006050 10 10 10
-0.017702 -0.000055 0.006046 10 10 10
-0.017702 -0.000055 0.006046 10 10 10
-0.017702 -0.000055 0.006046 10 10 10
-0.018204 -0.000057 0.006217 10 10 10
-0.018194 -0.000057 0.006213 10 10 10
-0.018016 -0.000057 0.006153 10 10 10
-0.017990 -0.000057 0.006144 10 10 10
-0.017881 -0.000056 0.006107 10 10 10
-0.017881 -0.000056 0.006107 10 10 10
-0.017972 -0.000056 0.006138 11 11 11
-0.017980 -0.000056 0.006141 11 11 11
-0.018006 -0.000057 0.006150 10 10 10
-0.018033 -0.000057 0.006159 10 10 10
-0.018050 -0.000057 0.006165 10 10 10
-0.018134 -0.000057 0.006193 10 10 10
-0.018143 -0.000057 0.006197 10 10 10
-0.018315 -0.000058 0.006255 10 10 10
-0.017996 -0.000057 0.006147 10 10 10
-0.017996 -0.000057 0.006147 10 10 10
-0.018013 -0.000057 0.006153 10 10 10
-0.018004 -0.000057 0.006150 10 10 10
-0.017995 -0.000057 0.006147 10 10 10
-0.017995 -0.000057 0.006147 10 10 10
-0.017995 -0.000057 0.006147 10 10 10
-0.017869 -0.000056 0.006104 10 10 10
-0.017861 -0.000056 0.006101 10 10 10
-0.017861 -0.000056 0.006101 10 10 10
-0.017868 -0.000056 0.006104 10 10 10
-0.017942 -0.000056 0.006129 10 10 10
-0.017984 -0.000057 0.006144 10 10 10
-0.017993 -0.000057 0.006147 10 10 10
-0.018010 -0.000057 0.006153 10 10 10
-0.018010 -0.000057 0.006153 10 10 10
-0.018036 -0.000057 0.006162 10 10 10
-0.018063 -0.000057 0.006171 10 10 10
-0.017774 -0.000056 0.006073 10 10 10
-0.017774 -0.000056 0.006073 10 10 10
-0.018071 -0.000057 0.006174 10 10 10
-0.018071 -0.000057 0.006174 10 10 10
-0.018071 -0.000057 0.006174 10 10 10
-0.018026 -0.000057 0.006159 10 10 10
-0.018025 -0.000057 0.006159 10 10 10
-0.018025 -0.000057 0.006159 10 10 10
-0.018043 -0.000057 0.006165 10 10 10
-0.018043 -0.000057 0.006165 10 10 10
-0.018043 -0.000057 0.006165 10 10 10
-0.018016 -0.000057 0.006156 10 10 10
-0.017651 -0.000055 0.006031 10 10 10
-0.017650 -0.000055 0.006031 10 10 10
-0.017650 -0.000055 0.006031 10 10 10
-0.018439 -0.000059 0.006301 10 10 10
-0.018393 -0.000058 0.006285 10 10 10
-0.018371 -0.000058 0.006277 10 10 10
-0.018382 -0.000058 0.006281 10 10 10
-0.018381 -0.000058 0.006281 10 10 10
-0.018370 -0.000058 0.006277 10 10 10
-0.018370 -0.000058 0.006277 10 10 10
-0.018426 -0.000059 0.006297 10 10 10
-0.017542 -0.000055 0.005996 10 10 10
-0.017542 -0.000055 0.005996 10 10 10
-0.017548 -0.000055 0.005998 10 10 10
-0.017599 -0.000055 0.006015 10 10 10
-0.017612 -0.000055 0.006020 10 10 10
-0.017626 -0.000055 0.006024 10 10 10
-0.018628 -0.000059 0.006367 10 10 10
-0.018654 -0.000060 0.006376 10 10 10
-0.018628 -0.000059 0.006367 10 10 10
-0.018552 -0.000059 0.006341 10 10 10
-0.018527 -0.000059 0.006333 10 10 10
-0.018503 -0.000059 0.006325 10 10 10
-0.018455 -0.000059 0.006309 10 10 10
-0.018246 -0.000058 0.006237 10 10 10
-0.018246 -0.000058 0.006237 10 10 10
-0.018443 -0.000059 0.006305 10 10 10
-0.018466 -0.000059 0.006313 10 10 10
-0.018442 -0.000059 0.006305 10 10 10
-0.018442 -0.000059 0.006305 10 10 10
-0.018430 -0.000059 0.006301 10 10 10
-0.018407 -0.000058 0.006293 10 10 10
-0.018828 -0.000060 0.006437 10 10 10
-0.018689 -0.000060 0.006390 10 10 10
-0.018393 -0.000058 0.006289 10 10 10
-0.017648 -0.000055 0.006034 10 10 10
-0.017627 -0.000055 0.006027 10 10 10
-0.017620 -0.000055 0.006024 10 10 10
-0.017614 -0.000055 0.006022 10 10 10
-0.017549 -0.000055 0.006000 10 10 10
-0.017536 -0.000055 0.005996 10 10 10
-0.018262 -0.000058 0.006244 10 10 10
-0.018261 -0.000058 0.006244 10 10 10
-0.018251 -0.000058 0.006241 10 10 10
-0.018180 -0.000057 0.006217 10 10 10
-0.018150 -0.000057 0.006206 10 10 10
-0.018150 -0.000057 0.006206 10 10 10
-0.018121 -0.000057 0.006197 10 10 10
-0.017958 -0.000056 0.006141 10 10 10
-0.017899 -0.000056 0.006121 10 10 10
-0.017891 -0.000056 0.006118 10 10 10
-0.017875 -0.000056 0.006112 10 10 10
-0.017866 -0.000056 0.006110 10 10 10
-0.017882 -0.000056 0.006115 10 10 10
-0.017923 -0.000056 0.006129 10 10 10
-0.017742 -0.000056 0.006068 10 10 10
-0.017735 -0.000056 0.006065 10 10 10
-0.017734 -0.000056 0.006065 10 10 10
-0.017727 -0.000055 0.006063 10 10 10
-0.017720 -0.000055 0.006060 10 10 10
-0.017719 -0.000055 0.006060 10 10 10
-0.018397 -0.000058 0.006293 10 10 10
-0.018431 -0.000059 0.006305 10 10 10
-0.018466 -0.000059 0.006317 10 10 10
-0.018466 -0.000059 0.006317 10 10 10
-0.018454 -0.000059 0.006313 10 10 10
-0.017855 -0.000056 0.006107 10 10 10
-0.017855 -0.000056 0.006107 10 10 10
-0.017854 -0.000056 0.006107 10 10 10
-0.018351 -0.000058 0.006277 10 10 10
-0.018384 -0.000058 0.006289 10 10 10
-0.018384 -0.000058 0.006289 10 10 10
-0.018328 -0.000058 0.006270 10 10 10
-0.018264 -0.000058 0.006248 10 10 10
-0.017961 -0.000057 0.006144 10 10 10
-0.017944 -0.000056 0.006138 10 10 10
-0.017943 -0.000056 0.006138 10 10 10
-0.017885 -0.000056 0.006118 10 10 10
-0.017885 -0.000056 0.006118 10 10 10
-0.017853 -0.000056 0.006107 10 10 10
-0.017844 -0.000056 0.006104 10 10 10
-0.017844 -0.000056 0.006104 10 10 10
-0.017844 -0.000056 0.006104 10 10 10
-0.017844 -0.000056 0.006104 10 10 10
-0.018084 -0.000057 0.006187 10 10 10
-0.018103 -0.000057 0.006193 10 10 10
-0.018131 -0.000057 0.006203 10 10 10
-0.018141 -0.000057 0.006206 10 10 10
-0.018140 -0.000057 0.006206 10 10 10
-0.017984 -0.000057 0.006153 10 10 10
-0.017700 -0.000055 0.006055 10 10 10
-0.017686 -0.000055 0.006050 10 10 10
-0.017686 -0.000055 0.006050 10 10 10
-0.017707 -0.000055 0.006058 10 10 10
-0.017707 -0.000055 0.006058 10 10 10
-0.017714 -0.000055 0.006060 10 10 10
-0.017787 -0.000056 0.006086 10 10 10
-0.018269 -0.000058 0.006252 10 10 10
-0.017897 -0.000056 0.006124 10 10 10
-0.017865 -0.000056 0.006112 10 10 10
-0.017897 -0.000056 0.006124 10 10 10
-0.017930 -0.000056 0.006135 10 10 10
-0.017964 -0.000057 0.006147 10 10 10
-0.018118 -0.000057 0.006200 10 10 10
-0.018257 -0.000058 0.006248 10 10 10
-0.018268 -0.000058 0.006252 10 10 10
-0.018278 -0.000058 0.006255 10 10 10
-0.018278 -0.000058 0.006255 10 10 10
-0.017710 -0.000055 0.006048 10 10 10
-0.017661 -0.000055 0.006031 10 10 10
-0.017689 -0.000055 0.006041 10 10 10
-0.017717 -0.000055 0.006050 10 10 10
-0.017716 -0.000055 0.006050 10 10 10
-0.017716 -0.000055 0.006050 10 10 10
-0.017709 -0.000055 0.006048 10 10 10
-0.017709 -0.000055 0.006048 10 10 10
-0.017774 -0.000055 0.006070 10 10 10
-0.018034 -0.000057 0.006159 10 10 10
-0.017990 -0.000056 0.006144 10 10 10
-0.017973 -0.000056 0.006138 10 10 10
-0.017873 -0.000056 0.006104 10 10 10
-0.017873 -0.000056 0.006104 10 10 10
-0.017972 -0.000056 0.006138 10 10 10
-0.017980 -0.000056 0.006141 10 10 10
-0.018006 -0.000056 0.006150 10 10 10
-0.018033 -0.000057 0.006159 10 10 10
-0.018050 -0.000057 0.006165 10 10 10
-0.018143 -0.000057 0.006197 10 10 10
-0.018153 -0.000057 0.006200 10 10 10
-0.018315 -0.000058 0.006255 10 10 10
-0.018114 -0.000057 0.006187 10 10 10
-0.018005 -0.000056 0.006150 10 10 10
-0.018022 -0.000057 0.006156 10 10 10
-0.018013 -0.000056 0.006153 10 10 10
-0.017995 -0.000056 0.006147 10 10 10
-0.017986 -0.000056 0.006144 10 10 10
-0.017986 -0.000056 0.006144 10 10 10
-0.017869 -0.000056 0.006104 10 10 10
-0.017869 -0.000056 0.006104 10 10 10
-0.017868 -0.000056 0.006104 10 10 10
-0.017942 -0.000056 0.006129 10 10 10
-0.017942 -0.000056 0.006129 10 10 10
-0.017984 -0.000056 0.006144 10 10 10
-0.017993 -0.000056 0.006147 10 10 10
-0.018010 -0.000056 0.006153 10 10 10
-0.018028 -0.000057 0.006159 10 10 10
-0.018045 -0.000057 0.006165 10 10 10
-0.018664 -0.000059 0.006376 10 10 10
-0.018664 -0.000059 0.006376 10 10 10
-0.018071 -0.000057 0.006174 10 10 10
-0.018053 -0.000057 0.006168 10 10 10
-0.018017 -0.000057 0.006156 10 10 10
-0.018017 -0.000057 0.006156 10 10 10
-0.018025 -0.000057 0.006159 10 10 10
-0.018043 -0.000057 0.006165 10 10 10
-0.018043 -0.000057 0.006165 10 10 10
-0.018006 -0.000056 0.006153 10 10 10
-0.017912 -0.000056 0.006121 10 10 10
-0.017848 -0.000056 0.006099 10 10 10
-0.018394 -0.000058 0.006285 10 10 10
-0.018349 -0.000058 0.006270 10 10 10
-0.018371 -0.000058 0.006277 10 10 10
-0.018371 -0.000058 0.006277 10 10 10
-0.018381 -0.000058 0.006281 10 10 10
-0.018370 -0.000058 0.006277 10 10 10
-0.018370 -0.000058 0.006277 10 10 10
-0.018315 -0.000058 0.006259 10 10 10
-0.018133 -0.000057 0.006197 10 10 10
-0.018123 -0.000057 0.006193 10 10 10
-0.018094 -0.000057 0.006184 10 10 10
-0.018142 -0.000057 0.006200 10 10 10
-0.017548 -0.000054 0.005998 10 10 10
-0.017593 -0.000055 0.006013 10 10 10
-0.017626 -0.000055 0.006024 10 10 10
-0.017626 -0.000055 0.006024 10 10 10
-0.017632 -0.000055 0.006027 10 10 10
-0.018655 -0.000059 0.006376 10 10 10
-0.018654 -0.000059 0.006376 10 10 10
-0.018641 -0.000059 0.006372 10 10 10
-0.018602 -0.000059 0.006359 10 10 10
-0.018564 -0.000059 0.006346 10 10 10
-0.018552 -0.000059 0.006341 10 10 10
-0.018491 -0.000059 0.006321 10 10 10
-0.018176 -0.000057 0.006213 10 10 10
-0.018176 -0.000057 0.006213 10 10 10
-0.018455 -0.000058 0.006309 10 10 10
-0.018478 -0.000059 0.006317 10 10 10
-0.018466 -0.000058 0.006313 10 10 10
-0.018466 -0.000058 0.006313 10 10 10
-0.018454 -0.000058 0.006309 10 10 10
-0.018453 -0.000058 0.006309 10 10 10
-0.017689 -0.000055 0.006048 10 10 10
-0.017661 -0.000055 0.006038 10 10 10
-0.017641 -0.000055 0.006031 10 10 10
-0.017627 -0.000055 0.006027 10 10 10
-0.017614 -0.000055 0.006022 10 10 10
-0.017594 -0.000055 0.006015 10 10 10
-0.017594 -0.000055 0.006015 10 10 10
-0.018304 -0.000058 0.006259 10 10 10
-0.018293 -0.000058 0.006255 10 10 10
-0.018282 -0.000058 0.006252 10 10 10
-0.018240 -0.000058 0.006237 10 10 10
-0.018180 -0.000057 0.006217 10 10 10
-0.018140 -0.000057 0.006203 10 10 10
-0.018020 -0.000057 0.006162 10 10 10
-0.017975 -0.000056 0.006147 10 10 10
-0.017933 -0.000056 0.006132 10 10 10
-0.017899 -0.000056 0.006121 10 10 10
-0.017875 -0.000056 0.006112 10 10 10
-0.017859 -0.000056 0.006107 10 10 10
-0.017858 -0.000056 0.006107 10 10 10
-0.017882 -0.000056 0.006115 10 10 10
-0.017343 -0.000054 0.005931 10 10 10
-0.017343 -0.000054 0.005931 10 10 10
-0.017343 -0.000054 0.005931 10 10 10
-0.017348 -0.000054 0.005932 10 10 10
-0.017735 -0.000055 0.006065 10 10 10
-0.017734 -0.000055 0.006065 10 10 10
-0.017734 -0.000055 0.006065 10 10 10
-0.017734 -0.000055 0.006065 10 10 10
-0.017734 -0.000055 0.006065 10 10 10
-0.018409 -0.000058 0.006297 10 10 10
-0.018443 -0.000058 0.006309 10 10 10
-0.017855 -0.000056 0.006107 10 10 10
-0.017847 -0.000056 0.006104 10 10 10
-0.017847 -0.000056 0.006104 10 10 10
-0.017854 -0.000056 0.006107 10 10 10
-0.018351 -0.000058 0.006277 10 10 10
-0.018407 -0.000058 0.006297 10 10 10
-0.018328 -0.000058 0.006270 10 10 10
-0.018264 -0.000058 0.006248 10 10 10
-0.018013 -0.000057 0.006162 10 10 10
-0.017952 -0.000056 0.006141 10 10 10
-0.017952 -0.000056 0.006141 10 10 10
-0.017901 -0.000056 0.006124 10 10 10
-0.017901 -0.000056 0.006124 10 10 10
-0.017861 -0.000056 0.006110 10 10 10
-0.017852 -0.000056 0.006107 10 10 10
-0.017844 -0.000056 0.006104 10 10 10
-0.017844 -0.000056 0.006104 10 10 10
-0.017836 -0.000056 0.006101 10 10 10
-0.017985 -0.000056 0.006153 10 10 10
-0.018038 -0.000057 0.006171 10 10 10
-0.018084 -0.000057 0.006187 10 10 10
-0.018020 -0.000057 0.006165 10 10 10
-0.018131 -0.000057 0.006203 10 10 10
-0.017984 -0.000056 0.006153 10 10 10
-0.017729 -0.000055 0.006065 10 10 10
-0.017714 -0.000055 0.006060 10 10 10
-0.017707 -0.000055 0.006058 10 10 10
-0.017721 -0.000055 0.006063 10 10 10
-0.017721 -0.000055 0.006063 10 10 10
-0.017728 -0.000055 0.006065 10 10 10
-0.018280 -0.000058 0.006255 10 10 10
-0.017922 -0.000056 0.006132 10 10 10
-0.017865 -0.000056 0.006112 10 10 10
-0.017897 -0.000056 0.006124 10 10 10
-0.017897 -0.000056 0.006124 10 10 10
-0.017930 -0.000056 0.006135 10 10 10
-0.017964 -0.000056 0.006147 10 10 10
-0.018268 -0.000058 0.006252 10 10 10
-0.018268 -0.000058 0.006252 10 10 10
-0.018268 -0.000058 0.006252 10 10 10
-0.018267 -0.000058 0.006252 10 10 10
-0.017703 -0.000055 0.006046 10 10 10
-0.017710 -0.000055 0.006048 10 10 10
-0.017717 -0.000055 0.006050 10 10 10
-0.017731 -0.000055 0.006055 10 10 10
-0.017716 -0.000055 0.006050 10 10 10
-0.017716 -0.000055 0.006050 10 10 10
-0.017774 -0.000055 0.006070 10 10 10
-0.018701 -0.000059 0.006385 10 10 10
-0.017982 -0.000056 0.006141 10 10 10
-0.017956 -0.000056 0.006132 10 10 10
-0.017956 -0.000056 0.006132 10 10 10
-0.017873 -0.000056 0.006104 10 10 10
-0.017873 -0.000056 0.006104 10 10 10
-0.017972 -0.000056 0.006138 10 10 10
-0.017980 -0.000056 0.006141 10 10 10
-0.018060 -0.000056 0.006168 10 10 10
-0.018033 -0.000056 0.006159 10 10 10
-0.018060 -0.000056 0.006168 10 10 10
-0.018153 -0.000057 0.006200 10 10 10
-0.018484 -0.000058 0.006313 10 10 10
-0.018414 -0.000058 0.006289 10 10 10
-0.018508 -0.000058 0.006321 10 10 10
-0.018114 -0.000057 0.006187 10 10 10
-0.018013 -0.000056 0.006153 10 10 10
-0.018031 -0.000056 0.006159 10 10 10
-0.018013 -0.000056 0.006153 10 10 10
-0.018004 -0.000056 0.006150 11 11 11
-0.017986 -0.000056 0.006144 10 10 10
-0.017986 -0.000056 0.006144 10 10 10
-0.017868 -0.000056 0.006104 10 10 10
-0.017868 -0.000056 0.006104 10 10 10
-0.017868 -0.000056 0.006104 10 10 10
-0.017925 -0.000056 0.006124 10 10 10
-0.017984 -0.000056 0.006144 10 10 10
-0.018001 -0.000056 0.006150 10 10 10
-0.018028 -0.000056 0.006159 10 10 10
-0.018054 -0.000056 0.006168 10 10 10
-0.018110 -0.000057 0.006187 10 10 10
-0.018678 -0.000059 0.006381 10 10 10
-0.018691 -0.000059 0.006385 10 10 10
-0.018651 -0.000059 0.006372 10 10 10
-0.018071 -0.000057 0.006174 10 10 10
-0.018017 -0.000056 0.006156 10 10 10
-0.018017 -0.000056 0.006156 11 11 11
-0.018043 -0.000056 0.006165 10 10 10
0.046990 0.000222 -0.016018 10 10 10
-0.017888 -0.000056 0.006112 10 10 10
-0.017912 -0.000056 0.006121 10 10 10
-0.018316 -0.000058 0.006259 10 10 10
-0.018316 -0.000058 0.006259 10 10 10
-0.018316 -0.000058 0.006259 10 10 10
-0.018337 -0.000058 0.006266 10 10 10
-0.018337 -0.000058 0.006266 10 10 10
-0.018022 -0.000056 0.006159 10 10 10
-0.018095 -0.000057 0.006184 10 10 10
-0.018030 -0.000056 0.006162 10 10 10
-0.017702 -0.000055 0.006050 10 10 10
-0.017639 -0.000055 0.006029 10 10 10
-0.017632 -0.000055 0.006027 10 10 10
-0.017639 -0.000055 0.006029 10 10 10
-0.018681 -0.000059 0.006385 10 10 10
-0.018667 -0.000059 0.006381 10 10 10
-0.018654 -0.000059 0.006376 10 10 10
-0.018641 -0.000059 0.006372 10 10 10
-0.018602 -0.000059 0.006359 10 10 10
-0.018602 -0.000059 0.006359 10 10 10
-0.018602 -0.000059 0.006359 10 10 10
-0.018490 -0.000058 0.006321 10 10 10
-0.018490 -0.000058 0.006321 10 10 10
-0.018465 -0.000058 0.006313 10 10 10
-0.017689 -0.000055 0.006048 10 10 10
-0.017661 -0.000055 0.006038 10 10 10
-0.017661 -0.000055 0.006038 10 10 10
-0.017634 -0.000055 0.006029 10 10 10
-0.017627 -0.000055 0.006027 10 10 10
-0.017627 -0.000055 0.006027 10 10 10
-0.018336 -0.000058 0.006270 10 10 10
-0.018315 -0.000058 0.006262 10 10 10
-0.018304 -0.000058 0.006259 10 10 10
-0.018293 -0.000058 0.006255 10 10 10
-0.018261 -0.000057 0.006244 10 10 10
-0.018199 -0.000057 0.006223 10 10 10
-0.018112 -0.000057 0.006193 10 10 10
-0.018020 -0.000056 0.006162 10 10 10
-0.017984 -0.000056 0.006150 10 10 10
-0.017941 -0.000056 0.006135 10 10 10
-0.017932 -0.000056 0.006132 10 10 10
-0.017859 -0.000056 0.006107 10 10 10
-0.017859 -0.000056 0.006107 10 10 10
-0.017858 -0.000056 0.006107 10 10 10
-0.017882 -0.000056 0.006115 10 10 10
-0.017343 -0.000053 0.005931 10 10 10
-0.017343 -0.000053 0.005931 10 10 10
-0.017343 -0.000053 0.005931 10 10 10
-0.017348 -0.000054 0.005932 10 10 10
-0.017348 -0.000054 0.005932 10 10 10
-0.017742 -0.000055 0.006068 10 10 10
-0.017756 -0.000055 0.006073 10 10 10
-0.017741 -0.000055 0.006068 10 10 10
-0.017741 -0.000055 0.006068 10 10 10
-0.018409 -0.000058 0.006297 10 10 10
-0.018443 -0.000058 0.006309 10 10 10
-0.017839 -0.000056 0.006101 10 10 10
-0.017839 -0.000056 0.006101 10 10 10
-0.017838 -0.000056 0.006101 10 10 10
-0.017846 -0.000056 0.006104 10 10 10
-0.018329 -0.000058 0.006270 10 10 10
-0.018264 -0.000057 0.006248 10 10 10
-0.018022 -0.000056 0.006165 10 10 10
-0.017987 -0.000056 0.006153 10 10 10
-0.017952 -0.000056 0.006141 10 10 10
-0.017952 -0.000056 0.006141 10 10 10
-0.017901 -0.000056 0.006124 10 10 10
-0.017901 -0.000056 0.006124 10 10 10
-0.017893 -0.000056 0.006121 10 10 10
-0.017852 -0.000056 0.006107 10 10 10
-0.017852 -0.000056 0.006107 10 10 10
-0.017844 -0.000056 0.006104 10 10 10
-0.017760 -0.000055 0.006075 10 10 10
-0.017759 -0.000055 0.006075 10 10 10
-0.017985 -0.000056 0.006153 10 10 10
-0.018020 -0.000056 0.006165 10 10 10
-0.017993 -0.000056 0.006156 10 10 10
-0.018102 -0.000057 0.006193 10 10 10
-0.017975 -0.000056 0.006150 10 10 10
-0.017744 -0.000055 0.006070 10 10 10
-0.017729 -0.000055 0.006065 10 10 10
-0.017743 -0.000055 0.006070 10 10 10
-0.017743 -0.000055 0.006070 10 10 10
-0.017743 -0.000055 0.006070 10 10 10
-0.017743 -0.000055 0.006070 10 10 10
-0.018459 -0.000058 0.006317 10 10 10
-0.018269 -0.000058 0.006252 10 10 10
-0.017897 -0.000056 0.006124 10 10 10
-0.017897 -0.000056 0.006124 10 10 10
-0.017872 -0.000056 0.006115 10 10 10
-0.017880 -0.000056 0.006118 10 10 10
-0.017880 -0.000056 0.006118 10 10 10
-0.018118 -0.000057 0.006200 10 10 10
-0.018237 -0.000057 0.006241 10 10 10
-0.018226 -0.000057 0.006237 10 10 10
-0.018226 -0.000057 0.006237 10 10 10
-0.017710 -0.000055 0.006048 10 10 10
-0.017717 -0.000055 0.006050 10 10 10
-0.017731 -0.000055 0.006055 10 10 10
-0.017731 -0.000055 0.006055 10 10 10
-0.017745 -0.000055 0.006060 10 10 10
-0.017745 -0.000055 0.006060 10 10 10
-0.017843 -0.000055 0.006093 10 10 10
-0.018661 -0.000059 0.006372 10 10 10
-0.018701 -0.000059 0.006385 10 10 10
-0.017890 -0.000056 0.006110 10 10 10
-0.017890 -0.000056 0.006110 10 10 10
-0.017956 -0.000056 0.006132 10 10 10
-0.017981 -0.000056 0.006141 10 10 10
-0.017939 -0.000056 0.006126 10 10 10
-0.017972 -0.000056 0.006138 10 10 10
-0.017981 -0.000056 0.006141 10 10 10
-0.018069 -0.000056 0.006171 10 10 10
-0.018060 -0.000056 0.006168 10 10 10
-0.018069 -0.000056 0.006171 10 10 10
-0.018153 -0.000057 0.006200 10 10 10
-0.018370 -0.000058 0.006274 10 10 10
-0.018460 -0.000058 0.006305 10 10 10
-0.018520 -0.000058 0.006325 10 10 10
-0.018133 -0.000057 0.006193 10 10 10
-0.018031 -0.000056 0.006159 10 10 10
-0.018049 -0.000056 0.006165 10 10 10
-0.018031 -0.000056 0.006159 10 10 10
-0.018004 -0.000056 0.006150 10 10 10
-0.017986 -0.000056 0.006144 10 10 10
-0.017978 -0.000056 0.006141 10 10 10
-0.018694 -0.000059 0.006385 10 10 10
-0.017860 -0.000055 0.006101 10 10 10
-0.017852 -0.000055 0.006099 10 10 10
-0.017860 -0.000055 0.006101 10 10 10
-0.017925 -0.000056 0.006124 10 10 10
-0.017900 -0.000056 0.006115 10 10 10
-0.017984 -0.000056 0.006144 10 10 10
-0.018036 -0.000056 0.006162 10 10 10
-0.018091 -0.000056 0.006180 10 10 10
-0.018110 -0.000057 0.006187 10 10 10
-0.018691 -0.000059 0.006385 10 10 10
-0.018678 -0.000059 0.006381 10 10 10
-0.018677 -0.000059 0.006381 10 10 10
-0.018664 -0.000059 0.006376 10 10 10
0.046990 0.000218 -0.016018 10 10 10
-0.017888 -0.000056 0.006112 10 10 10
-0.017848 -0.000055 0.006099 10 10 10
-0.017840 -0.000055 0.006096 10 10 10
-0.017793 -0.000055 0.006080 10 10 10
-0.017771 -0.000055 0.006073 10 10 10
-0.017748 -0.000055 0.006065 10 10 10
-0.017748 -0.000055 0.006065 10 10 10
-0.017667 -0.000055 0.006038 10 10 10
-0.017666 -0.000055 0.006038 10 10 10
-0.018655 -0.000059 0.006376 10 10 10
-0.018694 -0.000059 0.006390 10 10 10
-0.018681 -0.000059 0.006385 10 10 10
-0.018667 -0.000059 0.006381 10 10 10
-0.018654 -0.000059 0.006376 10 10 10
-0.018641 -0.000059 0.006372 10 10 10
-0.018640 -0.000059 0.006372 10 10 10
-0.018640 -0.000059 0.006372 10 10 10
-0.017704 -0.000055 0.006053 10 10 10
-0.017675 -0.000055 0.006043 10 10 10
-0.017675 -0.000055 0.006043 10 10 10
-0.017647 -0.000055 0.006034 10 10 10
-0.017640 -0.000055 0.006031 10 10 10
-0.017647 -0.000055 0.006034 10 10 10
-0.018461 -0.000058 0.006313 10 10 10
-0.018369 -0.000058 0.006281 10 10 10
-0.018314 -0.000057 0.006262 10 10 10
-0.018293 -0.000057 0.006255 10 10 10
-0.018271 -0.000057 0.006248 10 10 10
-0.018140 -0.000057 0.006203 10 10 10
-0.018074 -0.000056 0.006180 10 10 10
-0.018020 -0.000056 0.006162 10 10 10
-0.017984 -0.000056 0.006150 10 10 10
-0.017984 -0.000056 0.006150 10 10 10
-0.017941 -0.000056 0.006135 10 10 10
-0.017867 -0.000056 0.006110 10 10 10
-0.017851 -0.000055 0.006104 10 10 10
-0.017842 -0.000055 0.006101 10 10 10
-0.017842 -0.000055 0.006101 10 10 10
-0.017343 -0.000053 0.005931 10 10 10
-0.017343 -0.000053 0.005931 10 10 10
-0.017348 -0.000053 0.005932 10 10 10
-0.017348 -0.000053 0.005932 10 10 10
-0.017348 -0.000053 0.005932 10 10 10
-0.017794 -0.000055 0.006086 10 10 10
-0.017794 -0.000055 0.006086 10 10 10
-0.017756 -0.000055 0.006073 10 10 10
-0.017756 -0.000055 0.006073 10 10 10
-0.018409 -0.000058 0.006297 10 10 10
-0.018443 -0.000058 0.006309 10 10 10
-0.017823 -0.000055 0.006096 10 10 10
-0.017823 -0.000055 0.006096 10 10 10
-0.017823 -0.000055 0.006096 10 10 10
-0.017830 -0.000055 0.006099 10 10 10
-0.017854 -0.000056 0.006107 10 10 10
-0.017878 -0.000056 0.006115 10 10 10
-0.017944 -0.000056 0.006138 10 10 10
-0.017944 -0.000056 0.006138 11 11 11
-0.017944 -0.000056 0.006138 10 10 10
-0.017943 -0.000056 0.006138 10 10 10
-0.017910 -0.000056 0.006126 10 10 10
-0.018004 -0.000056 0.006159 10 10 10
-0.017852 -0.000056 0.006107 10 10 10
-0.017844 -0.000055 0.006104 10 10 10
-0.017760 -0.000055 0.006075 10 10 10
-0.017759 -0.000055 0.006075 10 10 10
-0.017876 -0.000056 0.006115 10 10 10
-0.017993 -0.000056 0.006156 10 10 10
-0.017993 -0.000056 0.006156 10 10 10
-0.017984 -0.000056 0.006153 10 10 10
-0.017804 -0.000055 0.006091 10 10 10
-0.017751 -0.000055 0.006073 10 10 10
-0.017743 -0.000055 0.006070 11 11 11
-0.017751 -0.000055 0.006073 11 11 11
-0.017743 -0.000055 0.006070 11 11 11
-0.017743 -0.000055 0.006070 10 10 10
-0.017743 -0.000055 0.006070 10 10 10
-0.018632 -0.000059 0.006376 10 10 10
-0.018632 -0.000059 0.006376 10 10 10
-0.018280 -0.000057 0.006255 10 10 10
-0.017930 -0.000056 0.006135 10 10 10
-0.017914 -0.000056 0.006129 10 10 10
-0.017872 -0.000056 0.006115 10 10 10
-0.017872 -0.000056 0.006115 10 10 10
-0.017864 -0.000056 0.006112 10 10 10
-0.017864 -0.000056 0.006112 10 10 10
-0.018604 -0.000059 0.006367 10 10 10
-0.018604 -0.000059 0.006367 10 10 10
-0.018617 -0.000059 0.006372 10 10 10
-0.017731 -0.000055 0.006055 10 10 10
-0.017703 -0.000055 0.006046 10 10 10
-0.017717 -0.000055 0.006050 11 11 11
-0.017731 -0.000055 0.006055 10 10 10
-0.017745 -0.000055 0.006060 10 10 10
-0.017760 -0.000055 0.006065 10 10 10
-0.017835 -0.000055 0.006091 10 10 10
-0.018742 -0.000059 0.006399 10 10 10
-0.018714 -0.000059 0.006390 10 10 10
-0.018701 -0.000059 0.006385 10 10 10
-0.017882 -0.000055 0.006107 10 10 10
-0.017882 -0.000055 0.006107 10 10 10
-0.017981 -0.000056 0.006141 10 10 10
-0.017990 -0.000056 0.006144 10 10 10
-0.018069 -0.000056 0.006171 10 10 10
-0.018069 -0.000056 0.006171 10 10 10
-0.018305 -0.000057 0.006252 10 10 10
-0.018508 -0.000058 0.006321 10 10 10
-0.018520 -0.000058 0.006325 10 10 10
-0.018569 -0.000058 0.006341 10 10 10
-0.018711 -0.000059 0.006390 10 10 10
-0.018132 -0.000056 0.006193 10 10 10
-0.018049 -0.000056 0.006165 10 10 10
-0.018031 -0.000056 0.006159 10 10 10
-0.018004 -0.000056 0.006150 10 10 10
-0.017986 -0.000056 0.006144 10 10 10
-0.017978 -0.000056 0.006141 10 10 10
-0.018694 -0.000059 0.006385 10 10 10
-0.018694 -0.000059 0.006385 10 10 10
-0.018667 -0.000059 0.006376 10 10 10
-0.017791 -0.000055 0.006078 10 10 10
-0.017791 -0.000055 0.006078 10 10 10
-0.017837 -0.000055 0.006093 10 10 10
-0.017852 -0.000055 0.006099 10 10 10
-0.017836 -0.000055 0.006093 10 10 10
-0.017900 -0.000055 0.006115 10 10 10
-0.018064 -0.000056 0.006171 10 10 10
-0.018100 -0.000056 0.006184 10 10 10
-0.018704 -0.000059 0.006390 10 10 10
-0.018691 -0.000059 0.006385 10 10 10
-0.018691 -0.000059 0.006385 10 10 10
-0.018664 -0.000059 0.006376 10 10 10
-0.018690 -0.000059 0.006385 10 10 10
0.046990 0.000214 -0.016018 10 10 10
0.046986 0.000214 -0.016018 10 10 10
-0.017840 -0.000055 0.006096 10 10 10
-0.017793 -0.000055 0.006080 10 10 10
-0.017771 -0.000055 0.006073 10 10 10
-0.017771 -0.000055 0.006073 10 10 10
-0.017748 -0.000055 0.006065 10 10 10
-0.017748 -0.000055 0.006065 10 10 10
-0.017741 -0.000055 0.006063 10 10 10
0.046913 0.000214 -0.016018 10 10 10
0.046897 0.000214 -0.016018 10 10 10
-0.017695 -0.000055 0.006048 10 10 10
-0.017667 -0.000055 0.006038 10 10 10
-0.017694 -0.000055 0.006048 10 10 10
-0.018694 -0.000059 0.006390 10 10 10
-0.018694 -0.000059 0.006390 10 10 10
-0.018694 -0.000059 0.006390 10 10 10
-0.018694 -0.000059 0.006390 10 10 10
-0.018667 -0.000059 0.006381 10 10 10
-0.018654 -0.000059 0.006376 10 10 10
-0.018653 -0.000059 0.006376 10 10 10
-0.017704 -0.000055 0.006053 10 10 10
-0.017682 -0.000055 0.006046 10 10 10
-0.017703 -0.000055 0.006053 10 10 10
-0.017668 -0.000055 0.006041 10 10 10
-0.017661 -0.000055 0.006038 10 10 10
-0.017661 -0.000055 0.006038 10 10 10
-0.018533 -0.000058 0.006337 10 10 10
-0.018533 -0.000058 0.006337 10 10 10
-0.018369 -0.000057 0.006281 10 10 10
-0.018314 -0.000057 0.006262 10 10 10
-0.018261 -0.000057 0.006244 10 10 10
-0.018074 -0.000056 0.006180 10 10 10
-0.018020 -0.000056 0.006162 10 10 10
-0.018020 -0.000056 0.006162 10 10 10
-0.018019 -0.000056 0.006162 10 10 10
-0.017941 -0.000056 0.006135 10 10 10
-0.017867 -0.000055 0.006110 10 10 10
-0.017843 -0.000055 0.006101 10 10 10
-0.017827 -0.000055 0.006096 10 10 10
-0.017819 -0.000055 0.006093 10 10 10
-0.017819 -0.000055 0.006093 10 10 10
-0.017338 -0.000053 0.005929 10 10 10
-0.017343 -0.000053 0.005931 10 10 10
-0.017348 -0.000053 0.005932 10 10 10
-0.017348 -0.000053 0.005932 10 10 10
-0.017353 -0.000053 0.005934 10 10 10
-0.017794 -0.000055 0.006086 10 10 10
-0.017794 -0.000055 0.006086 10 10 10
-0.017756 -0.000055 0.006073 10 10 10
-0.017756 -0.000055 0.006073 10 10 10
-0.018443 -0.000058 0.006309 10 10 10
-0.018527 -0.000058 0.006337 10 10 10
-0.017800 -0.000055 0.006088 10 10 10
-0.017777 -0.000055 0.006080 10 10 10
-0.017800 -0.000055 0.006088 10 10 10
-0.017807 -0.000055 0.006091 10 10 10
-0.017815 -0.000055 0.006093 10 10 10
-0.017854 -0.000055 0.006107 10 10 10
-0.017862 -0.000055 0.006110 10 10 10
-0.017878 -0.000055 0.006115 10 10 10
-0.017902 -0.000056 0.006124 10 10 10
-0.017935 -0.000056 0.006135 10 10 10
-0.017943 -0.000056 0.006138 10 10 10
-0.018095 -0.000056 0.006190 10 10 10
-0.017844 -0.000055 0.006104 10 10 10
-0.017752 -0.000055 0.006073 10 10 10
-0.017752 -0.000055 0.006073 10 10 10
-0.017752 -0.000055 0.006073 10 10 10
-0.017875 -0.000055 0.006115 10 10 10
-0.017976 -0.000056 0.006150 10 10 10
-0.017804 -0.000055 0.006091 10 10 10
-0.017744 -0.000055 0.006070 10 10 10
-0.017744 -0.000055 0.006070 10 10 10
-0.017743 -0.000055 0.006070 10 10 10
-0.017751 -0.000055 0.006073 10 10 10
-0.017743 -0.000055 0.006070 10 10 10
-0.017743 -0.000055 0.006070 10 10 10
-0.017735 -0.000055 0.006068 10 10 10
-0.017735 -0.000055 0.006068 10 10 10
-0.018632 -0.000059 0.006376 10 10 10
-0.017930 -0.000056 0.006135 10 10 10
-0.017922 -0.000056 0.006132 10 10 10
-0.017872 -0.000055 0.006115 10 10 10
-0.017872 -0.000055 0.006115 10 10 10
-0.017864 -0.000055 0.006112 10 10 10
-0.017864 -0.000055 0.006112 10 10 10
-0.018630 -0.000059 0.006376 10 10 10
-0.018630 -0.000059 0.006376 10 10 10
-0.018643 -0.000059 0.006381 10 10 10
-0.017710 -0.000054 0.006048 10 10 10
-0.017682 -0.000054 0.006038 10 10 10
-0.017710 -0.000054 0.006048 11 11 11
-0.017731 -0.000055 0.006055 10 10 10
-0.017753 -0.000055 0.006063 10 10 10
-0.018714 -0.000059 0.006390 10 10 10
-0.018714 -0.000059 0.006390 10 10 10
-0.017882 -0.000055 0.006107 10 10 10
-0.017882 -0.000055 0.006107 10 10 10
-0.017990 -0.000056 0.006144 10 10 10
-0.018069 -0.000056 0.006171 10 10 10
-0.018633 -0.000058 0.006363 10 10 10
-0.018582 -0.000058 0.006346 10 10 10
-0.018569 -0.000058 0.006341 10 10 10
-0.018581 -0.000058 0.006346 10 10 10
-0.018711 -0.000059 0.006390 10 10 10
-0.018751 -0.000059 0.006404 10 10 10
-0.018049 -0.000056 0.006165 10 10 10
-0.018040 -0.000056 0.006162 10 10 10
-0.018004 -0.000056 0.006150 10 10 10
-0.017986 -0.000056 0.006144 10 10 10
-0.017986 -0.000056 0.006144 10 10 10
-0.018694 -0.000059 0.006385 10 10 10
-0.018681 -0.000058 0.006381 10 10 10
-0.017799 -0.000055 0.006080 11 11 11
-0.017776 -0.000055 0.006073 10 10 10
-0.017753 -0.000055 0.006065 10 10 10
-0.017761 -0.000055 0.006068 10 10 10
-0.017783 -0.000055 0.006075 10 10 10
-0.017783 -0.000055 0.006075 10 10 10
-0.017828 -0.000055 0.006091 10 10 10
-0.018091 -0.000056 0.006180 10 10 10
-0.018704 -0.000059 0.006390 10 10 10
-0.018691 -0.000059 0.006385 11 11 11
-0.018677 -0.000058 0.006381 10 10 10
-0.018690 -0.000059 0.006385 10 10 10
0.046994 0.000211 -0.016018 10 10 10
0.046990 0.000211 -0.016018 10 10 10
0.046986 0.000211 -0.016018 10 10 10
0.046982 0.000211 -0.016018 10 10 10
-0.017840 -0.000055 0.006096 10 10 10
-0.017786 -0.000055 0.006078 10 10 10
-0.017771 -0.000055 0.006073 10 10 10
-0.017763 -0.000055 0.006070 10 10 10
-0.017748 -0.000055 0.006065 10 10 10
-0.017741 -0.000055 0.006063 10 10 10
-0.017741 -0.000055 0.006063 10 10 10
-0.017748 -0.000055 0.006065 10 10 10
0.046917 0.000211 -0.016018 10 10 10
0.046913 0.000211 -0.016018 10 10 10
0.046897 0.000211 -0.016018 10 10 10
0.046893 0.000211 -0.016018 10 10 10
-0.017695 -0.000054 0.006048 10 10 10
-0.017674 -0.000054 0.006041 10 10 10
-0.018695 -0.000059 0.006390 10 10 10
-0.018694 -0.000059 0.006390 10 10 10
-0.018694 -0.000059 0.006390 10 10 10
-0.018694 -0.000059 0.006390 10 10 10
-0.018694 -0.000059 0.006390 10 10 10
-0.018680 -0.000059 0.006385 10 10 10
-0.018667 -0.000058 0.006381 10 10 10
0.046820 0.000211 -0.016018 10 10 10
-0.017704 -0.000055 0.006053 10 10 10
-0.017689 -0.000054 0.006048 10 10 10
-0.017703 -0.000055 0.006053 10 10 10
-0.017668 -0.000054 0.006041 10 10 10
-0.017661 -0.000054 0.006038 11 11 11
-0.017661 -0.000054 0.006038 10 10 10
-0.018608 -0.000058 0.006363 10 10 10
-0.018634 -0.000058 0.006372 10 10 10
-0.018608 -0.000058 0.006363 10 10 10
-0.018020 -0.000056 0.006162 10 10 10
-0.018020 -0.000056 0.006162 10 10 10
-0.018020 -0.000056 0.006162 10 10 10
-0.017843 -0.000055 0.006101 10 10 10
-0.017819 -0.000055 0.006093 10 10 10
-0.017788 -0.000055 0.006083 10 10 10
-0.017765 -0.000055 0.006075 10 10 10
-0.017765 -0.000055 0.006075 10 10 10
-0.017736 -0.000055 0.006065 10 10 10
-0.017327 -0.000053 0.005925 10 10 10
-0.017327 -0.000053 0.005925 10 10 10
-0.017348 -0.000053 0.005932 10 10 10
-0.017353 -0.000053 0.005934 10 10 10
-0.017359 -0.000053 0.005936 10 10 10
-0.017764 -0.000055 0.006075 10 10 10
-0.017764 -0.000055 0.006075 10 10 10
-0.017756 -0.000055 0.006073 10 10 10
-0.017756 -0.000055 0.006073 10 10 10
-0.018515 -0.000058 0.006333 10 10 10
-0.018693 -0.000059 0.006394 10 10 10
-0.018707 -0.000059 0.006399 10 10 10
-0.018640 -0.000058 0.006376 10 10 10
-0.018538 -0.000058 0.006341 11 11 11
-0.018514 -0.000058 0.006333 10 10 10
-0.017777 -0.000055 0.006080 10 10 10
-0.017785 -0.000055 0.006083 10 10 10
-0.017784 -0.000055 0.006083 10 10 10
-0.017784 -0.000055 0.006083 10 10 10
-0.017822 -0.000055 0.006096 10 10 10
-0.017854 -0.000055 0.006107 10 10 10
-0.017870 -0.000055 0.006112 10 10 10
-0.017894 -0.000055 0.006121 10 10 10
-0.017902 -0.000055 0.006124 10 10 10
-0.018095 -0.000056 0.006190 10 10 10
-0.017844 -0.000055 0.006104 10 10 10
-0.017752 -0.000055 0.006073 10 10 10
-0.017745 -0.000055 0.006070 10 10 10
-0.017859 -0.000055 0.006110 10 10 10
-0.017976 -0.000056 0.006150 10 10 10
-0.017736 -0.000055 0.006068 10 10 10
-0.017736 -0.000055 0.006068 10 10 10
-0.017743 -0.000055 0.006070 10 10 10
-0.017743 -0.000055 0.006070 10 10 10
-0.017743 -0.000055 0.006070 10 10 10
-0.017750 -0.000055 0.006073 10 10 10
-0.017735 -0.000055 0.006068 10 10 10
-0.017735 -0.000055 0.006068 10 10 10
-0.018645 -0.000058 0.006381 10 10 10
-0.017947 -0.000056 0.006141 10 10 10
-0.017922 -0.000055 0.006132 10 10 10
-0.017872 -0.000055 0.006115 10 10 10
-0.017872 -0.000055 0.006115 10 10 10
-0.017872 -0.000055 0.006115 10 10 10
-0.018605 -0.000058 0.006367 10 10 10
-0.018656 -0.000059 0.006385 10 10 10
-0.018656 -0.000059 0.006385 10 10 10
-0.018656 -0.000059 0.006385 10 10 10
-0.017696 -0.000054 0.006043 10 10 10
-0.017654 -0.000054 0.006029 10 10 10
-0.017696 -0.000054 0.006043 11 11 11
-0.017717 -0.000054 0.006050 11 11 11
-0.017760 -0.000055 0.006065 11 11 11
-0.018756 -0.000059 0.006404 10 10 10
-0.018742 -0.000058 0.006399 10 10 10
-0.018741 -0.000058 0.006399 10 10 10
-0.018714 -0.000058 0.006390 10 10 10
-0.018008 -0.000056 0.006150 10 10 10
-0.018632 -0.000058 0.006363 10 10 10
-0.018619 -0.000058 0.006359 10 10 10
-0.018711 -0.000058 0.006390 10 10 10
-0.018751 -0.000059 0.006404 10 10 10
-0.018040 -0.000056 0.006162 10 10 10
-0.018040 -0.000056 0.006162 10 10 10
-0.018004 -0.000056 0.006150 10 10 10
-0.018004 -0.000056 0.006150 10 10 10
-0.017853 -0.000055 0.006099 10 10 10
-0.017799 -0.000055 0.006080 10 10 10
-0.017754 -0.000055 0.006065 10 10 10
-0.017746 -0.000054 0.006063 10 10 10
-0.017746 -0.000054 0.006063 10 10 10
-0.017753 -0.000055 0.006065 10 10 10
-0.017760 -0.000055 0.006068 10 10 10
-0.017775 -0.000055 0.006073 10 10 10
0.047025 0.000207 -0.016018 10 10 10
0.047021 0.000207 -0.016018 10 10 10
-0.018690 -0.000058 0.006385 10 10 10
-0.018717 -0.000058 0.006394 10 10 10
0.046994 0.000207 -0.016018 10 10 10
0.046990 0.000207 -0.016018 10 10 10
0.046986 0.000207 -0.016018 10 10 10
0.046982 0.000207 -0.016018 10 10 10
0.046978 0.000207 -0.016018 10 10 10
-0.017786 -0.000055 0.006078 10 10 10
-0.017771 -0.000055 0.006073 10 10 10
-0.017763 -0.000055 0.006070 10 10 10
-0.017748 -0.000055 0.006065 10 10 10
-0.017741 -0.000054 0.006063 10 10 10
-0.017733 -0.000054 0.006060 10 10 10
-0.017740 -0.000054 0.006063 10 10 10
0.046917 0.000207 -0.016018 10 10 10
0.046913 0.000207 -0.016018 10 10 10
0.046909 0.000207 -0.016018 10 10 10
0.046905 0.000207 -0.016018 10 10 10
0.046901 0.000207 -0.016018 10 10 10
0.046897 0.000207 -0.016018 10 10 10
0.046893 0.000207 -0.016018 10 10 10
0.046889 0.000207 -0.016018 10 10 10
0.046874 0.000207 -0.016018 10 10 10
0.046870 0.000207 -0.016018 10 10 10
0.046866 0.000207 -0.016018 10 10 10
0.046862 0.000207 -0.016018 10 10 10
-0.018721 -0.000058 0.006399 10 10 10
-0.018708 -0.000058 0.006394 10 10 10
-0.018694 -0.000058 0.006390 10 10 10
-0.018694 -0.000058 0.006390 10 10 10
0.046820 0.000207 -0.016018 10 10 10
0.046816 0.000207 -0.016018 10 10 10
-0.017725 -0.000054 0.006060 10 10 10
-0.017704 -0.000054 0.006053 10 10 10
-0.017682 -0.000054 0.006046 10 10 10
-0.017689 -0.000054 0.006048 10 10 10
-0.017668 -0.000054 0.006041 10 10 10
-0.017661 -0.000054 0.006038 10 10 10
-0.017661 -0.000054 0.006038 10 10 10
-0.018634 -0.000058 0.006372 10 10 10
-0.018011 -0.000056 0.006159 10 10 10
-0.018020 -0.000056 0.006162 10 10 10
-0.018020 -0.000056 0.006162 10 10 10
-0.017842 -0.000055 0.006101 10 10 10
-0.017766 -0.000055 0.006075 10 10 10
-0.017751 -0.000055 0.006070 10 10 10
-0.017743 -0.000055 0.006068 10 10 10
-0.017736 -0.000055 0.006065 10 10 10
-0.017736 -0.000055 0.006065 10 10 10
-0.017327 -0.000053 0.005925 10 10 10
-0.017354 -0.000053 0.005934 11 11 11
-0.017354 -0.000053 0.005934 11 11 11
-0.017359 -0.000053 0.005936 10 10 10
-0.017764 -0.000055 0.006075 10 10 10
-0.017756 -0.000055 0.006073 10 10 10
-0.017749 -0.000055 0.006070 10 10 10
-0.018515 -0.000058 0.006333 10 10 10
-0.018707 -0.000058 0.006399 10 10 10
-0.018707 -0.000058 0.006399 10 10 10
-0.018679 -0.000058 0.006390 10 10 10
-0.018640 -0.000058 0.006376 10 10 10
-0.017785 -0.000055 0.006083 10 10 10
-0.017769 -0.000055 0.006078 10 10 10
-0.017769 -0.000055 0.006078 10 10 10
-0.017799 -0.000055 0.006088 10 10 10
-0.017846 -0.000055 0.006104 10 10 10
-0.017854 -0.000055 0.006107 10 10 10
-0.017869 -0.000055 0.006112 10 10 10
-0.017894 -0.000055 0.006121 10 10 10
-0.017844 -0.000055 0.006104 10 10 10
-0.017844 -0.000055 0.006104 10 10 10
-0.017745 -0.000055 0.006070 10 10 10
-0.017736 -0.000055 0.006068 10 10 10
-0.017736 -0.000055 0.006068 10 10 10
-0.017743 -0.000055 0.006070 10 10 10
-0.017750 -0.000055 0.006073 10 10 10
-0.017788 -0.000055 0.006086 10 10 10
-0.017743 -0.000055 0.006070 10 10 10
-0.017888 -0.000055 0.006121 10 10 10
-0.017888 -0.000055 0.006121 10 10 10
-0.018670 -0.000058 0.006390 10 10 10
-0.018670 -0.000058 0.006390 10 10 10
-0.018656 -0.000058 0.006385 11 11 11
-0.018669 -0.000058 0.006390 10 10 10
0.047230 0.000203 -0.016018 10 10 10
-0.017675 -0.000054 0.006036 10 10 10
-0.017703 -0.000054 0.006046 10 10 10
-0.018756 -0.000058 0.006404 10 10 10
-0.018755 -0.000058 0.006404 10 10 10
0.047145 0.000203 -0.016018 10 10 10
-0.018022 -0.000055 0.006156 10 10 10
-0.018013 -0.000055 0.006153 10 10 10
-0.018004 -0.000055 0.006150 10 10 10
-0.017853 -0.000055 0.006099 10 10 10
-0.017799 -0.000055 0.006080 10 10 10
-0.017754 -0.000054 0.006065 10 10 10
-0.017746 -0.000054 0.006063 10 10 10
-0.017724 -0.000054 0.006055 10 10 10
-0.017724 -0.000054 0.006055 10 10 10
-0.017731 -0.000054 0.006058 10 10 10
-0.017753 -0.000054 0.006065 10 10 10
0.047029 0.000203 -0.016018 10 10 10
0.047025 0.000203 -0.016018 10 10 10
0.047021 0.000203 -0.016018 10 10 10
0.047017 0.000203 -0.016018 10 10 10
0.047013 0.000203 -0.016018 10 10 10
0.047009 0.000203 -0.016018 10 10 10
0.046998 0.000203 -0.016018 10 10 10
0.046994 0.000203 -0.016018 10 10 10
0.046990 0.000203 -0.016018 10 10 10
0.046986 0.000203 -0.016018 10 10 10
0.046982 0.000203 -0.016018 10 10 10
0.046978 0.000203 -0.016018 10 10 10
0.046975 0.000203 -0.016018 10 10 10
0.046971 0.000203 -0.016018 10 10 10
-0.017786 -0.000054 0.006078 10 10 10
-0.017771 -0.000054 0.006073 10 10 10
-0.017748 -0.000054 0.006065 10 10 10
-0.017741 -0.000054 0.006063 10 10 10
-0.017733 -0.000054 0.006060 10 10 10
0.046924 0.000203 -0.016018 10 10 10
0.046920 0.000203 -0.016018 10 10 10
0.046917 0.000203 -0.016018 10 10 10
0.046913 0.000203 -0.016018 10 10 10
0.046909 0.000203 -0.016018 10 10 10
0.046905 0.000203 -0.016018 11 11 11
0.046901 0.000203 -0.016018 10 10 10
0.046897 0.000203 -0.016018 10 10 10
0.046893 0.000203 -0.016018 10 10 10
0.046889 0.000203 -0.016018 10 10 10
0.046886 0.000203 -0.016018 10 10 10
0.046882 0.000203 -0.016018 10 10 10
0.046878 0.000203 -0.016018 10 10 10
0.046874 0.000203 -0.016018 10 10 10
0.046870 0.000203 -0.016018 10 10 10
0.046866 0.000203 -0.016018 10 10 10
0.046862 0.000203 -0.016018 10 10 10
0.046859 0.000203 -0.016018 10 10 10
0.046820 0.000203 -0.016018 10 10 10
0.046816 0.000203 -0.016018 10 10 10
0.046812 0.000203 -0.016018 10 10 10
-0.017725 -0.000054 0.006060 10 10 10
-0.017704 -0.000054 0.006053 10 10 10
-0.017668 -0.000054 0.006041 10 10 10
-0.017682 -0.000054 0.006046 11 11 11
-0.017661 -0.000054 0.006038 10 10 10
-0.017661 -0.000054 0.006038 10 10 10
-0.017661 -0.000054 0.006038 10 10 10
-0.017866 -0.000055 0.006110 10 10 10
-0.017788 -0.000055 0.006083 10 10 10
-0.017751 -0.000054 0.006070 10 10 10
-0.017736 -0.000054 0.006065 10 10 10
-0.017736 -0.000054 0.006065 10 10 10
-0.017736 -0.000054 0.006065 10 10 10
-0.017841 -0.000055 0.006101 10 10 10
-0.017809 -0.000055 0.006091 10 10 10
-0.017756 -0.000054 0.006073 10 10 10
-0.017756 -0.000054 0.006073 10 10 10
-0.018515 -0.000057 0.006333 10 10 10
-0.018707 -0.000058 0.006399 11 11 11
-0.018539 -0.000058 0.006341 10 10 10
-0.018640 -0.000058 0.006376 10 10 10
-0.018627 -0.000058 0.006372 10 10 10
-0.018627 -0.000058 0.006372 10 10 10
-0.018489 -0.000057 0.006325 10 10 10
-0.018465 -0.000057 0.006317 10 10 10
-0.017777 -0.000055 0.006080 10 10 10
-0.017846 -0.000055 0.006104 10 10 10
-0.017846 -0.000055 0.006104 10 10 10
-0.017854 -0.000055 0.006107 10 10 10
-0.017853 -0.000055 0.006107 10 10 10
-0.017877 -0.000055 0.006115 10 10 10
-0.018394 -0.000057 0.006293 10 10 10
-0.018394 -0.000057 0.006293 10 10 10
-0.018676 -0.000058 0.006390 10 10 10
-0.018369 -0.000057 0.006285 10 10 10
-0.017743 -0.000054 0.006070 10 10 10
-0.017803 -0.000055 0.006091 10 10 10
-0.017803 -0.000055 0.006091 10 10 10
-0.018670 -0.000058 0.006390 10 10 10
-0.018670 -0.000058 0.006390 10 10 10
-0.018669 -0.000058 0.006390 10 10 10
0.047230 0.000199 -0.016018 11 11 11
0.047226 0.000199 -0.016018 11 11 11
0.047222 0.000199 -0.016018 10 10 10
0.047210 0.000199 -0.016018 10 10 10
0.047199 0.000199 -0.016018 10 10 10
0.047195 0.000199 -0.016018 10 10 10
0.047191 0.000199 -0.016018 10 10 10
0.047183 0.000199 -0.016018 10 10 10
0.047145 0.000199 -0.016018 10 10 10
0.047121 0.000199 -0.016018 10 10 10
-0.018040 -0.000055 0.006162 10 10 10
-0.018040 -0.000055 0.006162 10 10 10
0.047110 0.000199 -0.016018 10 10 10
0.047106 0.000199 -0.016018 10 10 10
0.047083 0.000199 -0.016018 10 10 10
-0.017909 -0.000055 0.006118 11 11 11
-0.017853 -0.000055 0.006099 10 10 10
-0.017798 -0.000054 0.006080 10 10 10
-0.017732 -0.000054 0.006058 10 10 10
-0.017724 -0.000054 0.006055 10 10 10
-0.017724 -0.000054 0.006055 10 10 10
-0.017724 -0.000054 0.006055 10 10 10
0.047052 0.000199 -0.016018 10 10 10
0.047048 0.000199 -0.016018 10 10 10
0.047044 0.000199 -0.016018 10 10 10
0.047040 0.000199 -0.016018 10 10 10
0.047036 0.000199 -0.016018 10 10 10
0.047033 0.000199 -0.016018 10 10 10
0.047029 0.000199 -0.016018 10 10 10
0.047025 0.000199 -0.016018 10 10 10
0.047021 0.000199 -0.016018 10 10 10
0.047017 0.000199 -0.016018 10 10 10
0.047013 0.000199 -0.016018 10 10 10
0.047009 0.000199 -0.016018 10 10 10
0.047005 0.000199 -0.016018 10 10 10
0.047002 0.000199 -0.016018 10 10 10
0.046998 0.000199 -0.016018 10 10 10
0.046994 0.000199 -0.016018 10 10 10
0.046990 0.000199 -0.016018 10 10 10
0.046986 0.000199 -0.016018 10 10 10
0.046982 0.000199 -0.016018 10 10 10
0.046978 0.000199 -0.016018 10 10 10
0.046975 0.000199 -0.016018 10 10 10
0.046971 0.000199 -0.016018 11 11 11
0.046967 0.000199 -0.016018 10 10 10
0.046951 0.000199 -0.016018 10 10 10
0.046947 0.000199 -0.016018 10 10 10
0.046944 0.000199 -0.016018 10 10 10
0.046940 0.000199 -0.016018 10 10 10
0.046936 0.000199 -0.016018 10 10 10
0.046932 0.000199 -0.016018 10 10 10
0.046928 0.000199 -0.016018 10 10 10
0.046924 0.000199 -0.016018 10 10 10
0.046920 0.000199 -0.016018 10 10 10
0.046917 0.000199 -0.016018 10 10 10
0.046913 0.000199 -0.016018 10 10 10
0.046909 0.000199 -0.016018 10 10 10
0.046905 0.000199 -0.016018 11 11 11
0.046901 0.000199 -0.016018 11 11 11
0.046897 0.000199 -0.016018 10 10 10
0.046893 0.000199 -0.016018 10 10 10
0.046889 0.000199 -0.016018 10 10 10
0.046886 0.000199 -0.016018 10 10 10
0.046882 0.000199 -0.016018 10 10 10
0.046878 0.000199 -0.016018 10 10 10
0.046874 0.000199 -0.016018 10 10 10
0.046870 0.000199 -0.016018 10 10 10
0.046866 0.000199 -0.016018 10 10 10
0.046862 0.000199 -0.016018 10 10 10
0.046859 0.000199 -0.016018 10 10 10
0.046835 0.000199 -0.016018 10 10 10
0.046831 0.000199 -0.016018 10 10 10
0.046828 0.000199 -0.016018 10 10 10
0.046824 0.000199 -0.016018 10 10 10
0.046820 0.000199 -0.016018 10 10 10
0.046816 0.000199 -0.016018 10 10 10
0.046812 0.000199 -0.016018 10 10 10
0.046808 0.000199 -0.016018 10 10 10
-0.017711 -0.000054 0.006055 10 10 10
-0.017682 -0.000054 0.006046 10 10 10
-0.017689 -0.000054 0.006048 10 10 10
-0.017682 -0.000054 0.006046 10 10 10
-0.017682 -0.000054 0.006046 10 10 10
-0.018368 -0.000057 0.006281 10 10 10
-0.018424 -0.000057 0.006301 10 10 10
-0.018356 -0.000057 0.006277 10 10 10
-0.018334 -0.000057 0.006270 10 10 10
-0.017765 -0.000054 0.006075 10 10 10
-0.018333 -0.000057 0.006270 10 10 10
-0.018344 -0.000057 0.006274 10 10 10
-0.018366 -0.000057 0.006281 10 10 10
-0.017809 -0.000054 0.006091 10 10 10
-0.017764 -0.000054 0.006075 10 10 10
-0.017764 -0.000054 0.006075 10 10 10
-0.018491 -0.000057 0.006325 10 10 10
-0.018539 -0.000057 0.006341 10 10 10
-0.018490 -0.000057 0.006325 10 10 10
-0.018490 -0.000057 0.006325 10 10 10
-0.018490 -0.000057 0.006325 10 10 10
-0.018466 -0.000057 0.006317 10 10 10
-0.018466 -0.000057 0.006317 10 10 10
-0.018465 -0.000057 0.006317 10 10 10
-0.018465 -0.000057 0.006317 10 10 10
-0.018465 -0.000057 0.006317 10 10 10
-0.017846 -0.000055 0.006104 10 10 10
-0.017845 -0.000055 0.006104 10 10 10
-0.017861 -0.000055 0.006110 10 10 10
-0.018394 -0.000057 0.006293 10 10 10
-0.018394 -0.000057 0.006293 10 10 10
-0.018394 -0.000057 0.006293 10 10 10
-0.018360 -0.000057 0.006281 10 10 10
-0.018338 -0.000057 0.006274 10 10 10
-0.018359 -0.000057 0.006281 10 10 10
-0.018359 -0.000057 0.006281 10 10 10
-0.018403 -0.000057 0.006297 11 11 11
-0.018403 -0.000057 0.006297 10 10 10
-0.018403 -0.000057 0.006297 10 10 10
-0.018380 -0.000057 0.006289 10 10 10
-0.018369 -0.000057 0.006285 10 10 10
-0.018346 -0.000057 0.006277 10 10 10
-0.018346 -0.000057 0.006277 10 10 10
-0.018424 -0.000057 0.006305 10 10 10
-0.018412 -0.000057 0.006301 10 10 10
-0.018389 -0.000057 0.006293 10 10 10
-0.018356 -0.000057 0.006281 10 10 10
0.476864 0.001897 -0.164156 10 10 10
0.476833 0.001897 -0.164156 10 10 10
0.047230 0.000195 -0.016018 11 11 11
0.047226 0.000195 -0.016018 11 11 11
0.047222 0.000195 -0.016018 10 10 10
0.047210 0.000195 -0.016018 10 10 10
0.047207 0.000195 -0.016018 10 10 10
0.047203 0.000195 -0.016018 11 11 11
0.047199 0.000195 -0.016018 11 11 11
0.047195 0.000195 -0.016018 10 10 10
0.047191 0.000195 -0.016018 10 10 10
0.047187 0.000195 -0.016018 10 10 10
0.047183 0.000195 -0.016018 10 10 10
0.047179 0.000195 -0.016018 10 10 10
0.047176 0.000195 -0.016018 10 10 10
0.047172 0.000195 -0.016018 10 10 10
0.047149 0.000195 -0.016018 10 10 10
0.047145 0.000195 -0.016018 10 10 10
0.047141 0.000195 -0.016018 10 10 10
0.047137 0.000195 -0.016018 10 10 10
0.047125 0.000195 -0.016018 10 10 10
0.047121 0.000195 -0.016018 10 10 10
0.047118 0.000195 -0.016018 10 10 10
0.047114 0.000195 -0.016018 10 10 10
0.047110 0.000195 -0.016018 11 11 11
0.047087 0.000195 -0.016018 10 10 10
0.047083 0.000195 -0.016018 10 10 10
0.047079 0.000195 -0.016018 11 11 11
0.047075 0.000195 -0.016018 10 10 10
0.047071 0.000195 -0.016018 10 10 10
0.047067 0.000195 -0.016018 10 10 10
-0.017731 -0.000054 0.006058 10 10 10
-0.017731 -0.000054 0.006058 10 10 10
0.047056 0.000195 -0.016018 10 10 10
0.047052 0.000195 -0.016018 10 10 10
0.047048 0.000195 -0.016018 10 10 10
0.047044 0.000195 -0.016018 10 10 10
0.047040 0.000195 -0.016018 10 10 10
0.047036 0.000195 -0.016018 10 10 10
0.047033 0.000195 -0.016018 10 10 10
0.047029 0.000195 -0.016018 10 10 10
0.047025 0.000195 -0.016018 10 10 10
0.047021 0.000195 -0.016018 10 10 10
0.047017 0.000195 -0.016018 10 10 10
0.047013 0.000195 -0.016018 10 10 10
0.047009 0.000195 -0.016018 10 10 10
0.047005 0.000195 -0.016018 10 10 10
0.047002 0.000195 -0.016018 10 10 10
0.046998 0.000195 -0.016018 10 10 10
0.046994 0.000195 -0.016018 10 10 10
0.046990 0.000195 -0.016018 10 10 10
0.046986 0.000195 -0.016018 10 10 10
0.046982 0.000195 -0.016018 11 11 11
0.046978 0.000195 -0.016018 11 11 11
0.046975 0.000195 -0.016018 10 10 10
0.046971 0.000195 -0.016018 10 10 10
0.046967 0.000195 -0.016018 10 10 10
0.046963 0.000195 -0.016018 10 10 10
0.046951 0.000195 -0.016018 10 10 10
0.046947 0.000195 -0.016018 10 10 10
0.046944 0.000195 -0.016018 10 10 10
0.046940 0.000195 -0.016018 10 10 10
0.046936 0.000195 -0.016018 10 10 10
0.046932 0.000195 -0.016018 10 10 10
0.046928 0.000195 -0.016018 10 10 10
0.046924 0.000195 -0.016018 10 10 10
0.046920 0.000195 -0.016018 10 10 10
0.046917 0.000195 -0.016018 10 10 10
0.046913 0.000195 -0.016018 10 10 10
0.046909 0.000195 -0.016018 10 10 10
0.046905 0.000195 -0.016018 10 10 10
0.046901 0.000195 -0.016018 10 10 10
0.046897 0.000195 -0.016018 10 10 10
0.046893 0.000195 -0.016018 11 11 11
0.046889 0.000195 -0.016018 10 10 10
0.046886 0.000195 -0.016018 10 10 10
0.046882 0.000195 -0.016018 11 11 11
0.046878 0.000195 -0.016018 11 11 11
0.046874 0.000195 -0.016018 10 10 10
0.046870 0.000195 -0.016018 10 10 10
0.046866 0.000195 -0.016018 10 10 10
0.046862 0.000195 -0.016018 10 10 10
0.046859 0.000195 -0.016018 10 10 10
0.046855 0.000195 -0.016018 10 10 10
0.046851 0.000195 -0.016018 10 10 10
0.046847 0.000195 -0.016018 10 10 10
0.046843 0.000195 -0.016018 10 10 10
0.046839 0.000195 -0.016018 11 11 11
0.046835 0.000195 -0.016018 10 10 10
0.046831 0.000195 -0.016018 10 10 10
0.046828 0.000195 -0.016018 10 10 10
0.046824 0.000195 -0.016018 10 10 10
0.046820 0.000195 -0.016018 10 10 10
0.046816 0.000195 -0.016018 10 10 10
0.046812 0.000195 -0.016018 10 10 10
0.046808 0.000195 -0.016018 10 10 10
0.046804 0.000195 -0.016018 10 10 10
-0.018346 -0.000056 0.006274 10 10 10
-0.018346 -0.000056 0.006274 10 10 10
-0.018368 -0.000056 0.006281 10 10 10
-0.018367 -0.000056 0.006281 11 11 11
-0.018424 -0.000057 0.006301 10 10 10
-0.018356 -0.000056 0.006277 11 11 11
-0.018355 -0.000056 0.006277 10 10 10
-0.018344 -0.000056 0.006274 10 10 10
-0.018355 -0.000056 0.006277 10 10 10
-0.018366 -0.000056 0.006281 10 10 10
-0.018366 -0.000056 0.006281 10 10 10
-0.017817 -0.000054 0.006093 10 10 10
-0.017809 -0.000054 0.006091 10 10 10
-0.017786 -0.000054 0.006083 10 10 10
-0.017786 -0.000054 0.006083 10 10 10
-0.018467 -0.000057 0.006317 11 11 11
-0.018479 -0.000057 0.006321 10 10 10
-0.018455 -0.000057 0.006313 10 10 10
-0.018443 -0.000057 0.006309 11 11 11
-0.018443 -0.000057 0.006309 11 11 11
-0.018431 -0.000057 0.006305 10 10 10
-0.018419 -0.000057 0.006301 10 10 10
-0.018419 -0.000057 0.006301 10 10 10
-0.018419 -0.000057 0.006301 10 10 10
-0.018430 -0.000057 0.006305 10 10 10
-0.017861 -0.000055 0.006110 10 10 10
-0.018406 -0.000057 0.006297 10 10 10
-0.018405 -0.000057 0.006297 10 10 10
-0.018394 -0.000057 0.006293 11 11 11
-0.018360 -0.000056 0.006281 10 10 10
-0.018360 -0.000056 0.006281 10 10 10
-0.018359 -0.000056 0.006281 10 10 10
-0.018359 -0.000056 0.006281 10 10 10
-0.018348 -0.000056 0.006277 10 10 10
-0.018392 -0.000057 0.006293 10 10 10
-0.018359 -0.000056 0.006281 10 10 10
-0.018392 -0.000057 0.006293 10 10 10
-0.018392 -0.000057 0.006293 10 10 10
-0.018392 -0.000057 0.006293 10 10 10
-0.018369 -0.000056 0.006285 10 10 10
-0.018358 -0.000056 0.006281 10 10 10
-0.018357 -0.000056 0.006281 10 10 10
-0.018413 -0.000057 0.006301 10 10 10
-0.018356 -0.000056 0.006281 10 10 10
-0.018378 -0.000057 0.006289 10 10 10
-0.018323 -0.000056 0.006270 10 10 10
-0.018378 -0.000057 0.006289 10 10 10
-0.018333 -0.000056 0.006274 10 10 10
0.476864 0.001866 -0.164156 10 10 10
0.476833 0.001866 -0.164156 10 10 10
0.476802 0.001866 -0.164156 10 10 10
0.047230 0.000191 -0.016018 10 10 10
0.047226 0.000191 -0.016018 10 10 10
0.047222 0.000191 -0.016018 10 10 10
0.047218 0.000191 -0.016018 10 10 10
0.047214 0.000191 -0.016018 10 10 10
0.047210 0.000191 -0.016018 10 10 10
0.047207 0.000191 -0.016018 10 10 10
0.047203 0.000191 -0.016018 10 10 10
0.047199 0.000191 -0.016018 10 10 10
0.047195 0.000191 -0.016018 10 10 10
0.047191 0.000191 -0.016018 10 10 10
0.047187 0.000191 -0.016018 10 10 10
0.047183 0.000191 -0.016018 10 10 10
0.047179 0.000191 -0.016018 10 10 10
0.047176 0.000191 -0.016018 10 10 10
0.047172 0.000191 -0.016018 10 10 10
0.047152 0.000191 -0.016018 10 10 10
0.047149 0.000191 -0.016018 10 10 10
0.047145 0.000191 -0.016018 10 10 10
0.047141 0.000191 -0.016018 10 10 10
0.047137 0.000191 -0.016018 10 10 10
0.047133 0.000191 -0.016018 11 11 11
0.047129 0.000191 -0.016018 11 11 11
0.047125 0.000191 -0.016018 10 10 10
0.047121 0.000191 -0.016018 10 10 10
0.047118 0.000191 -0.016018 10 10 10
0.047114 0.000191 -0.016018 10 10 10
0.047110 0.000191 -0.016018 11 11 11
0.047106 0.000191 -0.016018 10 10 10
0.047102 0.000191 -0.016018 10 10 10
0.047098 0.000191 -0.016018 10 10 10
0.047094 0.000191 -0.016018 10 10 10
0.047091 0.000191 -0.016018 10 10 10
0.047087 0.000191 -0.016018 10 10 10
0.047083 0.000191 -0.016018 10 10 10
0.047079 0.000191 -0.016018 10 10 10
0.047075 0.000191 -0.016018 10 10 10
0.047071 0.000191 -0.016018 10 10 10
0.047067 0.000191 -0.016018 10 10 10
0.047063 0.000191 -0.016018 10 10 10
0.047060 0.000191 -0.016018 10 10 10
0.047056 0.000191 -0.016018 10 10 10
0.047052 0.000191 -0.016018 10 10 10
0.047048 0.000191 -0.016018 11 11 11
0.047044 0.000191 -0.016018 10 10 10
0.047040 0.000191 -0.016018 10 10 10
0.047036 0.000191 -0.016018 10 10 10
0.047033 0.000191 -0.016018 10 10 10
0.047029 0.000191 -0.016018 10 10 10
0.047025 0.000191 -0.016018 10 10 10
0.047021 0.000191 -0.016018 10 10 10
0.047017 0.000191 -0.016018 10 10 10
0.047013 0.000191 -0.016018 10 10 10
0.047009 0.000191 -0.016018 10 10 10
0.047005 0.000191 -0.016018 10 10 10
0.047002 0.000191 -0.016018 10 10 10
0.046998 0.000191 -0.016018 10 10 10
0.046994 0.000191 -0.016018 10 10 10
0.046990 0.000191 -0.016018 10 10 10
0.046986 0.000191 -0.016018 10 10 10
0.046982 0.000191 -0.016018 10 10 10
0.046978 0.000191 -0.016018 10 10 10
0.046975 0.000191 -0.016018 10 10 10
0.046971 0.000191 -0.016018 10 10 10
0.046967 0.000191 -0.016018 10 10 10
0.046963 0.000191 -0.016018 10 10 10
0.046959 0.000191 -0.016018 10 10 10
0.046955 0.000191 -0.016018 10 10 10
0.046951 0.000191 -0.016018 10 10 10
0.046947 0.000191 -0.016018 10 10 10
0.046944 0.000191 -0.016018 10 10 10
0.046940 0.000191 -0.016018 10 10 10
0.046936 0.000191 -0.016018 10 10 10
0.046932 0.000191 -0.016018 10 10 10
0.046928 0.000191 -0.016018 10 10 10
0.046924 0.000191 -0.016018 10 10 10
0.046920 0.000191 -0.016018 11 11 11
0.046917 0.000191 -0.016018 11 11 11
0.046913 0.000191 -0.016018 10 10 10
0.046909 0.000191 -0.016018 10 10 10
0.046905 0.000191 -0.016018 10 10 10
0.046901 0.000191 -0.016018 10 10 10
0.046897 0.000191 -0.016018 10 10 10
0.046893 0.000191 -0.016018 11 11 11
0.046889 0.000191 -0.016018 11 11 11
0.046886 0.000191 -0.016018 10 10 10
0.046882 0.000191 -0.016018 11 11 11
0.046878 0.000191 -0.016018 11 11 11
0.046874 0.000191 -0.016018 11 11 11
0.046870 0.000191 -0.016018 11 11 11
0.046866 0.000191 -0.016018 10 10 10
0.046862 0.000191 -0.016018 10 10 10
0.046859 0.000191 -0.016018 10 10 10
0.046855 0.000191 -0.016018 10 10 10
0.046851 0.000191 -0.016018 10 10 10
0.046847 0.000191 -0.016018 10 10 10
0.046843 0.000191 -0.016018 10 10 10
0.046839 0.000191 -0.016018 10 10 10
0.046835 0.000191 -0.016018 10 10 10
0.046831 0.000191 -0.016018 10 10 10
0.046828 0.000191 -0.016018 10 10 10
0.046824 0.000191 -0.016018 10 10 10
0.046820 0.000191 -0.016018 10 10 10
0.046816 0.000191 -0.016018 10 10 10
0.046812 0.000191 -0.016018 10 10 10
0.046808 0.000191 -0.016018 10 10 10
0.046804 0.000191 -0.016018 10 10 10
0.046801 0.000191 -0.016018 10 10 10
0.046797 0.000191 -0.016018 10 10 10
0.046793 0.000191 -0.016018 10 10 10
0.046789 0.000191 -0.016018 10 10 10
0.046785 0.000191 -0.016018 10 10 10
0.046781 0.000191 -0.016018 10 10 10
-0.018368 -0.000056 0.006281 10 10 10
-0.018368 -0.000056 0.006281 10 10 10
-0.018367 -0.000056 0.006281 10 10 10
-0.018355 -0.000056 0.006277 10 10 10
-0.018355 -0.000056 0.006277 10 10 10
-0.018355 -0.000056 0.006277 10 10 10
-0.018366 -0.000056 0.006281 10 10 10
-0.018366 -0.000056 0.006281 10 10 10
-0.017817 -0.000054 0.006093 10 10 10
-0.017809 -0.000054 0.006091 10 10 10
-0.017817 -0.000054 0.006093 11 11 11
-0.017817 -0.000054 0.006093 10 10 10
0.231633 0.000896 -0.079505 11 11 11
0.231617 0.000896 -0.079505 11 11 11
-0.018455 -0.000057 0.006313 11 11 11
-0.018431 -0.000056 0.006305 10 10 10
-0.018431 -0.000056 0.006305 10 10 10
-0.018431 -0.000056 0.006305 10 10 10
-0.018419 -0.000056 0.006301 10 10 10
-0.018419 -0.000056 0.006301 10 10 10
-0.018419 -0.000056 0.006301 10 10 10
-0.018407 -0.000056 0.006297 10 10 10
-0.018407 -0.000056 0.006297 10 10 10
-0.018405 -0.000056 0.006297 11 11 11
-0.018394 -0.000056 0.006293 10 10 10
-0.018382 -0.000056 0.006289 10 10 10
-0.018359 -0.000056 0.006281 10 10 10
-0.018359 -0.000056 0.006281 10 10 10
-0.018348 -0.000056 0.006277 10 10 10
-0.018359 -0.000056 0.006281 11 11 11
-0.018359 -0.000056 0.006281 11 11 11
-0.018392 -0.000056 0.006293 10 10 10
-0.018392 -0.000056 0.006293 10 10 10
-0.018392 -0.000056 0.006293 10 10 10
-0.018391 -0.000056 0.006293 10 10 10
-0.018369 -0.000056 0.006285 10 10 10
-0.018402 -0.000056 0.006297 10 10 10
-0.018390 -0.000056 0.006293 10 10 10
-0.018378 -0.000056 0.006289 10 10 10
-0.018334 -0.000056 0.006274 10 10 10
-0.018378 -0.000056 0.006289 10 10 10
0.476864 0.001835 -0.164156 10 10 10
0.476833 0.001835 -0.164156 11 11 11
0.476802 0.001835 -0.164156 11 11 11
0.047230 0.000187 -0.016018 10 10 10
0.047226 0.000187 -0.016018 10 10 10
0.047222 0.000187 -0.016018 10 10 10
0.047218 0.000187 -0.016018 10 10 10
0.047214 0.000187 -0.016018 10 10 10
0.047210 0.000187 -0.016018 11 11 11
0.047207 0.000187 -0.016018 11 11 11
0.047203 0.000187 -0.016018 10 10 10
0.047199 0.000187 -0.016018 10 10 10
0.047195 0.000187 -0.016018 10 10 10
0.047191 0.000187 -0.016018 10 10 10
0.047187 0.000187 -0.016018 10 10 10
0.047183 0.000187 -0.016018 10 10 10
0.047179 0.000187 -0.016018 10 10 10
0.047176 0.000187 -0.016018 10 10 10
0.047172 0.000187 -0.016018 10 10 10
0.047168 0.000187 -0.016018 10 10 10
0.047164 0.000187 -0.016018 10 10 10
0.047156 0.000187 -0.016018 11 11 11
0.047152 0.000187 -0.016018 10 10 10
0.047149 0.000187 -0.016018 10 10 10
0.047145 0.000187 -0.016018 10 10 10
0.047141 0.000187 -0.016018 10 10 10
0.047137 0.000187 -0.016018 11 11 11
0.047133 0.000187 -0.016018 11 11 11
0.047129 0.000187 -0.016018 11 11 11
0.047125 0.000187 -0.016018 10 10 10
0.047121 0.000187 -0.016018 10 10 10
0.047118 0.000187 -0.016018 10 10 10
0.047114 0.000187 -0.016018 10 10 10
0.047110 0.000187 -0.016018 10 10 10
0.047106 0.000187 -0.016018 10 10 10
0.047102 0.000187 -0.016018 10 10 10
0.047098 0.000187 -0.016018 10 10 10
0.047094 0.000187 -0.016018 10 10 10
0.047091 0.000187 -0.016018 10 10 10
0.047087 0.000187 -0.016018 10 10 10
0.047083 0.000187 -0.016018 10 10 10
0.047079 0.000187 -0.016018 11 11 11
0.047075 0.000187 -0.016018 10 10 10
0.047071 0.000187 -0.016018 10 10 10
0.047067 0.000187 -0.016018 10 10 10
0.047063 0.000187 -0.016018 10 10 10
0.047060 0.000187 -0.016018 10 10 10
0.047056 0.000187 -0.016018 11 11 11
0.047052 0.000187 -0.016018 10 10 10
0.047048 0.000187 -0.016018 10 10 10
0.047044 0.000187 -0.016018 11 11 11
0.047040 0.000187 -0.016018 11 11 11
0.047036 0.000187 -0.016018 10 10 10
0.047033 0.000187 -0.016018 10 10 10
0.047029 0.000187 -0.016018 10 10 10
0.047025 0.000187 -0.016018 10 10 10
0.047021 0.000187 -0.016018 10 10 10
0.047017 0.000187 -0.016018 10 10 10
0.047013 0.000187 -0.016018 10 10 10
0.047009 0.000187 -0.016018 10 10 10
0.047005 0.000187 -0.016018 10 10 10
0.047002 0.000187 -0.016018 10 10 10
0.046998 0.000187 -0.016018 10 10 10
0.046994 0.000187 -0.016018 10 10 10
0.046990 0.000187 -0.016018 10 10 10
0.046986 0.000187 -0.016018 10 10 10
0.046982 0.000187 -0.016018 10 10 10
0.046978 0.000187 -0.016018 10 10 10
0.046975 0.000187 -0.016018 10 10 10
0.046971 0.000187 -0.016018 10 10 10
0.046967 0.000187 -0.016018 10 10 10
0.046963 0.000187 -0.016018 10 10 10
0.046959 0.000187 -0.016018 10 10 10
0.046955 0.000187 -0.016018 10 10 10
0.046951 0.000187 -0.016018 10 10 10
0.046947 0.000187 -0.016018 10 10 10
0.046944 0.000187 -0.016018 10 10 10
0.046940 0.000187 -0.016018 10 10 10
0.046936 0.000187 -0.016018 10 10 10
0.046932 0.000187 -0.016018 10 10 10
0.046928 0.000187 -0.016018 10 10 10
0.046924 0.000187 -0.016018 10 10 10
0.046920 0.000187 -0.016018 10 10 10
0.046917 0.000187 -0.016018 10 10 10
0.046913 0.000187 -0.016018 10 10 10
0.046909 0.000187 -0.016018 10 10 10
0.046905 0.000187 -0.016018 10 10 10
0.046901 0.000187 -0.016018 10 10 10
0.046897 0.000187 -0.016018 10 10 10
0.046893 0.000187 -0.016018 11 11 11
0.046889 0.000187 -0.016018 10 10 10
0.046886 0.000187 -0.016018 10 10 10
0.046882 0.000187 -0.016018 11 11 11
0.046878 0.000187 -0.016018 10 10 10
0.046874 0.000187 -0.016018 10 10 10
0.046870 0.000187 -0.016018 10 10 10
0.046866 0.000187 -0.016018 10 10 10
0.046862 0.000187 -0.016018 10 10 10
0.046859 0.000187 -0.016018 10 10 10
0.046855 0.000187 -0.016018 11 11 11
0.046851 0.000187 -0.016018 10 10 10
0.046847 0.000187 -0.016018 10 10 10
0.046843 0.000187 -0.016018 11 11 11
0.046839 0.000187 -0.016018 11 11 11
0.046835 0.000187 -0.016018 11 11 11
0.046831 0.000187 -0.016018 11 11 11
0.046828 0.000187 -0.016018 10 10 10
0.046824 0.000187 -0.016018 10 10 10
0.046820 0.000187 -0.016018 10 10 10
0.046816 0.000187 -0.016018 10 10 10
0.046812 0.000187 -0.016018 10 10 10
0.046808 0.000187 -0.016018 10 10 10
0.046804 0.000187 -0.016018 10 10 10
0.046801 0.000187 -0.016018 10 10 10
0.046797 0.000187 -0.016018 10 10 10
0.046793 0.000187 -0.016018 10 10 10
0.046789 0.000187 -0.016018 11 11 11
0.046785 0.000187 -0.016018 10 10 10
0.046781 0.000187 -0.016018 10 10 10
0.046777 0.000187 -0.016018 10 10 10
-0.018355 -0.000056 0.006277 10 10 10
-0.018355 -0.000056 0.006277 10 10 10
-0.018377 -0.000056 0.006285 10 10 10
-0.017825 -0.000054 0.006096 10 10 10
-0.017817 -0.000054 0.006093 10 10 10
-0.017825 -0.000054 0.006096 10 10 10
0.231648 0.000880 -0.079505 10 10 10
0.231633 0.000880 -0.079505 10 10 10
0.231617 0.000880 -0.079505 10 10 10
0.313820 0.001188 -0.107722 10 10 10
-0.018431 -0.000056 0.006305 10 10 10
-0.018431 -0.000056 0.006305 10 10 10
-0.018419 -0.000056 0.006301 11 11 11
-0.018419 -0.000056 0.006301 11 11 11
-0.018419 -0.000056 0.006301 10 10 10
-0.018419 -0.000056 0.006301 10 10 10
-0.018407 -0.000056 0.006297 10 10 10
-0.018407 -0.000056 0.006297 10 10 10
-0.018418 -0.000056 0.006301 10 10 10
0.231354 0.000880 -0.079505 10 10 10
0.231339 0.000880 -0.079505 10 10 10
0.231323 0.000880 -0.079505 10 10 10
0.231308 0.000880 -0.079505 10 10 10
0.231293 0.000880 -0.079505 10 10 10
0.182011 0.000695 -0.062575 10 10 10
-0.018404 -0.000056 0.006297 10 10 10
-0.018370 -0.000056 0.006285 10 10 10
-0.018392 -0.000056 0.006293 10 10 10
-0.018403 -0.000056 0.006297 10 10 10
0.181937 0.000695 -0.062575 11 11 11
0.181924 0.000695 -0.062575 10 10 10
0.181912 0.000695 -0.062575 10 10 10
0.181900 0.000695 -0.062575 10 10 10
-0.018401 -0.000056 0.006297 10 10 10
-0.018378 -0.000056 0.006289 10 10 10
0.476926 0.001804 -0.164156 10 10 10
0.968843 0.003651 -0.333456 10 10 10
0.476864 0.001804 -0.164156 10 10 10
0.476833 0.001804 -0.164156 11 11 11
0.476802 0.001804 -0.164156 10 10 10
0.047230 0.000183 -0.016018 10 10 10
0.047226 0.000183 -0.016018 10 10 10
0.047222 0.000183 -0.016018 10 10 10
0.047218 0.000183 -0.016018 10 10 10
0.047214 0.000183 -0.016018 10 10 10
0.047210 0.000183 -0.016018 10 10 10
0.047207 0.000183 -0.016018 10 10 10
0.047203 0.000183 -0.016018 10 10 10
0.047199 0.000183 -0.016018 10 10 10
0.047195 0.000183 -0.016018 10 10 10
0.047191 0.000183 -0.016018 10 10 10
0.047187 0.000183 -0.016018 10 10 10
0.047183 0.000183 -0.016018 10 10 10
0.047179 0.000183 -0.016018 11 11 11
0.047176 0.000183 -0.016018 10 10 10
0.047172 0.000183 -0.016018 10 10 10
0.047168 0.000183 -0.016018 10 10 10
0.047164 0.000183 -0.016018 10 10 10
0.047160 0.000183 -0.016018 10 10 10
0.047156 0.000183 -0.016018 11 11 11
0.047152 0.000183 -0.016018 11 11 11
0.047149 0.000183 -0.016018 10 10 10
0.047145 0.000183 -0.016018 11 11 11
0.047141 0.000183 -0.016018 10 10 10
0.047137 0.000183 -0.016018 10 10 10
0.047133 0.000183 -0.016018 10 10 10
0.047129 0.000183 -0.016018 10 10 10
0.047125 0.000183 -0.016018 10 10 10
0.047121 0.000183 -0.016018 10 10 10
0.047118 0.000183 -0.016018 10 10 10
0.047114 0.000183 -0.016018 10 10 10
0.047110 0.000183 -0.016018 10 10 10
0.047106 0.000183 -0.016018 10 10 10
0.047102 0.000183 -0.016018 10 10 10
0.047098 0.000183 -0.016018 11 11 11
0.047094 0.000183 -0.016018 10 10 10
0.047091 0.000183 -0.016018 10 10 10
0.047087 0.000183 -0.016018 10 10 10
0.047083 0.000183 -0.016018 10 10 10
0.047079 0.000183 -0.016018 10 10 10
0.047075 0.000183 -0.016018 11 11 11
0.047071 0.000183 -0.016018 11 11 11
0.047067 0.000183 -0.016018 11 11 11
0.047063 0.000183 -0.016018 10 10 10
0.047060 0.000183 -0.016018 11 11 11
0.047056 0.000183 -0.016018 11 11 11
0.047052 0.000183 -0.016018 11 11 11
0.047048 0.000183 -0.016018 10 10 10
0.047044 0.000183 -0.016018 10 10 10
0.047040 0.000183 -0.016018 11 11 11
0.047036 0.000183 -0.016018 11 11 11
0.047033 0.000183 -0.016018 10 10 10
0.047029 0.000183 -0.016018 10 10 10
0.047025 0.000183 -0.016018 10 10 10
0.047021 0.000183 -0.016018 10 10 10
0.047017 0.000183 -0.016018 10 10 10
0.047013 0.000183 -0.016018 10 10 10
0.047009 0.000183 -0.016018 10 10 10
0.047005 0.000183 -0.016018 10 10 10
0.047002 0.000183 -0.016018 10 10 10
0.046998 0.000183 -0.016018 10 10 10
0.046994 0.000183 -0.016018 10 10 10
0.046990 0.000183 -0.016018 10 10 10
0.046986 0.000183 -0.016018 10 10 10
0.046982 0.000183 -0.016018 10 10 10
0.046978 0.000183 -0.016018 11 11 11
0.046975 0.000183 -0.016018 10 10 10
0.046971 0.000183 -0.016018 10 10 10
0.046967 0.000183 -0.016018 10 10 10
0.046963 0.000183 -0.016018 10 10 10
0.046959 0.000183 -0.016018 10 10 10
0.046955 0.000183 -0.016018 10 10 10
0.046951 0.000183 -0.016018 10 10 10
0.046947 0.000183 -0.016018 10 10 10
0.046944 0.000183 -0.016018 10 10 10
0.046940 0.000183 -0.016018 10 10 10
0.046936 0.000183 -0.016018 10 10 10
0.046932 0.000183 -0.016018 10 10 10
0.046928 0.000183 -0.016018 10 10 10
0.046924 0.000183 -0.016018 10 10 10
0.046920 0.000183 -0.016018 10 10 10
0.046917 0.000183 -0.016018 10 10 10
0.046913 0.000183 -0.016018 10 10 10
0.046909 0.000183 -0.016018 10 10 10
0.046905 0.000183 -0.016018 10 10 10
0.046901 0.000183 -0.016018 10 10 10
0.046897 0.000183 -0.016018 10 10 10
0.046893 0.000183 -0.016018 10 10 10
0.046889 0.000183 -0.016018 10 10 10
0.046886 0.000183 -0.016018 10 10 10
0.046882 0.000183 -0.016018 10 10 10
0.046878 0.000183 -0.016018 10 10 10
0.046874 0.000183 -0.016018 10 10 10
0.046870 0.000183 -0.016018 10 10 10
0.046866 0.000183 -0.016018 10 10 10
0.046862 0.000183 -0.016018 10 10 10
0.046859 0.000183 -0.016018 11 11 11
0.046855 0.000183 -0.016018 10 10 10
0.046851 0.000183 -0.016018 10 10 10
0.046847 0.000183 -0.016018 10 10 10
0.046843 0.000183 -0.016018 11 11 11
0.046839 0.000183 -0.016018 11 11 11
0.046835 0.000183 -0.016018 10 10 10
0.046831 0.000183 -0.016018 11 11 11
0.046828 0.000183 -0.016018 10 10 10
0.046824 0.000183 -0.016018 10 10 10
0.046820 0.000183 -0.016018 10 10 10
0.046816 0.000183 -0.016018 10 10 10
0.046812 0.000183 -0.016018 11 11 11
0.046808 0.000183 -0.016018 10 10 10
0.046804 0.000183 -0.016018 10 10 10
0.046801 0.000183 -0.016018 10 10 10
0.046797 0.000183 -0.016018 10 10 10
0.046793 0.000183 -0.016018 11 11 11
0.046789 0.000183 -0.016018 11 11 11
0.046785 0.000183 -0.016018 10 10 10
0.046781 0.000183 -0.016018 10 10 10
0.046777 0.000183 -0.016018 10 10 10
0.046773 0.000183 -0.016018 10 10 10
0.149703 0.000562 -0.051289 10 10 10
0.149693 0.000562 -0.051289 10 10 10
0.149683 0.000562 -0.051289 10 10 10
0.149672 0.000562 -0.051289 10 10 10
-0.018367 -0.000056 0.006281 11 11 11
-0.018355 -0.000056 0.006277 10 10 10
-0.018355 -0.000056 0.006277 10 10 10
-0.017833 -0.000054 0.006099 10 10 10
0.182320 0.000683 -0.062575 10 10 10
0.182308 0.000683 -0.062575 10 10 10
0.182296 0.000683 -0.062575 10 10 10
0.231617 0.000865 -0.079505 10 10 10
0.231602 0.000865 -0.079505 10 10 10
0.313799 0.001167 -0.107722 10 10 10
-0.018431 -0.000056 0.006305 10 10 10
-0.018419 -0.000056 0.006301 10 10 10
-0.018419 -0.000056 0.006301 11 11 11
-0.018419 -0.000056 0.006301 10 10 10
-0.018419 -0.000056 0.006301 10 10 10
-0.018407 -0.000056 0.006297 10 10 10
-0.018407 -0.000056 0.006297 10 10 10
0.182073 0.000683 -0.062575 11 11 11
0.182061 0.000683 -0.062575 10 10 10
0.182048 0.000683 -0.062575 10 10 10
0.182036 0.000683 -0.062575 10 10 10
0.182023 0.000683 -0.062575 10 10 10
0.182011 0.000683 -0.062575 10 10 10
-0.018404 -0.000056 0.006297 10 10 10
0.125645 0.000475 -0.043227 10 10 10
0.149085 0.000562 -0.051289 10 10 10
0.149074 0.000562 -0.051289 10 10 10
0.181887 0.000683 -0.062575 11 11 11
0.181875 0.000683 -0.062575 10 10 10
0.181863 0.000683 -0.062575 10 10 10
0.181850 0.000683 -0.062575 10 10 10
0.476957 0.001773 -0.164156 10 10 10
0.968905 0.003590 -0.333456 10 10 10
0.968843 0.003590 -0.333456 10 10 10
0.968781 0.003590 -0.333456 10 10 10
0.476833 0.001773 -0.164156 10 10 10
0.476802 0.001773 -0.164156 10 10 10
0.047230 0.000180 -0.016018 11 11 11
0.047226 0.000180 -0.016018 10 10 10
0.047222 0.000180 -0.016018 10 10 10
0.047218 0.000180 -0.016018 10 10 10
0.047214 0.000180 -0.016018 10 10 10
0.047210 0.000180 -0.016018 10 10 10
0.047207 0.000180 -0.016018 10 10 10
0.047203 0.000180 -0.016018 10 10 10
0.047199 0.000180 -0.016018 10 10 10
0.047195 0.000180 -0.016018 10 10 10
0.047191 0.000180 -0.016018 10 10 10
0.047187 0.000180 -0.016018 10 10 10
0.047183 0.000180 -0.016018 10 10 10
0.047179 0.000180 -0.016018 10 10 10
0.047176 0.000180 -0.016018 10 10 10
0.047172 0.000180 -0.016018 11 11 11
0.047168 0.000180 -0.016018 11 11 11
0.047164 0.000180 -0.016018 10 10 10
0.047160 0.000180 -0.016018 10 10 10
0.047156 0.000180 -0.016018 10 10 10
0.047152 0.000180 -0.016018 11 11 11
0.047149 0.000180 -0.016018 11 11 11
0.047145 0.000180 -0.016018 11 11 11
0.047141 0.000180 -0.016018 11 11 11
0.047137 0.000180 -0.016018 10 10 10
0.047133 0.000180 -0.016018 10 10 10
0.047129 0.000180 -0.016018 11 11 11
0.047125 0.000180 -0.016018 10 10 10
0.047121 0.000180 -0.016018 10 10 10
0.047118 0.000180 -0.016018 10 10 10
0.047114 0.000180 -0.016018 10 10 10
0.047110 0.000180 -0.016018 11 11 11
0.047106 0.000180 -0.016018 11 11 11
0.047102 0.000180 -0.016018 11 11 11
0.047098 0.000180 -0.016018 10 10 10
0.047094 0.000180 -0.016018 10 10 10
0.047091 0.000180 -0.016018 11 11 11
0.047087 0.000180 -0.016018 11 11 11
0.047083 0.000180 -0.016018 10 10 10
0.047079 0.000180 -0.016018 10 10 10
0.047075 0.000180 -0.016018 10 10 10
0.047071 0.000180 -0.016018 10 10 10
0.047067 0.000180 -0.016018 11 11 11
0.047063 0.000180 -0.016018 10 10 10
0.047060 0.000180 -0.016018 10 10 10
0.047056 0.000180 -0.016018 10 10 10
0.047052 0.000180 -0.016018 10 10 10
0.047048 0.000180 -0.016018 11 11 11
0.047044 0.000180 -0.016018 10 10 10
0.047040 0.000180 -0.016018 11 11 11
0.047036 0.000180 -0.016018 10 10 10
0.047033 0.000180 -0.016018 10 10 10
0.047029 0.000180 -0.016018 10 10 10
0.047025 0.000180 -0.016018 10 10 10
0.047021 0.000180 -0.016018 10 10 10
0.047017 0.000180 -0.016018 10 10 10
0.047013 0.000180 -0.016018 11 11 11
0.047009 0.000180 -0.016018 10 10 10
0.047005 0.000180 -0.016018 10 10 10
0.047002 0.000180 -0.016018 10 10 10
0.046998 0.000180 -0.016018 10 10 10
0.046994 0.000180 -0.016018 10 10 10
0.046990 0.000180 -0.016018 10 10 10
0.046986 0.000180 -0.016018 10 10 10
0.046982 0.000180 -0.016018 10 10 10
0.046978 0.000180 -0.016018 10 10 10
0.046975 0.000180 -0.016018 10 10 10
0.046971 0.000180 -0.016018 10 10 10
0.046967 0.000180 -0.016018 11 11 11
0.046963 0.000180 -0.016018 10 10 10
0.046959 0.000180 -0.016018 10 10 10
0.046955 0.000180 -0.016018 10 10 10
0.046951 0.000180 -0.016018 10 10 10
0.046947 0.000180 -0.016018 10 10 10
0.046944 0.000180 -0.016018 10 10 10
0.046940 0.000180 -0.016018 10 10 10
0.046936 0.000180 -0.016018 10 10 10
0.046932 0.000180 -0.016018 10 10 10
0.046928 0.000180 -0.016018 10 10 10
0.046924 0.000180 -0.016018 10 10 10
0.046920 0.000180 -0.016018 10 10 10
0.046917 0.000180 -0.016018 10 10 10
0.046913 0.000180 -0.016018 10 10 10
0.046909 0.000180 -0.016018 10 10 10
0.046905 0.000180 -0.016018 10 10 10
0.046901 0.000180 -0.016018 10 10 10
0.046897 0.000180 -0.016018 11 11 11
0.046893 0.000180 -0.016018 11 11 11
0.046889 0.000180 -0.016018 11 11 11
0.046886 0.000180 -0.016018 10 10 10
0.046882 0.000180 -0.016018 10 10 10
0.046878 0.000180 -0.016018 10 10 10
0.046874 0.000180 -0.016018 10 10 10
0.046870 0.000180 -0.016018 10 10 10
0.046866 0.000180 -0.016018 10 10 10
0.046862 0.000180 -0.016018 11 11 11
0.046859 0.000180 -0.016018 11 11 11
0.046855 0.000180 -0.016018 11 11 11
0.046851 0.000180 -0.016018 10 10 10
0.046847 0.000180 -0.016018 10 10 10
0.046843 0.000180 -0.016018 11 11 11
0.046839 0.000180 -0.016018 11 11 11
0.046835 0.000180 -0.016018 10 10 10
0.046831 0.000180 -0.016018 10 10 10
0.046828 0.000180 -0.016018 10 10 10
0.046824 0.000180 -0.016018 10 10 10
0.046820 0.000180 -0.016018 10 10 10
0.046816 0.000180 -0.016018 11 11 11
0.046812 0.000180 -0.016018 10 10 10
0.046808 0.000180 -0.016018 10 10 10
0.046804 0.000180 -0.016018 11 11 11
0.046801 0.000180 -0.016018 10 10 10
0.046797 0.000180 -0.016018 10 10 10
0.046793 0.000180 -0.016018 11 11 11
0.046789 0.000180 -0.016018 10 10 10
0.046785 0.000180 -0.016018 11 11 11
0.046781 0.000180 -0.016018 10 10 10
0.046777 0.000180 -0.016018 10 10 10
0.046773 0.000180 -0.016018 10 10 10
0.046770 0.000180 -0.016018 10 10 10
0.149703 0.000552 -0.051289 10 10 10
0.149693 0.000552 -0.051289 10 10 10
0.149683 0.000552 -0.051289 11 11 11
0.149672 0.000552 -0.051289 11 11 11
-0.018356 -0.000056 0.006277 10 10 10
-0.018344 -0.000056 0.006274 10 10 10
-0.018344 -0.000056 0.006274 10 10 10
-0.018344 -0.000056 0.006274 10 10 10
0.182308 0.000671 -0.062575 10 10 10
0.182296 0.000671 -0.062575 10 10 10
0.231617 0.000849 -0.079505 10 10 10
0.231602 0.000849 -0.079505 11 11 11
0.231586 0.000849 -0.079505 10 10 10
0.231571 0.000849 -0.079505 10 10 10
-0.018419 -0.000056 0.006301 10 10 10
-0.018408 -0.000056 0.006297 10 10 10
-0.018419 -0.000056 0.006301 10 10 10
-0.018407 -0.000056 0.006297 10 10 10
-0.018418 -0.000056 0.006301 10 10 10
-0.018407 -0.000056 0.006297 10 10 10
0.149239 0.000552 -0.051289 10 10 10
0.182085 0.000671 -0.062575 10 10 10
0.182073 0.000671 -0.062575 10 10 10
0.182061 0.000671 -0.062575 10 10 10
0.182048 0.000671 -0.062575 10 10 10
0.182036 0.000671 -0.062575 10 10 10
0.182023 0.000671 -0.062575 10 10 10
0.149167 0.000552 -0.051289 10 10 10
0.125645 0.000467 -0.043227 11 11 11
0.149085 0.000552 -0.051289 10 10 10
0.149074 0.000552 -0.051289 10 10 10
0.181887 0.000671 -0.062575 10 10 10
0.181875 0.000671 -0.062575 11 11 11
0.181863 0.000671 -0.062575 10 10 10
0.181850 0.000671 -0.062575 10 10 10
0.181838 0.000671 -0.062575 10 10 10
0.476957 0.001742 -0.164156 10 10 10
0.476926 0.001742 -0.164156 10 10 10
0.968843 0.003528 -0.333456 11 11 11
0.476864 0.001742 -0.164156 10 10 10
0.476833 0.001742 -0.164156 10 10 10
0.312851 0.001147 -0.107722 11 11 11
0.047230 0.000176 -0.016018 11 11 11
0.047226 0.000176 -0.016018 10 10 10
0.047222 0.000176 -0.016018 10 10 10
0.047218 0.000176 -0.016018 10 10 10
0.047214 0.000176 -0.016018 10 10 10
0.047210 0.000176 -0.016018 10 10 10
0.047207 0.000176 -0.016018 11 11 11
0.047203 0.000176 -0.016018 10 10 10
0.047199 0.000176 -0.016018 11 11 11
0.047195 0.000176 -0.016018 11 11 11
0.047191 0.000176 -0.016018 10 10 10
0.047187 0.000176 -0.016018 10 10 10
0.047183 0.000176 -0.016018 10 10 10
0.047179 0.000176 -0.016018 10 10 10
0.047176 0.000176 -0.016018 10 10 10
0.047172 0.000176 -0.016018 10 10 10
0.047168 0.000176 -0.016018 10 10 10
0.047164 0.000176 -0.016018 10 10 10
0.047160 0.000176 -0.016018 10 10 10
0.047156 0.000176 -0.016018 10 10 10
0.047152 0.000176 -0.016018 10 10 10
0.047149 0.000176 -0.016018 10 10 10
0.047145 0.000176 -0.016018 10 10 10
0.047141 0.000176 -0.016018 11 11 11
0.047137 0.000176 -0.016018 10 10 10
0.047133 0.000176 -0.016018 10 10 10
0.047129 0.000176 -0.016018 11 11 11
0.047125 0.000176 -0.016018 10 10 10
0.047121 0.000176 -0.016018 10 10 10
0.047118 0.000176 -0.016018 10 10 10
0.047114 0.000176 -0.016018 10 10 10
0.047110 0.000176 -0.016018 10 10 10
0.047106 0.000176 -0.016018 10 10 10
0.047102 0.000176 -0.016018 11 11 11
0.047098 0.000176 -0.016018 10 10 10
0.047094 0.000176 -0.016018 10 10 10
0.047091 0.000176 -0.016018 10 10 10
0.047087 0.000176 -0.016018 10 10 10
0.047083 0.000176 -0.016018 10 10 10
0.047079 0.000176 -0.016018 10 10 10
0.047075 0.000176 -0.016018 10 10 10
0.047071 0.000176 -0.016018 11 11 11
0.047067 0.000176 -0.016018 11 11 11
0.047063 0.000176 -0.016018 10 10 10
0.047060 0.000176 -0.016018 10 10 10
0.047056 0.000176 -0.016018 11 11 11
0.047052 0.000176 -0.016018 11 11 11
0.047048 0.000176 -0.016018 11 11 11
0.047044 0.000176 -0.016018 11 11 11
0.047040 0.000176 -0.016018 11 11 11
0.047036 0.000176 -0.016018 11 11 11
0.047033 0.000176 -0.016018 10 10 10
0.047029 0.000176 -0.016018 10 10 10
0.047025 0.000176 -0.016018 10 10 10
0.047021 0.000176 -0.016018 10 10 10
0.047017 0.000176 -0.016018 10 10 10
0.047013 0.000176 -0.016018 10 10 10
0.047009 0.000176 -0.016018 11 11 11
0.047005 0.000176 -0.016018 10 10 10
0.047002 0.000176 -0.016018 10 10 10
0.046998 0.000176 -0.016018 11 11 11
0.046994 0.000176 -0.016018 11 11 11
0.046990 0.000176 -0.016018 10 10 10
0.046986 0.000176 -0.016018 11 11 11
0.046982 0.000176 -0.016018 11 11 11
0.046978 0.000176 -0.016018 11 11 11
0.046975 0.000176 -0.016018 10 10 10
0.046971 0.000176 -0.016018 11 11 11
0.046967 0.000176 -0.016018 10 10 10
0.046963 0.000176 -0.016018 10 10 10
0.046959 0.000176 -0.016018 10 10 10
0.046955 0.000176 -0.016018 10 10 10
0.046951 0.000176 -0.016018 10 10 10
0.046947 0.000176 -0.016018 11 11 11
0.046944 0.000176 -0.016018 10 10 10
0.046940 0.000176 -0.016018 10 10 10
0.046936 0.000176 -0.016018 10 10 10
0.046932 0.000176 -0.016018 10 10 10
0.046928 0.000176 -0.016018 10 10 10
0.046924 0.000176 -0.016018 10 10 10
0.046920 0.000176 -0.016018 10 10 10
0.046917 0.000176 -0.016018 10 10 10
0.046913 0.000176 -0.016018 10 10 10
0.046909 0.000176 -0.016018 10 10 10
0.046905 0.000176 -0.016018 11 11 11
0.046901 0.000176 -0.016018 11 11 11
0.046897 0.000176 -0.016018 11 11 11
0.046893 0.000176 -0.016018 10 10 10
0.046889 0.000176 -0.016018 10 10 10
0.046886 0.000176 -0.016018 10 10 10
0.046882 0.000176 -0.016018 10 10 10
0.046878 0.000176 -0.016018 11 11 11
0.046874 0.000176 -0.016018 10 10 10
0.046870 0.000176 -0.016018 10 10 10
0.046866 0.000176 -0.016018 10 10 10
0.046862 0.000176 -0.016018 10 10 10
0.046859 0.000176 -0.016018 10 10 10
0.046855 0.000176 -0.016018 10 10 10
0.046851 0.000176 -0.016018 11 11 11
0.046847 0.000176 -0.016018 10 10 10
0.046843 0.000176 -0.016018 10 10 10
0.046839 0.000176 -0.016018 11 11 11
0.046835 0.000176 -0.016018 11 11 11
0.046831 0.000176 -0.016018 10 10 10
0.046828 0.000176 -0.016018 10 10 10
0.046824 0.000176 -0.016018 10 10 10
0.046820 0.000176 -0.016018 10 10 10
0.046816 0.000176 -0.016018 11 11 11
0.046812 0.000176 -0.016018 11 11 11
0.046808 0.000176 -0.016018 10 10 10
0.046804 0.000176 -0.016018 10 10 10
0.046801 0.000176 -0.016018 10 10 10
0.046797 0.000176 -0.016018 11 11 11
0.046793 0.000176 -0.016018 10 10 10
0.046789 0.000176 -0.016018 10 10 10
0.046785 0.000176 -0.016018 10 10 10
0.046781 0.000176 -0.016018 10 10 10
0.046777 0.000176 -0.016018 10 10 10
0.046773 0.000176 -0.016018 10 10 10
0.046770 0.000176 -0.016018 10 10 10
0.046766 0.000176 -0.016018 10 10 10
0.126158 0.000458 -0.043227 10 10 10
0.126149 0.000458 -0.043227 11 11 11
0.149672 0.000541 -0.051289 10 10 10
0.126131 0.000458 -0.043227 10 10 10
-0.018345 -0.000055 0.006274 10 10 10
-0.018334 -0.000055 0.006270 10 10 10
-0.018333 -0.000055 0.006270 10 10 10
-0.018333 -0.000055 0.006270 10 10 10
-0.018344 -0.000055 0.006274 11 11 11
-0.018344 -0.000055 0.006274 10 10 10
0.149415 0.000541 -0.051289 10 10 10
0.182296 0.000658 -0.062575 10 10 10
0.231617 0.000834 -0.079505 10 10 10
0.231602 0.000834 -0.079505 10 10 10
0.231586 0.000834 -0.079505 10 10 10
0.231571 0.000834 -0.079505 10 10 10
0.182234 0.000658 -0.062575 10 10 10
-0.018419 -0.000056 0.006301 10 10 10
-0.018419 -0.000056 0.006301 10 10 10
-0.018419 -0.000056 0.006301 10 10 10
0.182184 0.000658 -0.062575 10 10 10
0.125787 0.000458 -0.043227 10 10 10
0.149250 0.000541 -0.051289 10 10 10
0.149239 0.000541 -0.051289 10 10 10
0.182085 0.000658 -0.062575 10 10 10
0.182073 0.000658 -0.062575 11 11 11
0.182061 0.000658 -0.062575 10 10 10
0.182048 0.000658 -0.062575 10 10 10
0.182036 0.000658 -0.062575 10 10 10
0.149177 0.000541 -0.051289 10 10 10
0.149167 0.000541 -0.051289 10 10 10
0.149157 0.000541 -0.051289 11 11 11
0.149147 0.000541 -0.051289 10 10 10
0.149136 0.000541 -0.051289 10 10 10
0.046503 0.000176 -0.016018 10 10 10
0.125636 0.000458 -0.043227 10 10 10
0.149074 0.000541 -0.051289 10 10 10
0.149064 0.000541 -0.051289 10 10 10
0.181875 0.000658 -0.062575 10 10 10
0.181863 0.000658 -0.062575 10 10 10
0.181850 0.000658 -0.062575 10 10 10
0.181838 0.000658 -0.062575 10 10 10
0.476957 0.001711 -0.164156 11 11 11
0.476926 0.001711 -0.164156 10 10 10
0.476895 0.001711 -0.164156 10 10 10
0.476864 0.001711 -0.164156 10 10 10
0.476833 0.001711 -0.164156 11 11 11
0.312851 0.001126 -0.107722 11 11 11
0.047230 0.000172 -0.016018 11 11 11
0.047226 0.000172 -0.016018 10 10 10
0.047222 0.000172 -0.016018 10 10 10
0.047218 0.000172 -0.016018 11 11 11
0.047214 0.000172 -0.016018 10 10 10
0.047210 0.000172 -0.016018 10 10 10
0.047207 0.000172 -0.016018 11 11 11
0.047203 0.000172 -0.016018 10 10 10
0.047199 0.000172 -0.016018 11 11 11
0.047195 0.000172 -0.016018 11 11 11
0.047191 0.000172 -0.016018 10 10 10
0.047187 0.000172 -0.016018 11 11 11
0.047183 0.000172 -0.016018 11 11 11
0.047179 0.000172 -0.016018 10 10 10
0.047176 0.000172 -0.016018 10 10 10
0.047172 0.000172 -0.016018 10 10 10
0.047168 0.000172 -0.016018 10 10 10
0.047164 0.000172 -0.016018 10 10 10
0.047160 0.000172 -0.016018 10 10 10
0.047156 0.000172 -0.016018 10 10 10
0.047152 0.000172 -0.016018 10 10 10
0.047149 0.000172 -0.016018 10 10 10
0.047145 0.000172 -0.016018 10 10 10
0.047141 0.000172 -0.016018 11 11 11
0.047137 0.000172 -0.016018 11 11 11
0.047133 0.000172 -0.016018 10 10 10
0.047129 0.000172 -0.016018 11 11 11
0.047125 0.000172 -0.016018 11 11 11
0.047121 0.000172 -0.016018 10 10 10
0.047118 0.000172 -0.016018 10 10 10
0.047114 0.000172 -0.016018 10 10 10
0.047110 0.000172 -0.016018 10 10 10
0.047106 0.000172 -0.016018 11 11 11
0.047102 0.000172 -0.016018 11 11 11
0.047098 0.000172 -0.016018 10 10 10
0.047094 0.000172 -0.016018 10 10 10
0.047091 0.000172 -0.016018 10 10 10
0.047087 0.000172 -0.016018 10 10 10
0.047083 0.000172 -0.016018 10 10 10
0.047079 0.000172 -0.016018 11 11 11
0.047075 0.000172 -0.016018 10 10 10
0.047071 0.000172 -0.016018 10 10 10
0.047067 0.000172 -0.016018 10 10 10
0.047063 0.000172 -0.016018 10 10 10
0.047060 0.000172 -0.016018 11 11 11
0.047056 0.000172 -0.016018 11 11 11
0.047052 0.000172 -0.016018 11 11 11
0.047048 0.000172 -0.016018 10 10 10
0.047044 0.000172 -0.016018 10 10 10
0.047040 0.000172 -0.016018 11 11 11
0.047036 0.000172 -0.016018 11 11 11
0.047033 0.000172 -0.016018 10 10 10
0.047029 0.000172 -0.016018 10 10 10
0.047025 0.000172 -0.016018 10 10 10
0.047021 0.000172 -0.016018 11 11 11
0.047017 0.000172 -0.016018 10 10 10
0.047013 0.000172 -0.016018 10 10 10
0.047009 0.000172 -0.016018 10 10 10
0.047005 0.000172 -0.016018 10 10 10
0.047002 0.000172 -0.016018 10 10 10
0.046998 0.000172 -0.016018 10 10 10
0.046994 0.000172 -0.016018 10 10 10
0.046990 0.000172 -0.016018 10 10 10
0.046986 0.000172 -0.016018 10 10 10
0.046982 0.000172 -0.016018 11 11 11
0.046978 0.000172 -0.016018 11 11 11
0.046975 0.000172 -0.016018 10 10 10
0.046971 0.000172 -0.016018 10 10 10
0.046967 0.000172 -0.016018 10 10 10
0.046963 0.000172 -0.016018 10 10 10
0.046959 0.000172 -0.016018 10 10 10
0.046955 0.000172 -0.016018 10 10 10
0.046951 0.000172 -0.016018 10 10 10
0.046947 0.000172 -0.016018 11 11 11
0.046944 0.000172 -0.016018 11 11 11
0.046940 0.000172 -0.016018 10 10 10
0.046936 0.000172 -0.016018 10 10 10
0.046932 0.000172 -0.016018 10 10 10
0.046928 0.000172 -0.016018 10 10 10
0.046924 0.000172 -0.016018 10 10 10
0.046920 0.000172 -0.016018 11 11 11
0.046917 0.000172 -0.016018 11 11 11
0.046913 0.000172 -0.016018 10 10 10
0.046909 0.000172 -0.016018 11 11 11
0.046905 0.000172 -0.016018 11 11 11
0.046901 0.000172 -0.016018 11 11 11
0.046897 0.000172 -0.016018 11 11 11
0.046893 0.000172 -0.016018 10 10 10
0.046889 0.000172 -0.016018 10 10 10
0.046886 0.000172 -0.016018 10 10 10
0.046882 0.000172 -0.016018 10 10 10
0.046878 0.000172 -0.016018 11 11 11
0.046874 0.000172 -0.016018 10 10 10
0.046870 0.000172 -0.016018 10 10 10
0.046866 0.000172 -0.016018 10 10 10
0.046862 0.000172 -0.016018 10 10 10
0.046859 0.000172 -0.016018 10 10 10
0.046855 0.000172 -0.016018 10 10 10
0.046851 0.000172 -0.016018 10 10 10
0.046847 0.000172 -0.016018 10 10 10
0.046843 0.000172 -0.016018 10 10 10
0.046839 0.000172 -0.016018 10 10 10
0.046835 0.000172 -0.016018 10 10 10
0.046831 0.000172 -0.016018 10 10 10
0.046828 0.000172 -0.016018 10 10 10
0.046824 0.000172 -0.016018 10 10 10
0.046820 0.000172 -0.016018 11 11 11
0.046816 0.000172 -0.016018 11 11 11
0.046812 0.000172 -0.016018 10 10 10
0.046808 0.000172 -0.016018 10 10 10
0.046804 0.000172 -0.016018 10 10 10
0.046801 0.000172 -0.016018 10 10 10
0.046797 0.000172 -0.016018 11 11 11
0.046793 0.000172 -0.016018 10 10 10
0.046789 0.000172 -0.016018 10 10 10
0.046785 0.000172 -0.016018 10 10 10
0.046781 0.000172 -0.016018 10 10 10
0.046777 0.000172 -0.016018 11 11 11
0.046773 0.000172 -0.016018 11 11 11
0.046770 0.000172 -0.016018 11 11 11
0.046766 0.000172 -0.016018 11 11 11
0.046762 0.000172 -0.016018 11 11 11
0.126149 0.000449 -0.043227 10 10 10
0.149672 0.000531 -0.051289 10 10 10
0.126131 0.000449 -0.043227 10 10 10
0.149559 0.000531 -0.051289 10 10 10
-0.018345 -0.000055 0.006274 10 10 10
-0.018334 -0.000055 0.006270 10 10 10
-0.018322 -0.000055 0.006266 10 10 10
-0.018322 -0.000055 0.006266 11 11 11
-0.018322 -0.000055 0.006266 11 11 11
-0.018322 -0.000055 0.006266 10 10 10
-0.018343 -0.000055 0.006274 10 10 10
0.149415 0.000531 -0.051289 10 10 10
0.182296 0.000646 -0.062575 10 10 10
0.231617 0.000818 -0.079505 10 10 10
0.231602 0.000818 -0.079505 10 10 10
0.231586 0.000818 -0.079505 10 10 10
0.231571 0.000818 -0.079505 10 10 10
0.182234 0.000646 -0.062575 10 10 10
0.182221 0.000646 -0.062575 10 10 10
0.182209 0.000646 -0.062575 10 10 10
0.182197 0.000646 -0.062575 10 10 10
0.182184 0.000646 -0.062575 11 11 11
0.182172 0.000646 -0.062575 11 11 11
0.182160 0.000646 -0.062575 11 11 11
0.149260 0.000531 -0.051289 10 10 10
0.149250 0.000531 -0.051289 10 10 10
0.149239 0.000531 -0.051289 10 10 10
0.182085 0.000646 -0.062575 10 10 10
0.182073 0.000646 -0.062575 10 10 10
0.182061 0.000646 -0.062575 10 10 10
0.182048 0.000646 -0.062575 10 10 10
0.182036 0.000646 -0.062575 10 10 10
0.149177 0.000531 -0.051289 10 10 10
0.149167 0.000531 -0.051289 11 11 11
0.149157 0.000531 -0.051289 11 11 11
0.149147 0.000531 -0.051289 11 11 11
0.181974 0.000646 -0.062575 10 10 10
0.181962 0.000646 -0.062575 10 10 10
0.046499 0.000172 -0.016018 10 10 10
0.149074 0.000531 -0.051289 10 10 10
0.149064 0.000531 -0.051289 10 10 10
0.181875 0.000646 -0.062575 10 10 10
0.181863 0.000646 -0.062575 10 10 10
0.181850 0.000646 -0.062575 10 10 10
0.181838 0.000646 -0.062575 10 10 10
0.231045 0.000818 -0.079505 10 10 10
0.476957 0.001680 -0.164156 11 11 11
0.476926 0.001680 -0.164156 10 10 10
0.968843 0.003404 -0.333456 10 10 10
0.968781 0.003404 -0.333456 11 11 11
0.476833 0.001680 -0.164156 10 10 10
0.312851 0.001106 -0.107722 11 11 11
0.047230 0.000168 -0.016018 11 11 11
0.047226 0.000168 -0.016018 11 11 11
0.047222 0.000168 -0.016018 10 10 10
0.047218 0.000168 -0.016018 10 10 10
0.047214 0.000168 -0.016018 10 10 10
0.047210 0.000168 -0.016018 10 10 10
0.047207 0.000168 -0.016018 10 10 10
0.047203 0.000168 -0.016018 10 10 10
0.047199 0.000168 -0.016018 10 10 10
0.047195 0.000168 -0.016018 10 10 10
0.047191 0.000168 -0.016018 10 10 10
0.047187 0.000168 -0.016018 11 11 11
0.047183 0.000168 -0.016018 10 10 10
0.047179 0.000168 -0.016018 10 10 10
0.047176 0.000168 -0.016018 10 10 10
0.047172 0.000168 -0.016018 10 10 10
0.047168 0.000168 -0.016018 10 10 10
0.047164 0.000168 -0.016018 11 11 11
0.047160 0.000168 -0.016018 11 11 11
0.047156 0.000168 -0.016018 10 10 10
0.047152 0.000168 -0.016018 11 11 11
0.047149 0.000168 -0.016018 11 11 11
0.047145 0.000168 -0.016018 10 10 10
0.047141 0.000168 -0.016018 11 11 11
0.047137 0.000168 -0.016018 11 11 11
0.047133 0.000168 -0.016018 10 10 10
0.047129 0.000168 -0.016018 10 10 10
0.047125 0.000168 -0.016018 11 11 11
0.047121 0.000168 -0.016018 11 11 11
0.047118 0.000168 -0.016018 11 11 11
0.047114 0.000168 -0.016018 10 10 10
0.047110 0.000168 -0.016018 10 10 10
0.047106 0.000168 -0.016018 10 10 10
0.047102 0.000168 -0.016018 10 10 10
0.047098 0.000168 -0.016018 10 10 10
0.047094 0.000168 -0.016018 10 10 10
0.047091 0.000168 -0.016018 10 10 10
0.047087 0.000168 -0.016018 10 10 10
0.047083 0.000168 -0.016018 11 11 11
0.047079 0.000168 -0.016018 10 10 10
0.047075 0.000168 -0.016018 10 10 10
0.047071 0.000168 -0.016018 10 10 10
0.047067 0.000168 -0.016018 10 10 10
0.047063 0.000168 -0.016018 10 10 10
0.047060 0.000168 -0.016018 11 11 11
0.047056 0.000168 -0.016018 11 11 11
0.047052 0.000168 -0.016018 10 10 10
0.047048 0.000168 -0.016018 10 10 10
0.047044 0.000168 -0.016018 11 11 11
0.047040 0.000168 -0.016018 10 10 10
0.047036 0.000168 -0.016018 10 10 10
0.047033 0.000168 -0.016018 11 11 11
0.047029 0.000168 -0.016018 10 10 10
0.047025 0.000168 -0.016018 10 10 10
0.047021 0.000168 -0.016018 10 10 10
0.047017 0.000168 -0.016018 10 10 10
0.047013 0.000168 -0.016018 10 10 10
0.047009 0.000168 -0.016018 10 10 10
0.047005 0.000168 -0.016018 10 10 10
0.047002 0.000168 -0.016018 10 10 10
0.046998 0.000168 -0.016018 10 10 10
0.046994 0.000168 -0.016018 10 10 10
0.046990 0.000168 -0.016018 10 10 10
0.046986 0.000168 -0.016018 11 11 11
0.046982 0.000168 -0.016018 11 11 11
0.046978 0.000168 -0.016018 11 11 11
0.046975 0.000168 -0.016018 10 10 10
0.046971 0.000168 -0.016018 10 10 10
0.046967 0.000168 -0.016018 10 10 10
0.046963 0.000168 -0.016018 10 10 10
0.046959 0.000168 -0.016018 10 10 10
0.046955 0.000168 -0.016018 10 10 10
0.046951 0.000168 -0.016018 10 10 10
0.046947 0.000168 -0.016018 10 10 10
0.046944 0.000168 -0.016018 10 10 10
0.046940 0.000168 -0.016018 10 10 10
0.046936 0.000168 -0.016018 10 10 10
0.046932 0.000168 -0.016018 10 10 10
0.046928 0.000168 -0.016018 10 10 10
0.046924 0.000168 -0.016018 10 10 10
0.046920 0.000168 -0.016018 10 10 10
0.046917 0.000168 -0.016018 11 11 11
0.046913 0.000168 -0.016018 11 11 11
0.046909 0.000168 -0.016018 11 11 11
0.046905 0.000168 -0.016018 11 11 11
0.046901 0.000168 -0.016018 11 11 11
0.046897 0.000168 -0.016018 10 10 10
0.046893 0.000168 -0.016018 10 10 10
0.046889 0.000168 -0.016018 10 10 10
0.046886 0.000168 -0.016018 11 11 11
0.046882 0.000168 -0.016018 10 10 10
0.046878 0.000168 -0.016018 10 10 10
0.046874 0.000168 -0.016018 10 10 10
0.046870 0.000168 -0.016018 10 10 10
0.046866 0.000168 -0.016018 10 10 10
0.046862 0.000168 -0.016018 10 10 10
0.046859 0.000168 -0.016018 10 10 10
0.046855 0.000168 -0.016018 11 11 11
0.046851 0.000168 -0.016018 11 11 11
0.046847 0.000168 -0.016018 10 10 10
0.046843 0.000168 -0.016018 10 10 10
0.046839 0.000168 -0.016018 10 10 10
0.046835 0.000168 -0.016018 10 10 10
0.046831 0.000168 -0.016018 11 11 11
0.046828 0.000168 -0.016018 10 10 10
0.046824 0.000168 -0.016018 10 10 10
0.046820 0.000168 -0.016018 11 11 11
0.046816 0.000168 -0.016018 10 10 10
0.046812 0.000168 -0.016018 10 10 10
0.046808 0.000168 -0.016018 10 10 10
0.046804 0.000168 -0.016018 10 10 10
0.046801 0.000168 -0.016018 10 10 10
0.046797 0.000168 -0.016018 11 11 11
0.046793 0.000168 -0.016018 11 11 11
0.046789 0.000168 -0.016018 10 10 10
0.046785 0.000168 -0.016018 10 10 10
0.046781 0.000168 -0.016018 10 10 10
0.046777 0.000168 -0.016018 10 10 10
0.046773 0.000168 -0.016018 10 10 10
0.046770 0.000168 -0.016018 10 10 10
0.046766 0.000168 -0.016018 11 11 11
0.046762 0.000168 -0.016018 11 11 11
0.046758 0.000168 -0.016018 11 11 11
0.149693 0.000521 -0.051289 11 11 11
0.149683 0.000521 -0.051289 10 10 10
0.149672 0.000521 -0.051289 10 10 10
0.149662 0.000521 -0.051289 11 11 11
0.149652 0.000521 -0.051289 11 11 11
0.149569 0.000521 -0.051289 11 11 11
0.149559 0.000521 -0.051289 10 10 10
0.149549 0.000521 -0.051289 10 10 10
-0.018334 -0.000055 0.006270 11 11 11
-0.018322 -0.000055 0.006266 11 11 11
-0.018322 -0.000055 0.006266 11 11 11
-0.018322 -0.000055 0.006266 11 11 11
-0.018322 -0.000055 0.006266 10 10 10
0.149487 0.000521 -0.051289 11 11 11
0.149425 0.000521 -0.051289 10 10 10
0.149415 0.000521 -0.051289 10 10 10
0.182296 0.000634 -0.062575 11 11 11
0.231617 0.000803 -0.079505 10 10 10
0.231602 0.000803 -0.079505 10 10 10
0.231586 0.000803 -0.079505 10 10 10
0.231571 0.000803 -0.079505 10 10 10
0.231555 0.000803 -0.079505 10 10 10
0.182221 0.000634 -0.062575 10 10 10
0.182209 0.000634 -0.062575 10 10 10
0.182197 0.000634 -0.062575 10 10 10
0.182184 0.000634 -0.062575 11 11 11
0.231478 0.000803 -0.079505 11 11 11
0.231463 0.000803 -0.079505 11 11 11
0.182147 0.000634 -0.062575 10 10 10
0.149270 0.000521 -0.051289 10 10 10
0.149260 0.000521 -0.051289 11 11 11
0.182110 0.000634 -0.062575 10 10 10
0.182098 0.000634 -0.062575 10 10 10
0.182085 0.000634 -0.062575 10 10 10
0.231354 0.000803 -0.079505 10 10 10
0.231339 0.000803 -0.079505 10 10 10
0.231323 0.000803 -0.079505 10 10 10
0.231308 0.000803 -0.079505 10 10 10
0.182023 0.000634 -0.062575 10 10 10
0.182011 0.000634 -0.062575 10 10 10
0.181999 0.000634 -0.062575 11 11 11
0.181986 0.000634 -0.062575 11 11 11
0.181974 0.000634 -0.062575 11 11 11
0.181962 0.000634 -0.062575 11 11 11
0.181949 0.000634 -0.062575 11 11 11
0.046503 0.000168 -0.016018 11 11 11
0.149085 0.000521 -0.051289 10 10 10
0.149074 0.000521 -0.051289 10 10 10
0.181887 0.000634 -0.062575 10 10 10
0.181875 0.000634 -0.062575 10 10 10
0.231091 0.000803 -0.079505 10 10 10
0.231076 0.000803 -0.079505 10 10 10
0.231060 0.000803 -0.079505 11 11 11
0.313078 0.001085 -0.107722 11 11 11
0.313057 0.001085 -0.107722 10 10 10
0.313036 0.001085 -0.107722 10 10 10
0.230999 0.000803 -0.079505 10 10 10
0.312974 0.001085 -0.107722 10 10 10
0.476957 0.001649 -0.164156 10 10 10
0.968905 0.003342 -0.333456 11 11 11
0.968843 0.003342 -0.333456 11 11 11
0.968781 0.003342 -0.333456 10 10 10
0.968719 0.003342 -0.333456 10 10 10
0.476802 0.001649 -0.164156 10 10 10
0.047230 0.000164 -0.016018 10 10 10
0.047226 0.000164 -0.016018 10 10 10
0.047222 0.000164 -0.016018 10 10 10
0.047218 0.000164 -0.016018 10 10 10
0.047214 0.000164 -0.016018 10 10 10
0.047210 0.000164 -0.016018 11 11 11
0.047207 0.000164 -0.016018 10 10 10
0.047203 0.000164 -0.016018 10 10 10
0.047199 0.000164 -0.016018 10 10 10
0.047195 0.000164 -0.016018 10 10 10
0.047191 0.000164 -0.016018 10 10 10
0.047187 0.000164 -0.016018 11 11 11
0.047183 0.000164 -0.016018 11 11 11
0.047179 0.000164 -0.016018 10 10 10
0.047176 0.000164 -0.016018 10 10 10
0.047172 0.000164 -0.016018 10 10 10
0.047168 0.000164 -0.016018 10 10 10
0.047164 0.000164 -0.016018 11 11 11
0.047160 0.000164 -0.016018 11 11 11
0.047156 0.000164 -0.016018 11 11 11
0.047152 0.000164 -0.016018 10 10 10
0.047149 0.000164 -0.016018 10 10 10
0.047145 0.000164 -0.016018 11 11 11
0.047141 0.000164 -0.016018 11 11 11
0.047137 0.000164 -0.016018 10 10 10
0.047133 0.000164 -0.016018 10 10 10
0.047129 0.000164 -0.016018 10 10 10
0.047125 0.000164 -0.016018 10 10 10
0.047121 0.000164 -0.016018 10 10 10
0.047118 0.000164 -0.016018 10 10 10
0.047114 0.000164 -0.016018 10 10 10
0.047110 0.000164 -0.016018 10 10 10
0.047106 0.000164 -0.016018 10 10 10
0.047102 0.000164 -0.016018 10 10 10
0.047098 0.000164 -0.016018 10 10 10
0.047094 0.000164 -0.016018 11 11 11
0.047091 0.000164 -0.016018 10 10 10
0.047087 0.000164 -0.016018 10 10 10
0.047083 0.000164 -0.016018 10 10 10
0.047079 0.000164 -0.016018 10 10 10
0.047075 0.000164 -0.016018 10 10 10
0.047071 0.000164 -0.016018 10 10 10
0.047067 0.000164 -0.016018 10 10 10
0.047063 0.000164 -0.016018 10 10 10
0.047060 0.000164 -0.016018 11 11 11
0.047056 0.000164 -0.016018 11 11 11
0.047052 0.000164 -0.016018 10 10 10
0.047048 0.000164 -0.016018 10 10 10
0.047044 0.000164 -0.016018 10 10 10
0.047040 0.000164 -0.016018 10 10 10
0.047036 0.000164 -0.016018 10 10 10
0.047033 0.000164 -0.016018 11 11 11
0.047029 0.000164 -0.016018 11 11 11
0.047025 0.000164 -0.016018 10 10 10
0.047021 0.000164 -0.016018 10 10 10
0.047017 0.000164 -0.016018 10 10 10
0.047013 0.000164 -0.016018 11 11 11
0.047009 0.000164 -0.016018 11 11 11
0.047005 0.000164 -0.016018 11 11 11
0.047002 0.000164 -0.016018 10 10 10
0.046998 0.000164 -0.016018 10 10 10
0.046994 0.000164 -0.016018 10 10 10
0.046990 0.000164 -0.016018 10 10 10
0.046986 0.000164 -0.016018 11 11 11
0.046982 0.000164 -0.016018 11 11 11
0.046978 0.000164 -0.016018 10 10 10
0.046975 0.000164 -0.016018 11 11 11
0.046971 0.000164 -0.016018 10 10 10
0.046967 0.000164 -0.016018 10 10 10
0.046963 0.000164 -0.016018 11 11 11
0.046959 0.000164 -0.016018 10 10 10
0.046955 0.000164 -0.016018 10 10 10
0.046951 0.000164 -0.016018 10 10 10
0.046947 0.000164 -0.016018 10 10 10
0.046944 0.000164 -0.016018 10 10 10
0.046940 0.000164 -0.016018 10 10 10
0.046936 0.000164 -0.016018 11 11 11
0.046932 0.000164 -0.016018 11 11 11
0.046928 0.000164 -0.016018 11 11 11
0.046924 0.000164 -0.016018 10 10 10
0.046920 0.000164 -0.016018 10 10 10
0.046917 0.000164 -0.016018 11 11 11
0.046913 0.000164 -0.016018 10 10 10
0.046909 0.000164 -0.016018 11 11 11
0.046905 0.000164 -0.016018 11 11 11
0.046901 0.000164 -0.016018 11 11 11
0.046897 0.000164 -0.016018 11 11 11
0.046893 0.000164 -0.016018 10 10 10
0.046889 0.000164 -0.016018 11 11 11
0.046886 0.000164 -0.016018 11 11 11
0.046882 0.000164 -0.016018 11 11 11
0.046878 0.000164 -0.016018 10 10 10
0.046874 0.000164 -0.016018 10 10 10
0.046870 0.000164 -0.016018 11 11 11
0.046866 0.000164 -0.016018 11 11 11
0.046862 0.000164 -0.016018 10 10 10
0.046859 0.000164 -0.016018 10 10 10
0.046855 0.000164 -0.016018 11 11 11
0.046851 0.000164 -0.016018 11 11 11
0.046847 0.000164 -0.016018 10 10 10
0.046843 0.000164 -0.016018 10 10 10
0.046839 0.000164 -0.016018 10 10 10
0.046835 0.000164 -0.016018 10 10 10
0.046831 0.000164 -0.016018 10 10 10
0.046828 0.000164 -0.016018 11 11 11
0.046824 0.000164 -0.016018 10 10 10
0.046820 0.000164 -0.016018 10 10 10
0.046816 0.000164 -0.016018 11 11 11
0.046812 0.000164 -0.016018 10 10 10
0.046808 0.000164 -0.016018 10 10 10
0.046804 0.000164 -0.016018 11 11 11
0.046801 0.000164 -0.016018 11 11 11
0.046797 0.000164 -0.016018 11 11 11
0.046793 0.000164 -0.016018 11 11 11
0.046789 0.000164 -0.016018 11 11 11
0.046785 0.000164 -0.016018 11 11 11
0.046781 0.000164 -0.016018 11 11 11
0.046777 0.000164 -0.016018 10 10 10
0.046773 0.000164 -0.016018 10 10 10
0.046770 0.000164 -0.016018 10 10 10
0.046766 0.000164 -0.016018 10 10 10
0.046762 0.000164 -0.016018 10 10 10
0.046758 0.000164 -0.016018 10 10 10
0.149765 0.000510 -0.051289 11 11 11
0.149755 0.000510 -0.051289 11 11 11
0.149745 0.000510 -0.051289 11 11 11
0.149734 0.000510 -0.051289 10 10 10
0.149724 0.000510 -0.051289 11 11 11
0.149714 0.000510 -0.051289 11 11 11
0.149703 0.000510 -0.051289 10 10 10
0.149693 0.000510 -0.051289 10 10 10
0.149683 0.000510 -0.051289 10 10 10
0.182618 0.000621 -0.062575 10 10 10
0.182605 0.000621 -0.062575 11 11 11
0.182593 0.000621 -0.062575 10 10 10
0.182580 0.000621 -0.062575 10 10 10
0.182568 0.000621 -0.062575 10 10 10
0.149621 0.000510 -0.051289 10 10 10
0.149611 0.000510 -0.051289 10 10 10
0.149600 0.000510 -0.051289 10 10 10
0.149590 0.000510 -0.051289 10 10 10
0.149580 0.000510 -0.051289 10 10 10
0.149569 0.000510 -0.051289 10 10 10
0.149559 0.000510 -0.051289 10 10 10
0.149549 0.000510 -0.051289 10 10 10
0.149538 0.000510 -0.051289 11 11 11
0.149528 0.000510 -0.051289 11 11 11
0.149518 0.000510 -0.051289 11 11 11
0.125999 0.000431 -0.043227 10 10 10
0.125990 0.000431 -0.043227 10 10 10
0.149487 0.000510 -0.051289 11 11 11
0.149477 0.000510 -0.051289 11 11 11
0.149446 0.000510 -0.051289 11 11 11
0.149435 0.000510 -0.051289 10 10 10
0.149425 0.000510 -0.051289 10 10 10
0.149415 0.000510 -0.051289 10 10 10
0.182296 0.000621 -0.062575 11 11 11
0.231617 0.000787 -0.079505 10 10 10
0.313820 0.001064 -0.107722 10 10 10
0.313799 0.001064 -0.107722 10 10 10
0.231571 0.000787 -0.079505 10 10 10
0.231555 0.000787 -0.079505 11 11 11
0.231540 0.000787 -0.079505 11 11 11
0.231525 0.000787 -0.079505 10 10 10
0.231509 0.000787 -0.079505 10 10 10
0.231494 0.000787 -0.079505 11 11 11
0.231478 0.000787 -0.079505 10 10 10
0.231463 0.000787 -0.079505 10 10 10
0.231447 0.000787 -0.079505 10 10 10
0.182135 0.000621 -0.062575 11 11 11
0.182122 0.000621 -0.062575 11 11 11
0.182110 0.000621 -0.062575 10 10 10
0.182098 0.000621 -0.062575 10 10 10
0.231370 0.000787 -0.079505 10 10 10
0.231354 0.000787 -0.079505 11 11 11
0.231339 0.000787 -0.079505 11 11 11
0.231323 0.000787 -0.079505 11 11 11
0.231308 0.000787 -0.079505 11 11 11
0.231293 0.000787 -0.079505 10 10 10
0.231277 0.000787 -0.079505 10 10 10
0.231262 0.000787 -0.079505 10 10 10
0.231246 0.000787 -0.079505 11 11 11
0.231231 0.000787 -0.079505 11 11 11
0.231215 0.000787 -0.079505 10 10 10
0.181949 0.000621 -0.062575 11 11 11
0.181937 0.000621 -0.062575 10 10 10
0.181924 0.000621 -0.062575 11 11 11
0.181912 0.000621 -0.062575 11 11 11
0.181900 0.000621 -0.062575 10 10 10
0.231122 0.000787 -0.079505 11 11 11
0.231107 0.000787 -0.079505 10 10 10
0.231091 0.000787 -0.079505 10 10 10
0.231076 0.000787 -0.079505 10 10 10
0.313098 0.001064 -0.107722 10 10 10
0.313078 0.001064 -0.107722 10 10 10
0.313057 0.001064 -0.107722 10 10 10
0.313036 0.001064 -0.107722 10 10 10
0.313016 0.001064 -0.107722 10 10 10
0.312995 0.001064 -0.107722 10 10 10
0.476988 0.001618 -0.164156 10 10 10
0.968967 0.003280 -0.333456 11 11 11
0.968905 0.003280 -0.333456 11 11 11
0.968657 0.003280 -0.333456 11 11 11
0.047230 0.000160 -0.016018 10 10 10
0.047226 0.000160 -0.016018 10 10 10
0.047222 0.000160 -0.016018 11 11 11
0.047218 0.000160 -0.016018 11 11 11
0.047214 0.000160 -0.016018 10 10 10
0.047210 0.000160 -0.016018 11 11 11
0.047207 0.000160 -0.016018 11 11 11
0.047203 0.000160 -0.016018 11 11 11
0.047199 0.000160 -0.016018 10 10 10
0.047195 0.000160 -0.016018 10 10 10
0.047191 0.000160 -0.016018 11 11 11
0.047187 0.000160 -0.016018 11 11 11
0.047183 0.000160 -0.016018 11 11 11
0.047179 0.000160 -0.016018 10 10 10
0.047176 0.000160 -0.016018 11 11 11
0.047172 0.000160 -0.016018 10 10 10
0.047168 0.000160 -0.016018 10 10 10
0.047164 0.000160 -0.016018 10 10 10
0.047160 0.000160 -0.016018 10 10 10
0.047156 0.000160 -0.016018 11 11 11
0.047152 0.000160 -0.016018 11 11 11
0.047149 0.000160 -0.016018 10 10 10
0.047145 0.000160 -0.016018 10 10 10
0.047141 0.000160 -0.016018 11 11 11
0.047137 0.000160 -0.016018 10 10 10
0.047133 0.000160 -0.016018 10 10 10
0.047129 0.000160 -0.016018 10 10 10
0.047125 0.000160 -0.016018 10 10 10
0.047121 0.000160 -0.016018 11 11 11
0.047118 0.000160 -0.016018 10 10 10
0.047114 0.000160 -0.016018 10 10 10
0.047110 0.000160 -0.016018 10 10 10
0.047106 0.000160 -0.016018 10 10 10
0.047102 0.000160 -0.016018 10 10 10
0.047098 0.000160 -0.016018 10 10 10
0.047094 0.000160 -0.016018 10 10 10
0.047091 0.000160 -0.016018 11 11 11
0.047087 0.000160 -0.016018 11 11 11
0.047083 0.000160 -0.016018 10 10 10
0.047079 0.000160 -0.016018 10 10 10
0.047075 0.000160 -0.016018 10 10 10
0.047071 0.000160 -0.016018 10 10 10
0.047067 0.000160 -0.016018 10 10 10
0.047063 0.000160 -0.016018 10 10 10
0.047060 0.000160 -0.016018 10 10 10
0.047056 0.000160 -0.016018 10 10 10
0.047052 0.000160 -0.016018 10 10 10
0.047048 0.000160 -0.016018 10 10 10
0.047044 0.000160 -0.016018 10 10 10
0.047040 0.000160 -0.016018 11 11 11
0.047036 0.000160 -0.016018 10 10 10
0.047033 0.000160 -0.016018 10 10 10
0.047029 0.000160 -0.016018 11 11 11
0.047025 0.000160 -0.016018 10 10 10
0.047021 0.000160 -0.016018 10 10 10
0.047017 0.000160 -0.016018 10 10 10
0.047013 0.000160 -0.016018 10 10 10
0.047009 0.000160 -0.016018 10 10 10
0.047005 0.000160 -0.016018 11 11 11
0.047002 0.000160 -0.016018 10 10 10
0.046998 0.000160 -0.016018 11 11 11
0.046994 0.000160 -0.016018 11 11 11
0.046990 0.000160 -0.016018 10 10 10
0.046986 0.000160 -0.016018 10 10 10
0.046982 0.000160 -0.016018 10 10 10
0.046978 0.000160 -0.016018 10 10 10
0.046975 0.000160 -0.016018 11 11 11
0.046971 0.000160 -0.016018 11 11 11
0.046967 0.000160 -0.016018 10 10 10
0.046963 0.000160 -0.016018 10 10 10
0.046959 0.000160 -0.016018 10 10 10
0.046955 0.000160 -0.016018 10 10 10
0.046951 0.000160 -0.016018 10 10 10
0.046947 0.000160 -0.016018 10 10 10
0.046944 0.000160 -0.016018 10 10 10
0.046940 0.000160 -0.016018 11 11 11
0.046936 0.000160 -0.016018 11 11 11
0.046932 0.000160 -0.016018 10 10 10
0.046928 0.000160 -0.016018 11 11 11
0.046924 0.000160 -0.016018 11 11 11
0.046920 0.000160 -0.016018 10 10 10
0.046917 0.000160 -0.016018 10 10 10
0.046913 0.000160 -0.016018 10 10 10
0.046909 0.000160 -0.016018 11 11 11
0.046905 0.000160 -0.016018 10 10 10
0.046901 0.000160 -0.016018 10 10 10
0.046897 0.000160 -0.016018 10 10 10
0.046893 0.000160 -0.016018 11 11 11
0.046889 0.000160 -0.016018 11 11 11
0.046886 0.000160 -0.016018 10 10 10
0.046882 0.000160 -0.016018 10 10 10
0.046878 0.000160 -0.016018 10 10 10
0.046874 0.000160 -0.016018 10 10 10
0.046870 0.000160 -0.016018 11 11 11
0.046866 0.000160 -0.016018 10 10 10
0.046862 0.000160 -0.016018 10 10 10
0.046859 0.000160 -0.016018 10 10 10
0.046855 0.000160 -0.016018 10 10 10
0.046851 0.000160 -0.016018 10 10 10
0.046847 0.000160 -0.016018 10 10 10
0.046843 0.000160 -0.016018 10 10 10
0.046839 0.000160 -0.016018 10 10 10
0.046835 0.000160 -0.016018 10 10 10
0.046831 0.000160 -0.016018 11 11 11
0.046828 0.000160 -0.016018 10 10 10
0.046824 0.000160 -0.016018 10 10 10
0.046820 0.000160 -0.016018 10 10 10
0.046816 0.000160 -0.016018 11 11 11
0.046812 0.000160 -0.016018 10 10 10
0.046808 0.000160 -0.016018 10 10 10
0.046804 0.000160 -0.016018 10 10 10
0.046801 0.000160 -0.016018 10 10 10
0.046797 0.000160 -0.016018 10 10 10
0.046793 0.000160 -0.016018 10 10 10
0.046789 0.000160 -0.016018 11 11 11
0.046785 0.000160 -0.016018 11 11 11
0.046781 0.000160 -0.016018 11 11 11
0.046777 0.000160 -0.016018 11 11 11
0.046773 0.000160 -0.016018 10 10 10
0.046770 0.000160 -0.016018 10 10 10
0.046766 0.000160 -0.016018 10 10 10
0.046762 0.000160 -0.016018 10 10 10
0.126229 0.000422 -0.043227 10 10 10
0.149765 0.000500 -0.051289 10 10 10
0.149755 0.000500 -0.051289 11 11 11
0.149745 0.000500 -0.051289 11 11 11
0.149734 0.000500 -0.051289 11 11 11
0.149724 0.000500 -0.051289 10 10 10
0.149714 0.000500 -0.051289 10 10 10
0.149703 0.000500 -0.051289 10 10 10
0.149693 0.000500 -0.051289 10 10 10
0.182630 0.000609 -0.062575 10 10 10
0.182618 0.000609 -0.062575 10 10 10
0.182605 0.000609 -0.062575 11 11 11
0.182593 0.000609 -0.062575 11 11 11
0.182580 0.000609 -0.062575 10 10 10
0.182568 0.000609 -0.062575 10 10 10
0.182556 0.000609 -0.062575 10 10 10
0.182543 0.000609 -0.062575 10 10 10
0.149600 0.000500 -0.051289 10 10 10
0.149590 0.000500 -0.051289 10 10 10
0.149580 0.000500 -0.051289 10 10 10
0.182494 0.000609 -0.062575 10 10 10
0.149559 0.000500 -0.051289 10 10 10
0.149549 0.000500 -0.051289 10 10 10
0.149538 0.000500 -0.051289 11 11 11
0.149528 0.000500 -0.051289 10 10 10
0.126008 0.000422 -0.043227 11 11 11
0.046657 0.000160 -0.016018 10 10 10
0.046654 0.000160 -0.016018 10 10 10
0.149487 0.000500 -0.051289 10 10 10
0.149477 0.000500 -0.051289 10 10 10
0.149466 0.000500 -0.051289 11 11 11
0.182358 0.000609 -0.062575 11 11 11
0.149446 0.000500 -0.051289 11 11 11
0.149435 0.000500 -0.051289 11 11 11
0.149425 0.000500 -0.051289 10 10 10
0.149415 0.000500 -0.051289 11 11 11
0.182296 0.000609 -0.062575 11 11 11
0.231617 0.000772 -0.079505 10 10 10
0.313820 0.001044 -0.107722 10 10 10
0.313799 0.001044 -0.107722 10 10 10
0.231571 0.000772 -0.079505 10 10 10
0.231555 0.000772 -0.079505 11 11 11
0.231540 0.000772 -0.079505 11 11 11
0.231525 0.000772 -0.079505 11 11 11
0.231509 0.000772 -0.079505 11 11 11
0.231494 0.000772 -0.079505 10 10 10
0.231478 0.000772 -0.079505 10 10 10
0.231463 0.000772 -0.079505 10 10 10
0.231447 0.000772 -0.079505 10 10 10
0.182135 0.000609 -0.062575 10 10 10
0.182122 0.000609 -0.062575 10 10 10
0.182110 0.000609 -0.062575 10 10 10
0.182098 0.000609 -0.062575 10 10 10
0.231370 0.000772 -0.079505 10 10 10
0.231354 0.000772 -0.079505 11 11 11
0.231339 0.000772 -0.079505 11 11 11
0.313449 0.001044 -0.107722 11 11 11
0.313428 0.001044 -0.107722 11 11 11
0.231293 0.000772 -0.079505 11 11 11
0.231277 0.000772 -0.079505 10 10 10
0.231262 0.000772 -0.079505 10 10 10
0.231246 0.000772 -0.079505 11 11 11
0.231231 0.000772 -0.079505 11 11 11
0.231215 0.000772 -0.079505 10 10 10
0.231200 0.000772 -0.079505 10 10 10
0.231184 0.000772 -0.079505 10 10 10
0.231169 0.000772 -0.079505 11 11 11
0.231153 0.000772 -0.079505 11 11 11
0.231138 0.000772 -0.079505 10 10 10
0.231122 0.000772 -0.079505 10 10 10
0.231107 0.000772 -0.079505 10 10 10
0.231091 0.000772 -0.079505 10 10 10
0.231076 0.000772 -0.079505 11 11 11
0.313098 0.001044 -0.107722 10 10 10
0.313078 0.001044 -0.107722 10 10 10
0.313057 0.001044 -0.107722 10 10 10
0.313036 0.001044 -0.107722 10 10 10
0.313016 0.001044 -0.107722 11 11 11
0.312995 0.001044 -0.107722 11 11 11
0.476988 0.001587 -0.164156 10 10 10
0.968967 0.003218 -0.333456 10 10 10
0.047230 0.000156 -0.016018 10 10 10
0.047226 0.000156 -0.016018 11 11 11
0.047222 0.000156 -0.016018 10 10 10
0.047218 0.000156 -0.016018 10 10 10
0.047214 0.000156 -0.016018 10 10 10
0.047210 0.000156 -0.016018 11 11 11
0.047207 0.000156 -0.016018 11 11 11
0.047203 0.000156 -0.016018 11 11 11
0.047199 0.000156 -0.016018 11 11 11
0.047195 0.000156 -0.016018 10 10 10
0.047191 0.000156 -0.016018 10 10 10
0.047187 0.000156 -0.016018 11 11 11
0.047183 0.000156 -0.016018 11 11 11
0.047179 0.000156 -0.016018 10 10 10
0.047176 0.000156 -0.016018 10 10 10
0.047172 0.000156 -0.016018 11 11 11
0.047168 0.000156 -0.016018 10 10 10
0.047164 0.000156 -0.016018 10 10 10
0.047160 0.000156 -0.016018 10 10 10
0.047156 0.000156 -0.016018 11 11 11
0.047152 0.000156 -0.016018 11 11 11
0.047149 0.000156 -0.016018 10 10 10
0.047145 0.000156 -0.016018 10 10 10
0.047141 0.000156 -0.016018 10 10 10
0.047137 0.000156 -0.016018 11 11 11
0.047133 0.000156 -0.016018 10 10 10
0.047129 0.000156 -0.016018 10 10 10
0.047125 0.000156 -0.016018 11 11 11
0.047121 0.000156 -0.016018 10 10 10
0.047118 0.000156 -0.016018 10 10 10
0.047114 0.000156 -0.016018 10 10 10
0.047110 0.000156 -0.016018 10 10 10
0.047106 0.000156 -0.016018 10 10 10
0.047102 0.000156 -0.016018 10 10 10
0.047098 0.000156 -0.016018 10 10 10
0.047094 0.000156 -0.016018 10 10 10
0.047091 0.000156 -0.016018 11 11 11
0.047087 0.000156 -0.016018 10 10 10
0.047083 0.000156 -0.016018 10 10 10
0.047079 0.000156 -0.016018 11 11 11
0.047075 0.000156 -0.016018 10 10 10
0.047071 0.000156 -0.016018 10 10 10
0.047067 0.000156 -0.016018 10 10 10
0.047063 0.000156 -0.016018 10 10 10
0.047060 0.000156 -0.016018 10 10 10
0.047056 0.000156 -0.016018 10 10 10
0.047052 0.000156 -0.016018 10 10 10
0.047048 0.000156 -0.016018 10 10 10
0.047044 0.000156 -0.016018 11 11 11
0.047040 0.000156 -0.016018 11 11 11
0.047036 0.000156 -0.016018 10 10 10
0.047033 0.000156 -0.016018 11 11 11
0.047029 0.000156 -0.016018 11 11 11
0.047025 0.000156 -0.016018 11 11 11
0.047021 0.000156 -0.016018 11 11 11
0.047017 0.000156 -0.016018 10 10 10
0.047013 0.000156 -0.016018 10 10 10
0.047009 0.000156 -0.016018 11 11 11
0.047005 0.000156 -0.016018 11 11 11
0.047002 0.000156 -0.016018 10 10 10
0.046998 0.000156 -0.016018 10 10 10
0.046994 0.000156 -0.016018 11 11 11
0.046990 0.000156 -0.016018 11 11 11
0.046986 0.000156 -0.016018 10 10 10
0.046982 0.000156 -0.016018 10 10 10
0.046978 0.000156 -0.016018 10 10 10
0.046975 0.000156 -0.016018 11 11 11
0.046971 0.000156 -0.016018 11 11 11
0.046967 0.000156 -0.016018 10 10 10
0.046963 0.000156 -0.016018 10 10 10
0.046959 0.000156 -0.016018 10 10 10
0.046955 0.000156 -0.016018 10 10 10
0.046951 0.000156 -0.016018 10 10 10
0.046947 0.000156 -0.016018 10 10 10
0.046944 0.000156 -0.016018 10 10 10
0.046940 0.000156 -0.016018 10 10 10
0.046936 0.000156 -0.016018 10 10 10
0.046932 0.000156 -0.016018 10 10 10
0.046928 0.000156 -0.016018 10 10 10
0.046924 0.000156 -0.016018 10 10 10
0.046920 0.000156 -0.016018 11 11 11
0.046917 0.000156 -0.016018 10 10 10
0.046913 0.000156 -0.016018 10 10 10
0.046909 0.000156 -0.016018 11 11 11
0.046905 0.000156 -0.016018 11 11 11
0.046901 0.000156 -0.016018 10 10 10
0.046897 0.000156 -0.016018 10 10 10
0.046893 0.000156 -0.016018 11 11 11
0.046889 0.000156 -0.016018 10 10 10
0.046886 0.000156 -0.016018 10 10 10
0.046882 0.000156 -0.016018 10 10 10
0.046878 0.000156 -0.016018 10 10 10
0.046874 0.000156 -0.016018 10 10 10
0.046870 0.000156 -0.016018 10 10 10
0.046866 0.000156 -0.016018 11 11 11
0.046862 0.000156 -0.016018 11 11 11
0.046859 0.000156 -0.016018 10 10 10
0.046855 0.000156 -0.016018 10 10 10
0.046851 0.000156 -0.016018 11 11 11
0.046847 0.000156 -0.016018 10 10 10
0.046843 0.000156 -0.016018 10 10 10
0.046839 0.000156 -0.016018 10 10 10
0.046835 0.000156 -0.016018 11 11 11
0.046831 0.000156 -0.016018 11 11 11
0.046828 0.000156 -0.016018 11 11 11
0.046824 0.000156 -0.016018 10 10 10
0.046820 0.000156 -0.016018 10 10 10
0.046816 0.000156 -0.016018 11 11 11
0.046812 0.000156 -0.016018 11 11 11
0.046808 0.000156 -0.016018 11 11 11
0.046804 0.000156 -0.016018 10 10 10
0.046801 0.000156 -0.016018 10 10 10
0.046797 0.000156 -0.016018 10 10 10
0.046793 0.000156 -0.016018 10 10 10
0.046789 0.000156 -0.016018 10 10 10
0.046785 0.000156 -0.016018 11 11 11
0.046781 0.000156 -0.016018 11 11 11
0.046777 0.000156 -0.016018 11 11 11
0.046773 0.000156 -0.016018 10 10 10
0.046770 0.000156 -0.016018 10 10 10
0.046766 0.000156 -0.016018 10 10 10
0.046762 0.000156 -0.016018 11 11 11
0.046758 0.000156 -0.016018 11 11 11
0.126220 0.000414 -0.043227 11 11 11
0.149755 0.000490 -0.051289 11 11 11
0.149745 0.000490 -0.051289 11 11 11
0.149734 0.000490 -0.051289 11 11 11
0.149724 0.000490 -0.051289 10 10 10
0.149714 0.000490 -0.051289 10 10 10
0.149703 0.000490 -0.051289 10 10 10
0.149693 0.000490 -0.051289 11 11 11
0.149683 0.000490 -0.051289 11 11 11
0.182618 0.000596 -0.062575 10 10 10
0.182605 0.000596 -0.062575 11 11 11
0.182593 0.000596 -0.062575 11 11 11
0.182580 0.000596 -0.062575 10 10 10
0.182568 0.000596 -0.062575 10 10 10
0.182556 0.000596 -0.062575 11 11 11
0.182543 0.000596 -0.062575 11 11 11
0.182531 0.000596 -0.062575 11 11 11
0.182518 0.000596 -0.062575 11 11 11
0.182506 0.000596 -0.062575 11 11 11
0.182494 0.000596 -0.062575 10 10 10
0.182481 0.000596 -0.062575 10 10 10
0.149549 0.000490 -0.051289 10 10 10
0.149538 0.000490 -0.051289 10 10 10
0.149528 0.000490 -0.051289 10 10 10
0.126008 0.000414 -0.043227 10 10 10
0.046657 0.000156 -0.016018 10 10 10
0.125990 0.000414 -0.043227 10 10 10
0.125981 0.000414 -0.043227 10 10 10
0.149477 0.000490 -0.051289 11 11 11
0.149466 0.000490 -0.051289 11 11 11
0.149456 0.000490 -0.051289 11 11 11
0.149446 0.000490 -0.051289 10 10 10
0.125937 0.000414 -0.043227 10 10 10
0.125928 0.000414 -0.043227 10 10 10
0.149415 0.000490 -0.051289 10 10 10
0.182296 0.000596 -0.062575 11 11 11
0.231617 0.000756 -0.079505 10 10 10
0.231602 0.000756 -0.079505 10 10 10
0.231586 0.000756 -0.079505 10 10 10
0.231571 0.000756 -0.079505 10 10 10
0.231555 0.000756 -0.079505 10 10 10
0.182221 0.000596 -0.062575 11 11 11
0.182209 0.000596 -0.062575 11 11 11
0.231509 0.000756 -0.079505 11 11 11
0.231494 0.000756 -0.079505 10 10 10
0.231478 0.000756 -0.079505 10 10 10
0.231463 0.000756 -0.079505 10 10 10
0.182147 0.000596 -0.062575 10 10 10
0.182135 0.000596 -0.062575 11 11 11
0.149260 0.000490 -0.051289 11 11 11
0.182110 0.000596 -0.062575 10 10 10
0.182098 0.000596 -0.062575 10 10 10
0.231370 0.000756 -0.079505 11 11 11
0.231354 0.000756 -0.079505 11 11 11
0.231339 0.000756 -0.079505 11 11 11
0.313449 0.001023 -0.107722 10 10 10
0.313428 0.001023 -0.107722 11 11 11
0.313408 0.001023 -0.107722 11 11 11
0.231277 0.000756 -0.079505 10 10 10
0.231262 0.000756 -0.079505 10 10 10
0.231246 0.000756 -0.079505 10 10 10
0.231231 0.000756 -0.079505 10 10 10
0.231215 0.000756 -0.079505 10 10 10
0.231200 0.000756 -0.079505 11 11 11
0.231184 0.000756 -0.079505 11 11 11
0.231169 0.000756 -0.079505 11 11 11
0.231153 0.000756 -0.079505 11 11 11
0.231138 0.000756 -0.079505 10 10 10
0.231122 0.000756 -0.079505 10 10 10
0.231107 0.000756 -0.079505 10 10 10
0.231091 0.000756 -0.079505 11 11 11
0.231076 0.000756 -0.079505 11 11 11
0.231060 0.000756 -0.079505 11 11 11
0.231045 0.000756 -0.079505 10 10 10
0.313057 0.001023 -0.107722 10 10 10
0.231014 0.000756 -0.079505 10 10 10
0.313016 0.001023 -0.107722 11 11 11
0.312995 0.001023 -0.107722 11 11 11
0.476988 0.001556 -0.164156 11 11 11
0.968967 0.003156 -0.333456 11 11 11
0.968657 0.003156 -0.333456 11 11 11
0.047230 0.000153 -0.016018 10 10 10
0.047226 0.000153 -0.016018 10 10 10
0.047222 0.000153 -0.016018 10 10 10
0.047218 0.000153 -0.016018 10 10 10
0.047214 0.000153 -0.016018 10 10 10
0.047210 0.000153 -0.016018 10 10 10
0.047207 0.000153 -0.016018 10 10 10
0.047203 0.000153 -0.016018 10 10 10
0.047199 0.000153 -0.016018 11 11 11
0.047195 0.000153 -0.016018 10 10 10
0.047191 0.000153 -0.016018 11 11 11
0.047187 0.000153 -0.016018 11 11 11
0.047183 0.000153 -0.016018 11 11 11
0.047179 0.000153 -0.016018 11 11 11
0.047176 0.000153 -0.016018 11 11 11
0.047172 0.000153 -0.016018 10 10 10
0.047168 0.000153 -0.016018 11 11 11
0.047164 0.000153 -0.016018 11 11 11
0.047160 0.000153 -0.016018 10 10 10
0.047156 0.000153 -0.016018 11 11 11
0.047152 0.000153 -0.016018 11 11 11
0.047149 0.000153 -0.016018 11 11 11
0.047145 0.000153 -0.016018 10 10 10
0.047141 0.000153 -0.016018 11 11 11
0.047137 0.000153 -0.016018 11 11 11
0.047133 0.000153 -0.016018 10 10 10
0.047129 0.000153 -0.016018 10 10 10
0.047125 0.000153 -0.016018 10 10 10
0.047121 0.000153 -0.016018 10 10 10
0.047118 0.000153 -0.016018 10 10 10
0.047114 0.000153 -0.016018 10 10 10
0.047110 0.000153 -0.016018 10 10 10
0.047106 0.000153 -0.016018 10 10 10
0.047102 0.000153 -0.016018 10 10 10
0.047098 0.000153 -0.016018 10 10 10
0.047094 0.000153 -0.016018 10 10 10
0.047091 0.000153 -0.016018 11 11 11
0.047087 0.000153 -0.016018 11 11 11
0.047083 0.000153 -0.016018 11 11 11
0.047079 0.000153 -0.016018 11 11 11
0.047075 0.000153 -0.016018 11 11 11
0.047071 0.000153 -0.016018 10 10 10
0.047067 0.000153 -0.016018 10 10 10
0.047063 0.000153 -0.016018 10 10 10
0.047060 0.000153 -0.016018 10 10 10
0.047056 0.000153 -0.016018 10 10 10
0.047052 0.000153 -0.016018 11 11 11
0.047048 0.000153 -0.016018 11 11 11
0.047044 0.000153 -0.016018 11 11 11
0.047040 0.000153 -0.016018 11 11 11
0.047036 0.000153 -0.016018 10 10 10
0.047033 0.000153 -0.016018 10 10 10
0.047029 0.000153 -0.016018 11 11 11
0.047025 0.000153 -0.016018 11 11 11
0.047021 0.000153 -0.016018 11 11 11
0.047017 0.000153 -0.016018 11 11 11
0.047013 0.000153 -0.016018 11 11 11
0.047009 0.000153 -0.016018 11 11 11
0.047005 0.000153 -0.016018 11 11 11
0.047002 0.000153 -0.016018 11 11 11
0.046998 0.000153 -0.016018 11 11 11
0.046994 0.000153 -0.016018 11 11 11
0.046990 0.000153 -0.016018 11 11 11
0.046986 0.000153 -0.016018 11 11 11
0.046982 0.000153 -0.016018 10 10 10
0.046978 0.000153 -0.016018 10 10 10
0.046975 0.000153 -0.016018 10 10 10
0.046971 0.000153 -0.016018 11 11 11
0.046967 0.000153 -0.016018 10 10 10
0.046963 0.000153 -0.016018 10 10 10
0.046959 0.000153 -0.016018 11 11 11
0.046955 0.000153 -0.016018 10 10 10
0.046951 0.000153 -0.016018 10 10 10
0.046947 0.000153 -0.016018 10 10 10
0.046944 0.000153 -0.016018 10 10 10
0.046940 0.000153 -0.016018 10 10 10
0.046936 0.000153 -0.016018 10 10 10
0.046932 0.000153 -0.016018 11 11 11
0.046928 0.000153 -0.016018 11 11 11
0.046924 0.000153 -0.016018 10 10 10
0.046920 0.000153 -0.016018 10 10 10
0.046917 0.000153 -0.016018 10 10 10
0.046913 0.000153 -0.016018 10 10 10
0.046909 0.000153 -0.016018 10 10 10
0.046905 0.000153 -0.016018 11 11 11
0.046901 0.000153 -0.016018 10 10 10
0.046897 0.000153 -0.016018 10 10 10
0.046893 0.000153 -0.016018 10 10 10
0.046889 0.000153 -0.016018 11 11 11
0.046886 0.000153 -0.016018 11 11 11
0.046882 0.000153 -0.016018 10 10 10
0.046878 0.000153 -0.016018 10 10 10
0.046874 0.000153 -0.016018 11 11 11
0.046870 0.000153 -0.016018 11 11 11
0.046866 0.000153 -0.016018 11 11 11
0.046862 0.000153 -0.016018 11 11 11
0.046859 0.000153 -0.016018 11 11 11
0.046855 0.000153 -0.016018 10 10 10
0.046851 0.000153 -0.016018 10 10 10
0.046847 0.000153 -0.016018 11 11 11
0.046843 0.000153 -0.016018 11 11 11
0.046839 0.000153 -0.016018 10 10 10
0.046835 0.000153 -0.016018 10 10 10
0.046831 0.000153 -0.016018 11 11 11
0.046828 0.000153 -0.016018 11 11 11
0.046824 0.000153 -0.016018 10 10 10
0.046820 0.000153 -0.016018 11 11 11
0.046816 0.000153 -0.016018 10 10 10
0.046812 0.000153 -0.016018 11 11 11
0.046808 0.000153 -0.016018 10 10 10
0.046804 0.000153 -0.016018 10 10 10
0.046801 0.000153 -0.016018 10 10 10
0.046797 0.000153 -0.016018 10 10 10
0.046793 0.000153 -0.016018 10 10 10
0.046789 0.000153 -0.016018 10 10 10
0.046785 0.000153 -0.016018 10 10 10
0.046781 0.000153 -0.016018 10 10 10
0.046777 0.000153 -0.016018 10 10 10
0.046773 0.000153 -0.016018 10 10 10
0.046770 0.000153 -0.016018 10 10 10
0.046766 0.000153 -0.016018 10 10 10
0.046762 0.000153 -0.016018 11 11 11
0.046758 0.000153 -0.016018 11 11 11
0.046754 0.000153 -0.016018 11 11 11
0.126211 0.000405 -0.043227 11 11 11
0.149745 0.000479 -0.051289 10 10 10
0.149734 0.000479 -0.051289 10 10 10
0.126185 0.000405 -0.043227 10 10 10
0.126176 0.000405 -0.043227 10 10 10
0.149703 0.000479 -0.051289 10 10 10
0.149693 0.000479 -0.051289 11 11 11
0.149683 0.000479 -0.051289 11 11 11
0.149672 0.000479 -0.051289 10 10 10
0.182605 0.000584 -0.062575 11 11 11
0.182593 0.000584 -0.062575 11 11 11
0.182580 0.000584 -0.062575 11 11 11
0.182568 0.000584 -0.062575 11 11 11
0.182556 0.000584 -0.062575 11 11 11
0.182543 0.000584 -0.062575 11 11 11
0.182531 0.000584 -0.062575 10 10 10
0.149590 0.000479 -0.051289 11 11 11
0.149580 0.000479 -0.051289 11 11 11
0.182494 0.000584 -0.062575 11 11 11
0.182481 0.000584 -0.062575 11 11 11
0.149549 0.000479 -0.051289 10 10 10
0.149538 0.000479 -0.051289 10 10 10
0.149528 0.000479 -0.051289 11 11 11
0.046661 0.000153 -0.016018 11 11 11
0.046657 0.000153 -0.016018 10 10 10
0.046654 0.000153 -0.016018 10 10 10
0.046650 0.000153 -0.016018 10 10 10
0.149477 0.000479 -0.051289 10 10 10
0.149466 0.000479 -0.051289 10 10 10
0.149456 0.000479 -0.051289 11 11 11
0.125946 0.000405 -0.043227 11 11 11
0.125937 0.000405 -0.043227 10 10 10
0.125928 0.000405 -0.043227 10 10 10
0.125919 0.000405 -0.043227 10 10 10
0.149404 0.000479 -0.051289 11 11 11
0.182283 0.000584 -0.062575 10 10 10
0.231602 0.000741 -0.079505 10 10 10
0.231586 0.000741 -0.079505 11 11 11
0.231571 0.000741 -0.079505 11 11 11
0.182234 0.000584 -0.062575 10 10 10
0.182221 0.000584 -0.062575 10 10 10
0.182209 0.000584 -0.062575 10 10 10
0.182197 0.000584 -0.062575 11 11 11
0.231494 0.000741 -0.079505 10 10 10
0.231478 0.000741 -0.079505 10 10 10
0.231463 0.000741 -0.079505 11 11 11
0.182147 0.000584 -0.062575 11 11 11
0.149270 0.000479 -0.051289 11 11 11
0.149260 0.000479 -0.051289 11 11 11
0.149250 0.000479 -0.051289 10 10 10
0.149239 0.000479 -0.051289 10 10 10
0.182085 0.000584 -0.062575 10 10 10
0.231354 0.000741 -0.079505 11 11 11
0.231339 0.000741 -0.079505 10 10 10
0.231323 0.000741 -0.079505 10 10 10
0.313428 0.001002 -0.107722 10 10 10
0.313408 0.001002 -0.107722 10 10 10
0.313387 0.001002 -0.107722 10 10 10
0.231262 0.000741 -0.079505 11 11 11
0.231246 0.000741 -0.079505 10 10 10
0.231231 0.000741 -0.079505 10 10 10
0.231215 0.000741 -0.079505 10 10 10
0.231200 0.000741 -0.079505 11 11 11
0.231184 0.000741 -0.079505 11 11 11
0.231169 0.000741 -0.079505 11 11 11
0.231153 0.000741 -0.079505 11 11 11
0.181900 0.000584 -0.062575 11 11 11
0.181887 0.000584 -0.062575 11 11 11
0.181875 0.000584 -0.062575 11 11 11
0.181863 0.000584 -0.062575 11 11 11
0.181850 0.000584 -0.062575 11 11 11
0.231060 0.000741 -0.079505 11 11 11
0.231045 0.000741 -0.079505 10 10 10
0.231030 0.000741 -0.079505 10 10 10
0.231014 0.000741 -0.079505 10 10 10
0.313016 0.001002 -0.107722 10 10 10
0.312995 0.001002 -0.107722 11 11 11
0.476988 0.001525 -0.164156 11 11 11
0.968967 0.003095 -0.333456 11 11 11
0.968905 0.003095 -0.333456 11 11 11
0.968719 0.003095 -0.333456 11 11 11
0.968657 0.003095 -0.333456 11 11 11
0.047230 0.000149 -0.016018 11 11 11
0.047226 0.000149 -0.016018 11 11 11
0.047222 0.000149 -0.016018 10 10 10
0.047218 0.000149 -0.016018 10 10 10
0.047214 0.000149 -0.016018 11 11 11
0.047210 0.000149 -0.016018 10 10 10
0.047207 0.000149 -0.016018 10 10 10
0.047203 0.000149 -0.016018 10 10 10
0.047199 0.000149 -0.016018 11 11 11
0.047195 0.000149 -0.016018 11 11 11
0.047191 0.000149 -0.016018 11 11 11
0.047187 0.000149 -0.016018 11 11 11
0.047183 0.000149 -0.016018 11 11 11
0.047179 0.000149 -0.016018 11 11 11
0.047176 0.000149 -0.016018 10 10 10
0.047172 0.000149 -0.016018 10 10 10
0.047168 0.000149 -0.016018 11 11 11
0.047164 0.000149 -0.016018 11 11 11
0.047160 0.000149 -0.016018 11 11 11
0.047156 0.000149 -0.016018 10 10 10
0.047152 0.000149 -0.016018 10 10 10
0.047149 0.000149 -0.016018 11 11 11
0.047145 0.000149 -0.016018 10 10 10
0.047141 0.000149 -0.016018 11 11 11
0.047137 0.000149 -0.016018 11 11 11
0.047133 0.000149 -0.016018 10 10 10
0.047129 0.000149 -0.016018 10 10 10
0.047125 0.000149 -0.016018 11 11 11
0.047121 0.000149 -0.016018 11 11 11
0.047118 0.000149 -0.016018 11 11 11
0.047114 0.000149 -0.016018 11 11 11
0.047110 0.000149 -0.016018 11 11 11
0.047106 0.000149 -0.016018 11 11 11
0.047102 0.000149 -0.016018 10 10 10
0.047098 0.000149 -0.016018 11 11 11
0.047094 0.000149 -0.016018 11 11 11
0.047091 0.000149 -0.016018 11 11 11
0.047087 0.000149 -0.016018 10 10 10
0.047083 0.000149 -0.016018 11 11 11
0.047079 0.000149 -0.016018 11 11 11
0.047075 0.000149 -0.016018 11 11 11
0.047071 0.000149 -0.016018 11 11 11
0.047067 0.000149 -0.016018 11 11 11
0.047063 0.000149 -0.016018 11 11 11
0.047060 0.000149 -0.016018 11 11 11
0.047056 0.000149 -0.016018 10 10 10
0.047052 0.000149 -0.016018 11 11 11
0.047048 0.000149 -0.016018 11 11 11
0.047044 0.000149 -0.016018 11 11 11
0.047040 0.000149 -0.016018 11 11 11
0.047036 0.000149 -0.016018 10 10 10
0.047033 0.000149 -0.016018 11 11 11
0.047029 0.000149 -0.016018 11 11 11
0.047025 0.000149 -0.016018 11 11 11
0.047021 0.000149 -0.016018 11 11 11
0.047017 0.000149 -0.016018 11 11 11
0.047013 0.000149 -0.016018 11 11 11
0.047009 0.000149 -0.016018 11 11 11
0.047005 0.000149 -0.016018 11 11 11
0.047002 0.000149 -0.016018 11 11 11
0.046998 0.000149 -0.016018 11 11 11
0.046994 0.000149 -0.016018 11 11 11
0.046990 0.000149 -0.016018 11 11 11
0.046986 0.000149 -0.016018 11 11 11
0.046982 0.000149 -0.016018 11 11 11
0.046978 0.000149 -0.016018 10 10 10
0.046975 0.000149 -0.016018 11 11 11
0.046971 0.000149 -0.016018 11 11 11
0.046967 0.000149 -0.016018 11 11 11
0.046963 0.000149 -0.016018 11 11 11
0.046959 0.000149 -0.016018 11 11 11
0.046955 0.000149 -0.016018 10 10 10
0.046951 0.000149 -0.016018 10 10 10
0.046947 0.000149 -0.016018 11 11 11
0.046944 0.000149 -0.016018 11 11 11
0.046940 0.000149 -0.016018 11 11 11
0.046936 0.000149 -0.016018 10 10 10
0.046932 0.000149 -0.016018 10 10 10
0.046928 0.000149 -0.016018 11 11 11
0.046924 0.000149 -0.016018 10 10 10
0.046920 0.000149 -0.016018 10 10 10
0.046917 0.000149 -0.016018 11 11 11
0.046913 0.000149 -0.016018 11 11 11
0.046909 0.000149 -0.016018 11 11 11
0.046905 0.000149 -0.016018 10 10 10
0.046901 0.000149 -0.016018 11 11 11
0.046897 0.000149 -0.016018 11 11 11
0.046893 0.000149 -0.016018 11 11 11
0.046889 0.000149 -0.016018 11 11 11
0.046886 0.000149 -0.016018 11 11 11
0.046882 0.000149 -0.016018 11 11 11
0.046878 0.000149 -0.016018 10 10 10
0.046874 0.000149 -0.016018 11 11 11
0.046870 0.000149 -0.016018 11 11 11
0.046866 0.000149 -0.016018 11 11 11
0.046862 0.000149 -0.016018 11 11 11
0.046859 0.000149 -0.016018 11 11 11
0.046855 0.000149 -0.016018 10 10 10
0.046851 0.000149 -0.016018 10 10 10
0.046847 0.000149 -0.016018 10 10 10
0.046843 0.000149 -0.016018 10 10 10
0.046839 0.000149 -0.016018 10 10 10
0.046835 0.000149 -0.016018 10 10 10
0.046831 0.000149 -0.016018 11 11 11
0.046828 0.000149 -0.016018 11 11 11
0.046824 0.000149 -0.016018 10 10 10
0.046820 0.000149 -0.016018 11 11 11
0.046816 0.000149 -0.016018 11 11 11
0.046812 0.000149 -0.016018 10 10 10
0.046808 0.000149 -0.016018 10 10 10
0.046804 0.000149 -0.016018 11 11 11
0.046801 0.000149 -0.016018 11 11 11
0.046797 0.000149 -0.016018 10 10 10
0.046793 0.000149 -0.016018 10 10 10
0.046789 0.000149 -0.016018 10 10 10
0.046785 0.000149 -0.016018 10 10 10
0.046781 0.000149 -0.016018 10 10 10
0.046777 0.000149 -0.016018 10 10 10
0.046773 0.000149 -0.016018 10 10 10
0.046770 0.000149 -0.016018 10 10 10
0.046766 0.000149 -0.016018 11 11 11
0.046762 0.000149 -0.016018 10 10 10
0.046758 0.000149 -0.016018 10 10 10
0.046754 0.000149 -0.016018 11 11 11
0.046750 0.000149 -0.016018 10 10 10
0.046746 0.000149 -0.016018 10 10 10
0.046742 0.000149 -0.016018 10 10 10
0.046739 0.000149 -0.016018 10 10 10
0.126176 0.000396 -0.043227 10 10 10
0.126167 0.000396 -0.043227 10 10 10
0.149693 0.000469 -0.051289 11 11 11
0.149683 0.000469 -0.051289 10 10 10
0.149672 0.000469 -0.051289 10 10 10
0.149662 0.000469 -0.051289 10 10 10
0.182593 0.000572 -0.062575 10 10 10
0.182580 0.000572 -0.062575 11 11 11
0.182568 0.000572 -0.062575 11 11 11
0.182556 0.000572 -0.062575 11 11 11
0.182543 0.000572 -0.062575 10 10 10
0.182531 0.000572 -0.062575 10 10 10
0.182518 0.000572 -0.062575 11 11 11
0.182506 0.000572 -0.062575 11 11 11
0.182494 0.000572 -0.062575 11 11 11
0.182481 0.000572 -0.062575 11 11 11
0.182469 0.000572 -0.062575 10 10 10
0.149538 0.000469 -0.051289 10 10 10
0.149528 0.000469 -0.051289 11 11 11
0.126008 0.000396 -0.043227 11 11 11
0.046657 0.000149 -0.016018 11 11 11
0.046654 0.000149 -0.016018 10 10 10
0.046650 0.000149 -0.016018 11 11 11
0.125972 0.000396 -0.043227 10 10 10
0.125964 0.000396 -0.043227 10 10 10
0.125955 0.000396 -0.043227 10 10 10
0.125946 0.000396 -0.043227 11 11 11
0.046630 0.000149 -0.016018 10 10 10
0.046626 0.000149 -0.016018 10 10 10
0.046623 0.000149 -0.016018 10 10 10
0.149404 0.000469 -0.051289 10 10 10
0.182283 0.000572 -0.062575 11 11 11
0.182271 0.000572 -0.062575 11 11 11
0.182259 0.000572 -0.062575 11 11 11
0.182246 0.000572 -0.062575 11 11 11
0.149353 0.000469 -0.051289 11 11 11
0.149342 0.000469 -0.051289 11 11 11
0.149332 0.000469 -0.051289 10 10 10
0.182197 0.000572 -0.062575 11 11 11
0.182184 0.000572 -0.062575 10 10 10
0.231478 0.000725 -0.079505 11 11 11
0.182160 0.000572 -0.062575 11 11 11
0.182147 0.000572 -0.062575 10 10 10
0.149270 0.000469 -0.051289 10 10 10
0.125787 0.000396 -0.043227 10 10 10
0.125778 0.000396 -0.043227 11 11 10
0.149239 0.000469 -0.051289 11 11 11
0.149229 0.000469 -0.051289 11 11 11
0.231354 0.000725 -0.079505 10 10 10
0.231339 0.000725 -0.079505 10 10 10
0.231323 0.000725 -0.079505 10 10 10
0.313428 0.000982 -0.107722 11 11 11
0.313408 0.000982 -0.107722 10 10 10
0.313387 0.000982 -0.107722 11 11 11
0.313366 0.000982 -0.107722 11 11 11
0.231246 0.000725 -0.079505 10 10 10
0.231231 0.000725 -0.079505 10 10 10
0.231215 0.000725 -0.079505 10 10 10
0.231200 0.000725 -0.079505 11 11 11
0.231184 0.000725 -0.079505 11 11 11
0.231169 0.000725 -0.079505 11 11 11
0.231153 0.000725 -0.079505 11 11 11
0.181900 0.000572 -0.062575 11 11 11
0.181887 0.000572 -0.062575 11 11 11
0.181875 0.000572 -0.062575 11 11 11
0.181863 0.000572 -0.062575 10 10 10
0.181850 0.000572 -0.062575 11 11 11
0.181838 0.000572 -0.062575 11 11 11
0.231045 0.000725 -0.079505 11 11 11
0.231030 0.000725 -0.079505 10 10 10
0.231014 0.000725 -0.079505 10 10 10
0.313016 0.000982 -0.107722 10 10 10
0.312995 0.000982 -0.107722 11 11 11
0.476988 0.001495 -0.164156 11 11 11
0.476957 0.001495 -0.164156 11 11 11
0.968905 0.003033 -0.333456 11 11 11
0.968843 0.003033 -0.333456 11 11 11
0.968781 0.003033 -0.333456 11 11 11
0.968719 0.003033 -0.333456 11 11 11
0.968657 0.003033 -0.333456 11 11 11
0.047230 0.000145 -0.016018 10 10 10
0.047226 0.000145 -0.016018 11 11 11
0.047222 0.000145 -0.016018 10 10 10
0.047218 0.000145 -0.016018 10 10 10
0.047214 0.000145 -0.016018 10 10 10
0.047210 0.000145 -0.016018 11 11 11
0.047207 0.000145 -0.016018 10 10 10
0.047203 0.000145 -0.016018 10 10 10
0.047199 0.000145 -0.016018 11 11 11
0.047195 0.000145 -0.016018 11 11 11
0.047191 0.000145 -0.016018 11 11 11
0.047187 0.000145 -0.016018 10 10 10
0.047183 0.000145 -0.016018 11 11 11
0.047179 0.000145 -0.016018 11 11 11
0.047176 0.000145 -0.016018 11 11 11
0.047172 0.000145 -0.016018 11 11 11
0.047168 0.000145 -0.016018 11 11 11
0.047164 0.000145 -0.016018 11 11 11
0.047160 0.000145 -0.016018 10 10 10
0.047156 0.000145 -0.016018 10 10 10
0.047152 0.000145 -0.016018 10 10 10
0.047149 0.000145 -0.016018 11 11 11
0.047145 0.000145 -0.016018 11 11 11
0.047141 0.000145 -0.016018 10 10 10
0.047137 0.000145 -0.016018 11 11 11
0.047133 0.000145 -0.016018 11 11 11
0.047129 0.000145 -0.016018 10 10 10
0.047125 0.000145 -0.016018 11 11 11
0.047121 0.000145 -0.016018 11 11 11
0.047118 0.000145 -0.016018 10 10 10
0.047114 0.000145 -0.016018 11 11 11
0.047110 0.000145 -0.016018 11 11 11
0.047106 0.000145 -0.016018 11 11 11
0.047102 0.000145 -0.016018 11 11 11
0.047098 0.000145 -0.016018 11 11 11
0.047094 0.000145 -0.016018 11 11 11
0.047091 0.000145 -0.016018 11 11 11
0.047087 0.000145 -0.016018 10 10 10
0.047083 0.000145 -0.016018 10 10 10
0.047079 0.000145 -0.016018 11 11 11
0.047075 0.000145 -0.016018 11 11 11
0.047071 0.000145 -0.016018 11 11 11
0.047067 0.000145 -0.016018 11 11 11
0.047063 0.000145 -0.016018 11 11 11
0.047060 0.000145 -0.016018 11 11 11
0.047056 0.000145 -0.016018 10 10 10
0.047052 0.000145 -0.016018 10 10 10
0.047048 0.000145 -0.016018 11 11 11
0.047044 0.000145 -0.016018 11 11 11
0.047040 0.000145 -0.016018 11 11 11
0.047036 0.000145 -0.016018 10 10 10
0.047033 0.000145 -0.016018 11 11 11
0.047029 0.000145 -0.016018 11 11 11
0.047025 0.000145 -0.016018 11 11 11
0.047021 0.000145 -0.016018 11 11 11
0.047017 0.000145 -0.016018 11 11 11
0.047013 0.000145 -0.016018 11 11 11
0.047009 0.000145 -0.016018 10 10 10
0.047005 0.000145 -0.016018 10 10 10
0.047002 0.000145 -0.016018 10 10 10
0.046998 0.000145 -0.016018 11 11 11
0.046994 0.000145 -0.016018 11 11 11
0.046990 0.000145 -0.016018 11 11 11
0.046986 0.000145 -0.016018 11 11 11
0.046982 0.000145 -0.016018 11 11 11
0.046978 0.000145 -0.016018 11 11 11
0.046975 0.000145 -0.016018 11 11 11
0.046971 0.000145 -0.016018 11 11 11
0.046967 0.000145 -0.016018 11 11 11
0.046963 0.000145 -0.016018 11 11 11
0.046959 0.000145 -0.016018 11 11 11
0.046955 0.000145 -0.016018 10 10 10
0.046951 0.000145 -0.016018 10 10 10
0.046947 0.000145 -0.016018 11 11 11
0.046944 0.000145 -0.016018 11 11 11
0.046940 0.000145 -0.016018 11 11 11
0.046936 0.000145 -0.016018 10 10 10
0.046932 0.000145 -0.016018 10 10 10
0.046928 0.000145 -0.016018 11 11 11
0.046924 0.000145 -0.016018 11 11 11
0.046920 0.000145 -0.016018 10 10 10
0.046917 0.000145 -0.016018 10 10 10
0.046913 0.000145 -0.016018 11 11 11
0.046909 0.000145 -0.016018 11 11 11
0.046905 0.000145 -0.016018 11 11 11
0.046901 0.000145 -0.016018 11 11 11
0.046897 0.000145 -0.016018 11 11 11
0.046893 0.000145 -0.016018 11 11 11
0.046889 0.000145 -0.016018 11 11 11
0.046886 0.000145 -0.016018 11 11 11
0.046882 0.000145 -0.016018 10 10 10
0.046878 0.000145 -0.016018 10 10 10
0.046874 0.000145 -0.016018 11 11 11
0.046870 0.000145 -0.016018 11 11 11
0.046866 0.000145 -0.016018 10 10 10
0.046862 0.000145 -0.016018 11 11 11
0.046859 0.000145 -0.016018 11 11 11
0.046855 0.000145 -0.016018 11 11 11
0.046851 0.000145 -0.016018 11 11 11
0.046847 0.000145 -0.016018 11 11 11
0.046843 0.000145 -0.016018 10 10 10
0.046839 0.000145 -0.016018 10 10 10
0.046835 0.000145 -0.016018 11 11 11
0.046831 0.000145 -0.016018 10 10 10
0.046828 0.000145 -0.016018 11 11 11
0.046824 0.000145 -0.016018 11 11 11
0.046820 0.000145 -0.016018 11 11 11
0.046816 0.000145 -0.016018 11 11 11
0.046812 0.000145 -0.016018 10 10 10
0.046808 0.000145 -0.016018 10 10 10
0.046804 0.000145 -0.016018 10 10 10
0.046801 0.000145 -0.016018 11 11 11
0.046797 0.000145 -0.016018 11 11 11
0.046793 0.000145 -0.016018 11 11 11
0.046789 0.000145 -0.016018 11 11 11
0.046785 0.000145 -0.016018 11 11 11
0.046781 0.000145 -0.016018 10 10 10
0.046777 0.000145 -0.016018 10 10 10
0.046773 0.000145 -0.016018 10 10 10
0.046770 0.000145 -0.016018 10 10 10
0.046766 0.000145 -0.016018 11 11 11
0.046762 0.000145 -0.016018 11 11 11
0.046758 0.000145 -0.016018 11 11 11
0.046754 0.000145 -0.016018 11 11 11
0.046750 0.000145 -0.016018 10 10 10
0.046746 0.000145 -0.016018 11 11 11
0.046742 0.000145 -0.016018 10 10 10
0.046739 0.000145 -0.016018 10 10 10
0.126176 0.000387 -0.043227 10 10 10
0.126167 0.000387 -0.043227 10 10 10
0.149693 0.000459 -0.051289 10 10 10
0.149683 0.000459 -0.051289 10 10 10
0.149672 0.000459 -0.051289 10 10 10
0.149662 0.000459 -0.051289 10 10 10
0.182593 0.000559 -0.062575 11 11 11
0.182580 0.000559 -0.062575 11 11 11
0.182568 0.000559 -0.062575 11 11 11
0.182556 0.000559 -0.062575 11 11 11
0.182543 0.000559 -0.062575 10 10 10
0.182531 0.000559 -0.062575 10 10 10
0.182518 0.000559 -0.062575 10 10 10
0.182506 0.000559 -0.062575 11 11 11
0.182494 0.000559 -0.062575 11 11 11
0.182481 0.000559 -0.062575 11 11 11
0.182469 0.000559 -0.062575 10 10 10
0.182457 0.000559 -0.062575 10 10 10
0.149528 0.000459 -0.051289 11 11 11
0.149518 0.000459 -0.051289 11 11 11
0.046657 0.000145 -0.016018 11 11 11
0.046654 0.000145 -0.016018 11 11 11
0.046650 0.000145 -0.016018 11 11 11
0.046646 0.000145 -0.016018 11 11 11
0.125964 0.000387 -0.043227 10 10 10
0.125955 0.000387 -0.043227 11 11 11
0.125946 0.000387 -0.043227 11 11 11
0.046630 0.000145 -0.016018 11 11 11
0.046626 0.000145 -0.016018 10 10 10
0.046623 0.000145 -0.016018 10 10 10
0.125910 0.000387 -0.043227 11 11 11
0.182283 0.000559 -0.062575 11 11 11
0.182271 0.000559 -0.062575 10 10 10
0.182259 0.000559 -0.062575 10 10 10
0.182246 0.000559 -0.062575 11 11 11
0.149353 0.000459 -0.051289 11 11 11
0.149342 0.000459 -0.051289 11 11 11
0.149332 0.000459 -0.051289 10 10 10
0.149322 0.000459 -0.051289 10 10 10
0.182184 0.000559 -0.062575 10 10 10
0.182172 0.000559 -0.062575 11 11 11
0.182160 0.000559 -0.062575 11 11 11
0.182147 0.000559 -0.062575 11 11 11
0.149270 0.000459 -0.051289 10 10 10
0.125787 0.000387 -0.043227 10 10 10
0.125778 0.000387 -0.043227 11 11 11
0.149239 0.000459 -0.051289 10 10 10
0.182085 0.000559 -0.062575 11 11 11
0.231354 0.000710 -0.079505 11 11 11
0.231339 0.000710 -0.079505 11 11 11
0.313449 0.000961 -0.107722 11 11 11
0.313428 0.000961 -0.107722 10 10 10
0.313408 0.000961 -0.107722 10 10 10
0.313387 0.000961 -0.107722 11 11 11
0.313366 0.000961 -0.107722 11 11 11
0.313346 0.000961 -0.107722 11 11 11
0.313325 0.000961 -0.107722 11 11 11
0.231215 0.000710 -0.079505 10 10 10
0.231200 0.000710 -0.079505 10 10 10
0.231184 0.000710 -0.079505 10 10 10
0.231169 0.000710 -0.079505 11 11 11
0.231153 0.000710 -0.079505 11 11 11
0.231138 0.000710 -0.079505 11 11 11
0.231122 0.000710 -0.079505 11 11 11
0.181875 0.000559 -0.062575 11 11 11
0.181863 0.000559 -0.062575 11 11 11
0.181850 0.000559 -0.062575 10 10 10
0.231060 0.000710 -0.079505 10 10 10
0.231045 0.000710 -0.079505 10 10 10
0.231030 0.000710 -0.079505 10 10 10
0.313036 0.000961 -0.107722 10 10 10
0.313016 0.000961 -0.107722 11 11 11
0.477019 0.001464 -0.164156 11 11 11
0.476988 0.001464 -0.164156 10 10 10
0.476957 0.001464 -0.164156 11 11 11
0.968905 0.002971 -0.333456 11 11 11
0.968843 0.002971 -0.333456 11 11 11
0.968781 0.002971 -0.333456 11 11 11
0.968719 0.002971 -0.333456 10 10 10
0.968657 0.002971 -0.333456 10 10 10
0.047230 0.000141 -0.016018 10 10 10
0.047226 0.000141 -0.016018 11 11 11
0.047222 0.000141 -0.016018 11 11 11
0.047218 0.000141 -0.016018 11 11 11
0.047214 0.000141 -0.016018 11 11 11
0.047210 0.000141 -0.016018 11 11 11
0.047207 0.000141 -0.016018 10 10 10
0.047203 0.000141 -0.016018 11 11 11
0.047199 0.000141 -0.016018 11 11 11
0.047195 0.000141 -0.016018 11 11 11
0.047191 0.000141 -0.016018 11 11 11
0.047187 0.000141 -0.016018 11 11 11
0.047183 0.000141 -0.016018 10 10 10
0.047179 0.000141 -0.016018 10 10 10
0.047176 0.000141 -0.016018 11 11 11
0.047172 0.000141 -0.016018 11 11 11
0.047168 0.000141 -0.016018 11 11 11
0.047164 0.000141 -0.016018 11 11 11
0.047160 0.000141 -0.016018 11 11 11
0.047156 0.000141 -0.016018 11 11 11
0.047152 0.000141 -0.016018 10 10 10
0.047149 0.000141 -0.016018 11 11 11
0.047145 0.000141 -0.016018 11 11 11
0.047141 0.000141 -0.016018 10 10 10
0.047137 0.000141 -0.016018 10 10 10
0.047133 0.000141 -0.016018 10 10 10
0.047129 0.000141 -0.016018 11 11 11
0.047125 0.000141 -0.016018 11 11 11
0.047121 0.000141 -0.016018 11 11 11
0.047118 0.000141 -0.016018 10 10 10
0.047114 0.000141 -0.016018 10 10 10
0.047110 0.000141 -0.016018 10 10 10
0.047106 0.000141 -0.016018 10 10 10
0.047102 0.000141 -0.016018 10 10 10
0.047098 0.000141 -0.016018 11 11 11
0.047094 0.000141 -0.016018 11 11 11
0.047091 0.000141 -0.016018 10 10 10
0.047087 0.000141 -0.016018 10 10 10
0.047083 0.000141 -0.016018 11 11 11
0.047079 0.000141 -0.016018 11 11 11
0.047075 0.000141 -0.016018 11 11 11
0.047071 0.000141 -0.016018 11 11 11
0.047067 0.000141 -0.016018 11 11 11
0.047063 0.000141 -0.016018 11 11 11
0.047060 0.000141 -0.016018 11 11 11
0.047056 0.000141 -0.016018 11 11 11
0.047052 0.000141 -0.016018 11 11 11
0.047048 0.000141 -0.016018 11 11 11
0.047044 0.000141 -0.016018 11 11 11
0.047040 0.000141 -0.016018 11 11 11
0.047036 0.000141 -0.016018 11 11 11
0.047033 0.000141 -0.016018 11 11 11
0.047029 0.000141 -0.016018 11 11 11
0.047025 0.000141 -0.016018 10 10 10
0.047021 0.000141 -0.016018 10 10 10
0.047017 0.000141 -0.016018 11 11 11
0.047013 0.000141 -0.016018 11 11 11
0.047009 0.000141 -0.016018 10 10 10
0.047005 0.000141 -0.016018 10 10 10
0.047002 0.000141 -0.016018 10 10 10
0.046998 0.000141 -0.016018 11 11 11
0.046994 0.000141 -0.016018 11 11 11
0.046990 0.000141 -0.016018 11 11 11
0.046986 0.000141 -0.016018 11 11 11
0.046982 0.000141 -0.016018 11 11 11
0.046978 0.000141 -0.016018 11 11 11
0.046975 0.000141 -0.016018 10 10 10
0.046971 0.000141 -0.016018 11 11 11
0.046967 0.000141 -0.016018 11 11 11
0.046963 0.000141 -0.016018 11 11 11
0.046959 0.000141 -0.016018 11 11 11
0.046955 0.000141 -0.016018 10 10 10
0.046951 0.000141 -0.016018 10 10 10
0.046947 0.000141 -0.016018 10 10 10
0.046944 0.000141 -0.016018 10 10 10
0.046940 0.000141 -0.016018 11 11 11
0.046936 0.000141 -0.016018 11 11 11
0.046932 0.000141 -0.016018 10 10 10
0.046928 0.000141 -0.016018 10 10 10
0.046924 0.000141 -0.016018 10 10 10
0.046920 0.000141 -0.016018 10 10 10
0.046917 0.000141 -0.016018 11 11 11
0.046913 0.000141 -0.016018 11 11 11
0.046909 0.000141 -0.016018 10 10 10
0.046905 0.000141 -0.016018 10 10 10
0.046901 0.000141 -0.016018 11 11 11
0.046897 0.000141 -0.016018 11 11 11
0.046893 0.000141 -0.016018 11 11 11
0.046889 0.000141 -0.016018 11 11 11
0.046886 0.000141 -0.016018 11 11 11
0.046882 0.000141 -0.016018 10 10 10
0.046878 0.000141 -0.016018 11 11 11
0.046874 0.000141 -0.016018 11 11 11
0.046870 0.000141 -0.016018 11 11 11
0.046866 0.000141 -0.016018 10 10 10
0.046862 0.000141 -0.016018 11 11 11
0.046859 0.000141 -0.016018 11 11 11
0.046855 0.000141 -0.016018 10 10 10
0.046851 0.000141 -0.016018 11 11 11
0.046847 0.000141 -0.016018 11 11 11
0.046843 0.000141 -0.016018 11 11 11
0.046839 0.000141 -0.016018 11 11 11
0.046835 0.000141 -0.016018 11 11 11
0.046831 0.000141 -0.016018 10 10 10
0.046828 0.000141 -0.016018 11 11 11
0.046824 0.000141 -0.016018 11 11 11
0.046820 0.000141 -0.016018 10 10 10
0.046816 0.000141 -0.016018 10 10 10
0.046812 0.000141 -0.016018 10 10 10
0.046808 0.000141 -0.016018 10 10 10
0.046804 0.000141 -0.016018 10 10 10
0.046801 0.000141 -0.016018 10 10 10
0.046797 0.000141 -0.016018 11 11 11
0.046793 0.000141 -0.016018 11 11 11
0.046789 0.000141 -0.016018 11 11 11
0.046785 0.000141 -0.016018 10 10 10
0.046781 0.000141 -0.016018 10 10 10
0.046777 0.000141 -0.016018 10 10 10
0.046773 0.000141 -0.016018 10 10 10
0.046770 0.000141 -0.016018 10 10 10
0.046766 0.000141 -0.016018 11 11 11
0.046762 0.000141 -0.016018 11 11 11
0.046758 0.000141 -0.016018 11 11 11
0.046754 0.000141 -0.016018 10 10 10
0.046750 0.000141 -0.016018 11 11 11
0.046746 0.000141 -0.016018 11 11 11
0.046742 0.000141 -0.016018 11 11 11
0.046739 0.000141 -0.016018 11 11 11
0.126176 0.000378 -0.043227 10 10 10
0.149703 0.000448 -0.051289 10 10 10
0.149693 0.000448 -0.051289 10 10 10
0.149683 0.000448 -0.051289 10 10 10
0.149672 0.000448 -0.051289 10 10 10
0.149662 0.000448 -0.051289 10 10 10
0.182593 0.000547 -0.062575 10 10 10
0.182580 0.000547 -0.062575 10 10 10
0.182568 0.000547 -0.062575 11 11 11
0.231958 0.000695 -0.079505 11 11 11
0.182543 0.000547 -0.062575 11 11 11
0.182531 0.000547 -0.062575 11 11 11
0.182518 0.000547 -0.062575 10 10 10
0.182506 0.000547 -0.062575 11 11 11
0.182494 0.000547 -0.062575 11 11 11
0.231865 0.000695 -0.079505 11 11 11
0.231849 0.000695 -0.079505 10 10 10
0.231834 0.000695 -0.079505 10 10 10
0.182444 0.000547 -0.062575 11 11 11
0.149518 0.000448 -0.051289 11 11 11
0.149507 0.000448 -0.051289 11 11 11
0.046654 0.000141 -0.016018 11 11 11
0.046650 0.000141 -0.016018 11 11 11
0.046646 0.000141 -0.016018 11 11 11
0.125964 0.000378 -0.043227 11 11 11
0.125955 0.000378 -0.043227 11 11 11
0.125946 0.000378 -0.043227 11 11 11
0.046630 0.000141 -0.016018 11 11 11
0.046626 0.000141 -0.016018 11 11 11
0.046623 0.000141 -0.016018 10 10 10
0.125910 0.000378 -0.043227 10 10 10
0.182283 0.000547 -0.062575 11 11 11
0.182271 0.000547 -0.062575 10 10 10
0.182259 0.000547 -0.062575 10 10 10
0.182246 0.000547 -0.062575 11 11 11
0.182234 0.000547 -0.062575 11 11 11
0.149342 0.000448 -0.051289 10 10 10
0.149332 0.000448 -0.051289 10 10 10
0.149322 0.000448 -0.051289 11 11 11
0.182184 0.000547 -0.062575 10 10 10
0.182172 0.000547 -0.062575 11 11 11
0.231463 0.000695 -0.079505 11 11 11
0.231447 0.000695 -0.079505 11 11 11
0.182135 0.000547 -0.062575 11 11 11
0.149260 0.000448 -0.051289 11 11 11
0.149250 0.000448 -0.051289 11 11 11
0.182098 0.000547 -0.062575 10 10 10
0.182085 0.000547 -0.062575 11 11 11
0.231354 0.000695 -0.079505 11 11 11
0.313469 0.000941 -0.107722 10 10 10
0.313449 0.000941 -0.107722 11 11 11
0.477669 0.001433 -0.164156 10 10 10
0.477638 0.001433 -0.164156 11 11 11
0.477607 0.001433 -0.164156 11 11 11
0.477576 0.001433 -0.164156 11 11 11
0.313346 0.000941 -0.107722 11 11 11
0.313325 0.000941 -0.107722 11 11 11
0.313304 0.000941 -0.107722 10 10 10
0.231200 0.000695 -0.079505 10 10 10
0.231184 0.000695 -0.079505 10 10 10
0.231169 0.000695 -0.079505 11 11 11
0.231153 0.000695 -0.079505 10 10 10
0.231138 0.000695 -0.079505 10 10 10
0.231122 0.000695 -0.079505 11 11 11
0.231107 0.000695 -0.079505 11 11 11
0.231091 0.000695 -0.079505 11 11 11
0.231076 0.000695 -0.079505 10 10 10
0.231060 0.000695 -0.079505 10 10 10
0.231045 0.000695 -0.079505 11 11 11
0.313057 0.000941 -0.107722 11 11 11
0.313036 0.000941 -0.107722 10 10 10
0.313016 0.000941 -0.107722 11 11 11
0.477019 0.001433 -0.164156 11 11 11
0.476988 0.001433 -0.164156 11 11 11
0.476957 0.001433 -0.164156 11 11 11
0.968905 0.002909 -0.333456 10 10 10
0.968843 0.002909 -0.333456 10 10 10
0.968781 0.002909 -0.333456 10 10 10
0.968657 0.002909 -0.333456 10 10 10
